window_start,window_minutes,variant,direction,fired_at,seconds_after_open,open_price,close_price,outcome,won
2026-08-26T10:00:00+00:00,15,K2,UP,2026-08-26T10:00:02.413199+00:00,3,78444.5,78430.46,DOWN,0
2026-08-26T10:00:00+00:00,15,K7,UP,2026-08-26T10:00:02.413199+00:00,3,78444.5,78430.46,DOWN,0
2026-08-26T10:00:00+00:00,15,K4,UP,2026-08-26T10:00:02.413199+00:00,3,78444.5,78430.46,DOWN,0
2026-08-26T10:05:00+00:00,5,K9,UP,2026-08-26T10:05:01.517694+00:00,2,78312.37,78359.28,UP,1
2026-08-26T10:05:00+00:00,5,K4,UP,2026-08-26T10:05:01.517694+00:00,2,78312.37,78359.28,UP,1
2026-08-26T10:15:00+00:00,15,K2,UP,2026-08-26T10:15:01.584581+00:00,2,78430.46,78624.13,UP,1
2026-08-26T10:50:00+00:00,5,K2,DOWN,2026-08-26T10:50:01.411253+00:00,2,78838.87,78778.1,DOWN,1
2026-08-26T10:50:00+00:00,5,K7,DOWN,2026-08-26T10:50:01.411253+00:00,2,78838.87,78778.1,DOWN,1
2026-08-26T10:50:00+00:00,5,K4,DOWN,2026-08-26T10:50:01.411253+00:00,2,78838.87,78778.1,DOWN,1
2026-08-26T10:55:00+00:00,5,K2,DOWN,2026-08-26T10:55:01.489841+00:00,2,78778.11,78727.45,DOWN,1
2026-08-26T11:40:00+00:00,5,K2,UP,2026-08-26T11:40:01.475272+00:00,2,78386.0,78482.41,UP,1
2026-08-26T11:40:00+00:00,5,K9,UP,2026-08-26T11:40:01.475272+00:00,2,78386.0,78482.41,UP,1
2026-08-26T11:40:00+00:00,5,K4,UP,2026-08-26T11:40:01.475272+00:00,2,78386.0,78482.41,UP,1
2026-08-26T11:50:00+00:00,5,K2,UP,2026-08-26T11:50:01.630515+00:00,2,78384.77,78524.47,UP,1
2026-08-26T11:55:00+00:00,5,K9,DOWN,2026-08-26T11:55:01.628482+00:00,2,78524.47,78487.26,DOWN,1
2026-08-26T11:55:00+00:00,5,K4,DOWN,2026-08-26T11:55:01.628482+00:00,2,78524.47,78487.26,DOWN,1
2026-08-26T12:25:00+00:00,5,K9,DOWN,2026-08-26T12:25:01.428970+00:00,2,78578.16,78713.71,UP,0
2026-08-26T12:25:00+00:00,5,K4,DOWN,2026-08-26T12:25:01.428970+00:00,2,78578.16,78713.71,UP,0
2026-08-26T12:30:00+00:00,5,K9,DOWN,2026-08-26T12:30:01.708710+00:00,2,78713.7,78400.0,DOWN,1
2026-08-26T12:30:00+00:00,5,K4,DOWN,2026-08-26T12:30:01.708710+00:00,2,78713.7,78400.0,DOWN,1
2026-08-26T12:30:00+00:00,15,K9,DOWN,2026-08-26T12:30:01.708710+00:00,2,78713.7,78265.99,DOWN,1
2026-08-26T12:30:00+00:00,15,K4,DOWN,2026-08-26T12:30:01.708710+00:00,2,78713.7,78265.99,DOWN,1
2026-08-26T12:35:00+00:00,5,K9,UP,2026-08-26T12:35:01.460142+00:00,2,78400.01,78240.0,DOWN,0
2026-08-26T12:35:00+00:00,5,K4,UP,2026-08-26T12:35:01.460142+00:00,2,78400.01,78240.0,DOWN,0
2026-08-26T12:40:00+00:00,5,K2,UP,2026-08-26T12:40:01.547513+00:00,2,78240.0,78265.99,UP,1
2026-08-26T12:40:00+00:00,5,K7,UP,2026-08-26T12:40:01.547513+00:00,2,78240.0,78265.99,UP,1
2026-08-26T12:40:00+00:00,5,K1,UP,2026-08-26T12:40:01.547513+00:00,2,78240.0,78265.99,UP,1
2026-08-26T12:40:00+00:00,5,K9,UP,2026-08-26T12:40:01.547513+00:00,2,78240.0,78265.99,UP,1
2026-08-26T12:40:00+00:00,5,K4,UP,2026-08-26T12:40:01.547513+00:00,2,78240.0,78265.99,UP,1
2026-08-26T12:40:00+00:00,5,K3,UP,2026-08-26T12:40:01.547513+00:00,2,78240.0,78265.99,UP,1
2026-08-26T12:45:00+00:00,5,K2,UP,2026-08-26T12:45:01.516394+00:00,2,78265.99,78311.31,UP,1
2026-08-26T12:45:00+00:00,15,K2,UP,2026-08-26T12:45:01.516394+00:00,2,78265.99,78319.59,UP,1
2026-08-26T12:45:00+00:00,15,K9,UP,2026-08-26T12:45:01.516394+00:00,2,78265.99,78319.59,UP,1
2026-08-26T12:45:00+00:00,15,K4,UP,2026-08-26T12:45:01.516394+00:00,2,78265.99,78319.59,UP,1
2026-08-26T13:10:00+00:00,5,K2,UP,2026-08-26T13:10:02.186425+00:00,3,78113.74,78120.67,UP,1
2026-08-26T13:10:00+00:00,5,K7,UP,2026-08-26T13:10:02.186425+00:00,3,78113.74,78120.67,UP,1
2026-08-26T13:10:00+00:00,5,K1,UP,2026-08-26T13:10:02.186425+00:00,3,78113.74,78120.67,UP,1
2026-08-26T13:10:00+00:00,5,K9,UP,2026-08-26T13:10:02.186425+00:00,3,78113.74,78120.67,UP,1
2026-08-26T13:10:00+00:00,5,K4,UP,2026-08-26T13:10:02.186425+00:00,3,78113.74,78120.67,UP,1
2026-08-26T13:10:00+00:00,5,K3,UP,2026-08-26T13:10:02.186425+00:00,3,78113.74,78120.67,UP,1
2026-08-26T13:15:00+00:00,5,K2,UP,2026-08-26T13:15:01.595448+00:00,2,78120.68,78147.55,UP,1
2026-08-26T13:15:00+00:00,15,K2,UP,2026-08-26T13:15:01.595448+00:00,2,78120.68,78052.01,DOWN,0
2026-08-26T13:25:00+00:00,5,K2,UP,2026-08-26T13:25:01.477072+00:00,2,78020.0,78052.01,UP,1
2026-08-26T13:25:00+00:00,5,K9,UP,2026-08-26T13:25:01.477072+00:00,2,78020.0,78052.01,UP,1
2026-08-26T13:25:00+00:00,5,K4,UP,2026-08-26T13:25:01.477072+00:00,2,78020.0,78052.01,UP,1
2026-08-26T13:30:00+00:00,5,K2,UP,2026-08-26T13:30:01.501455+00:00,2,78052.01,78336.01,UP,1
2026-08-26T13:30:00+00:00,15,K2,UP,2026-08-26T13:30:01.501455+00:00,2,78052.01,78492.0,UP,1
2026-08-26T13:35:00+00:00,5,K9,DOWN,2026-08-26T13:35:01.451990+00:00,2,78336.0,78355.83,UP,0
2026-08-26T13:35:00+00:00,5,K4,DOWN,2026-08-26T13:35:01.451990+00:00,2,78336.0,78355.83,UP,0
2026-08-26T13:45:00+00:00,5,K9,DOWN,2026-08-26T13:45:01.688392+00:00,2,78491.99,78380.86,DOWN,1
2026-08-26T13:45:00+00:00,5,K4,DOWN,2026-08-26T13:45:01.688392+00:00,2,78491.99,78380.86,DOWN,1
2026-08-26T13:45:00+00:00,15,K9,DOWN,2026-08-26T13:45:01.688392+00:00,2,78491.99,78448.66,DOWN,1
2026-08-26T13:45:00+00:00,15,K4,DOWN,2026-08-26T13:45:01.688392+00:00,2,78491.99,78448.66,DOWN,1
2026-08-26T13:55:00+00:00,5,K9,UP,2026-08-26T13:55:01.464957+00:00,2,78221.99,78448.66,UP,1
2026-08-26T13:55:00+00:00,5,K4,UP,2026-08-26T13:55:01.464957+00:00,2,78221.99,78448.66,UP,1
2026-08-26T14:00:00+00:00,5,K9,DOWN,2026-08-26T14:00:02.397406+00:00,3,78448.66,78536.0,UP,0
2026-08-26T14:00:00+00:00,5,K4,DOWN,2026-08-26T14:00:02.397406+00:00,3,78448.66,78536.0,UP,0
2026-08-26T14:10:00+00:00,5,K2,DOWN,2026-08-26T14:10:01.496926+00:00,2,78551.2,78456.0,DOWN,1
2026-08-26T14:30:00+00:00,5,K9,UP,2026-08-26T14:30:01.554363+00:00,2,78247.98,78176.01,DOWN,0
2026-08-26T14:30:00+00:00,5,K4,UP,2026-08-26T14:30:01.554363+00:00,2,78247.98,78176.01,DOWN,0
2026-08-26T14:30:00+00:00,15,K9,UP,2026-08-26T14:30:01.554363+00:00,2,78247.98,77979.87,DOWN,0
2026-08-26T14:30:00+00:00,15,K4,UP,2026-08-26T14:30:01.554363+00:00,2,78247.98,77979.87,DOWN,0
2026-08-26T14:45:00+00:00,5,K2,UP,2026-08-26T14:45:01.520180+00:00,2,77979.86,77982.91,UP,1
2026-08-26T14:45:00+00:00,5,K9,UP,2026-08-26T14:45:01.520180+00:00,2,77979.86,77982.91,UP,1
2026-08-26T14:45:00+00:00,5,K4,UP,2026-08-26T14:45:01.520180+00:00,2,77979.86,77982.91,UP,1
2026-08-26T14:45:00+00:00,15,K2,UP,2026-08-26T14:45:01.520180+00:00,2,77979.86,77790.48,DOWN,0
2026-08-26T14:45:00+00:00,15,K7,UP,2026-08-26T14:45:01.520180+00:00,2,77979.86,77790.48,DOWN,0
2026-08-26T14:45:00+00:00,15,K1,UP,2026-08-26T14:45:01.520180+00:00,2,77979.86,77790.48,DOWN,0
2026-08-26T14:45:00+00:00,15,K9,UP,2026-08-26T14:45:01.520180+00:00,2,77979.86,77790.48,DOWN,0
2026-08-26T14:45:00+00:00,15,K4,UP,2026-08-26T14:45:01.520180+00:00,2,77979.86,77790.48,DOWN,0
2026-08-26T14:45:00+00:00,15,K3,UP,2026-08-26T14:45:01.520180+00:00,2,77979.86,77790.48,DOWN,0
2026-08-26T14:50:00+00:00,5,K2,UP,2026-08-26T14:50:01.499094+00:00,2,77982.92,77795.33,DOWN,0
2026-08-26T14:55:00+00:00,5,K2,UP,2026-08-26T14:55:01.459494+00:00,2,77795.34,77790.48,DOWN,0
2026-08-26T14:55:00+00:00,5,K7,UP,2026-08-26T14:55:01.459494+00:00,2,77795.34,77790.48,DOWN,0
2026-08-26T14:55:00+00:00,5,K1,UP,2026-08-26T14:55:01.459494+00:00,2,77795.34,77790.48,DOWN,0
2026-08-26T14:55:00+00:00,5,K9,UP,2026-08-26T14:55:01.459494+00:00,2,77795.34,77790.48,DOWN,0
2026-08-26T14:55:00+00:00,5,K4,UP,2026-08-26T14:55:01.459494+00:00,2,77795.34,77790.48,DOWN,0
2026-08-26T14:55:00+00:00,5,K3,UP,2026-08-26T14:55:01.459494+00:00,2,77795.34,77790.48,DOWN,0
2026-08-26T15:00:00+00:00,5,K2,UP,2026-08-26T15:00:01.760579+00:00,2,77790.48,77651.07,DOWN,0
2026-08-26T15:00:00+00:00,15,K2,UP,2026-08-26T15:00:01.760579+00:00,2,77790.48,77836.99,UP,1
2026-08-26T15:00:00+00:00,15,K7,UP,2026-08-26T15:00:01.760579+00:00,2,77790.48,77836.99,UP,1
2026-08-26T15:00:00+00:00,15,K4,UP,2026-08-26T15:00:01.760579+00:00,2,77790.48,77836.99,UP,1
2026-08-26T15:05:00+00:00,5,K2,UP,2026-08-26T15:05:01.472353+00:00,2,77651.08,77927.4,UP,1
2026-08-26T15:05:00+00:00,5,K7,UP,2026-08-26T15:05:01.472353+00:00,2,77651.08,77927.4,UP,1
2026-08-26T15:05:00+00:00,5,K1,UP,2026-08-26T15:05:01.472353+00:00,2,77651.08,77927.4,UP,1
2026-08-26T15:05:00+00:00,5,K6,UP,2026-08-26T15:05:01.472353+00:00,2,77651.08,77927.4,UP,1
2026-08-26T15:05:00+00:00,5,K9,UP,2026-08-26T15:05:01.472353+00:00,2,77651.08,77927.4,UP,1
2026-08-26T15:05:00+00:00,5,K4,UP,2026-08-26T15:05:01.472353+00:00,2,77651.08,77927.4,UP,1
2026-08-26T15:05:00+00:00,5,K3,UP,2026-08-26T15:05:01.472353+00:00,2,77651.08,77927.4,UP,1
2026-08-26T15:10:00+00:00,5,K9,DOWN,2026-08-26T15:10:01.848147+00:00,2,77927.41,77836.99,DOWN,1
2026-08-26T15:10:00+00:00,5,K4,DOWN,2026-08-26T15:10:01.848147+00:00,2,77927.41,77836.99,DOWN,1
2026-08-26T15:15:00+00:00,15,K2,UP,2026-08-26T15:15:01.665469+00:00,2,77836.99,78159.64,UP,1
2026-08-26T15:25:00+00:00,5,K9,DOWN,2026-08-26T15:25:01.479199+00:00,2,77935.35,78159.64,UP,0
2026-08-26T15:25:00+00:00,5,K4,DOWN,2026-08-26T15:25:01.479199+00:00,2,77935.35,78159.64,UP,0
2026-08-26T15:30:00+00:00,5,K9,DOWN,2026-08-26T15:30:01.530815+00:00,2,78159.65,77948.72,DOWN,1
2026-08-26T15:30:00+00:00,5,K4,DOWN,2026-08-26T15:30:01.530815+00:00,2,78159.65,77948.72,DOWN,1
2026-08-26T15:30:00+00:00,15,K9,DOWN,2026-08-26T15:30:01.530815+00:00,2,78159.65,78035.7,DOWN,1
2026-08-26T15:30:00+00:00,15,K4,DOWN,2026-08-26T15:30:01.530815+00:00,2,78159.65,78035.7,DOWN,1
2026-08-26T15:35:00+00:00,5,K9,UP,2026-08-26T15:35:01.453530+00:00,2,77948.72,78003.69,UP,1
2026-08-26T15:35:00+00:00,5,K4,UP,2026-08-26T15:35:01.453530+00:00,2,77948.72,78003.69,UP,1
2026-08-26T16:40:00+00:00,5,K9,UP,2026-08-26T16:40:01.456375+00:00,2,77969.22,77873.99,DOWN,0
2026-08-26T16:40:00+00:00,5,K4,UP,2026-08-26T16:40:01.456375+00:00,2,77969.22,77873.99,DOWN,0
2026-08-26T16:50:00+00:00,5,K9,DOWN,2026-08-26T16:50:01.648779+00:00,2,78087.01,78023.98,DOWN,1
2026-08-26T16:50:00+00:00,5,K4,DOWN,2026-08-26T16:50:01.648779+00:00,2,78087.01,78023.98,DOWN,1
2026-08-26T17:20:00+00:00,5,K2,DOWN,2026-08-26T17:20:01.483577+00:00,2,78246.26,78345.79,UP,0
2026-08-26T17:20:00+00:00,5,K7,DOWN,2026-08-26T17:20:01.483577+00:00,2,78246.26,78345.79,UP,0
2026-08-26T17:20:00+00:00,5,K4,DOWN,2026-08-26T17:20:01.483577+00:00,2,78246.26,78345.79,UP,0
2026-08-26T17:25:00+00:00,5,K2,DOWN,2026-08-26T17:25:01.491478+00:00,2,78345.78,78512.05,UP,0
2026-08-26T17:25:00+00:00,5,K7,DOWN,2026-08-26T17:25:01.491478+00:00,2,78345.78,78512.05,UP,0
2026-08-26T17:25:00+00:00,5,K4,DOWN,2026-08-26T17:25:01.491478+00:00,2,78345.78,78512.05,UP,0
2026-08-26T17:30:00+00:00,5,K2,DOWN,2026-08-26T17:30:01.546663+00:00,2,78512.05,78578.0,UP,0
2026-08-26T17:30:00+00:00,5,K7,DOWN,2026-08-26T17:30:01.546663+00:00,2,78512.05,78578.0,UP,0
2026-08-26T17:30:00+00:00,5,K1,DOWN,2026-08-26T17:30:01.546663+00:00,2,78512.05,78578.0,UP,0
2026-08-26T17:30:00+00:00,5,K9,DOWN,2026-08-26T17:30:01.546663+00:00,2,78512.05,78578.0,UP,0
2026-08-26T17:30:00+00:00,5,K4,DOWN,2026-08-26T17:30:01.546663+00:00,2,78512.05,78578.0,UP,0
2026-08-26T17:30:00+00:00,5,K3,DOWN,2026-08-26T17:30:01.546663+00:00,2,78512.05,78578.0,UP,0
2026-08-26T17:30:00+00:00,15,K2,DOWN,2026-08-26T17:30:01.546663+00:00,2,78512.05,78514.76,UP,0
2026-08-26T17:30:00+00:00,15,K9,DOWN,2026-08-26T17:30:01.546663+00:00,2,78512.05,78514.76,UP,0
2026-08-26T17:30:00+00:00,15,K4,DOWN,2026-08-26T17:30:01.546663+00:00,2,78512.05,78514.76,UP,0
2026-08-26T17:35:00+00:00,5,K2,DOWN,2026-08-26T17:35:01.450804+00:00,2,78578.0,78536.96,DOWN,1
2026-08-26T17:35:00+00:00,5,K7,DOWN,2026-08-26T17:35:01.450804+00:00,2,78578.0,78536.96,DOWN,1
2026-08-26T17:35:00+00:00,5,K4,DOWN,2026-08-26T17:35:01.450804+00:00,2,78578.0,78536.96,DOWN,1
2026-08-26T17:40:00+00:00,5,K2,DOWN,2026-08-26T17:40:01.471658+00:00,2,78536.96,78514.76,DOWN,1
2026-08-26T17:45:00+00:00,5,K2,DOWN,2026-08-26T17:45:01.522218+00:00,2,78514.77,78405.53,DOWN,1
2026-08-26T17:45:00+00:00,15,K2,DOWN,2026-08-26T17:45:01.522218+00:00,2,78514.77,78442.83,DOWN,1
2026-08-26T19:25:00+00:00,5,K2,UP,2026-08-26T19:25:01.486804+00:00,2,78342.0,78531.97,UP,1
2026-08-26T19:30:00+00:00,5,K9,DOWN,2026-08-26T19:30:01.684397+00:00,2,78531.97,78489.99,DOWN,1
2026-08-26T19:30:00+00:00,5,K4,DOWN,2026-08-26T19:30:01.684397+00:00,2,78531.97,78489.99,DOWN,1
2026-08-26T20:25:00+00:00,5,K2,UP,2026-08-26T20:25:01.477725+00:00,2,78328.0,78396.6,UP,1
2026-08-26T20:25:00+00:00,5,K7,UP,2026-08-26T20:25:01.477725+00:00,2,78328.0,78396.6,UP,1
2026-08-26T20:25:00+00:00,5,K4,UP,2026-08-26T20:25:01.477725+00:00,2,78328.0,78396.6,UP,1
2026-08-26T21:10:00+00:00,5,K2,DOWN,2026-08-26T21:10:01.487628+00:00,2,78614.41,78794.28,UP,0
2026-08-26T21:10:00+00:00,5,K7,DOWN,2026-08-26T21:10:01.487628+00:00,2,78614.41,78794.28,UP,0
2026-08-26T21:10:00+00:00,5,K1,DOWN,2026-08-26T21:10:01.487628+00:00,2,78614.41,78794.28,UP,0
2026-08-26T21:10:00+00:00,5,K9,DOWN,2026-08-26T21:10:01.487628+00:00,2,78614.41,78794.28,UP,0
2026-08-26T21:10:00+00:00,5,K4,DOWN,2026-08-26T21:10:01.487628+00:00,2,78614.41,78794.28,UP,0
2026-08-26T21:10:00+00:00,5,K3,DOWN,2026-08-26T21:10:01.487628+00:00,2,78614.41,78794.28,UP,0
2026-08-26T21:15:00+00:00,5,K2,DOWN,2026-08-26T21:15:01.575249+00:00,2,78794.28,78763.15,DOWN,1
2026-08-26T21:15:00+00:00,5,K7,DOWN,2026-08-26T21:15:01.575249+00:00,2,78794.28,78763.15,DOWN,1
2026-08-26T21:15:00+00:00,5,K1,DOWN,2026-08-26T21:15:01.575249+00:00,2,78794.28,78763.15,DOWN,1
2026-08-26T21:15:00+00:00,5,K6,DOWN,2026-08-26T21:15:01.575249+00:00,2,78794.28,78763.15,DOWN,1
2026-08-26T21:15:00+00:00,5,K9,DOWN,2026-08-26T21:15:01.575249+00:00,2,78794.28,78763.15,DOWN,1
2026-08-26T21:15:00+00:00,5,K4,DOWN,2026-08-26T21:15:01.575249+00:00,2,78794.28,78763.15,DOWN,1
2026-08-26T21:15:00+00:00,5,K3,DOWN,2026-08-26T21:15:01.575249+00:00,2,78794.28,78763.15,DOWN,1
2026-08-26T21:15:00+00:00,15,K2,DOWN,2026-08-26T21:15:01.575249+00:00,2,78794.28,78750.0,DOWN,1
2026-08-26T21:15:00+00:00,15,K9,DOWN,2026-08-26T21:15:01.575249+00:00,2,78794.28,78750.0,DOWN,1
2026-08-26T21:15:00+00:00,15,K4,DOWN,2026-08-26T21:15:01.575249+00:00,2,78794.28,78750.0,DOWN,1
2026-08-26T21:20:00+00:00,5,K2,DOWN,2026-08-26T21:20:01.481008+00:00,2,78763.15,78786.54,UP,0
2026-08-26T21:20:00+00:00,5,K7,DOWN,2026-08-26T21:20:01.481008+00:00,2,78763.15,78786.54,UP,0
2026-08-26T21:20:00+00:00,5,K4,DOWN,2026-08-26T21:20:01.481008+00:00,2,78763.15,78786.54,UP,0
2026-08-26T21:25:00+00:00,5,K2,DOWN,2026-08-26T21:25:01.463363+00:00,2,78786.53,78750.0,DOWN,1
2026-08-26T21:25:00+00:00,5,K7,DOWN,2026-08-26T21:25:01.463363+00:00,2,78786.53,78750.0,DOWN,1
2026-08-26T21:25:00+00:00,5,K4,DOWN,2026-08-26T21:25:01.463363+00:00,2,78786.53,78750.0,DOWN,1
2026-08-26T21:30:00+00:00,5,K2,DOWN,2026-08-26T21:30:01.586663+00:00,2,78750.01,78748.07,DOWN,1
2026-08-26T21:30:00+00:00,15,K2,DOWN,2026-08-26T21:30:01.586663+00:00,2,78750.01,78714.99,DOWN,1
2026-08-26T22:05:00+00:00,5,K9,DOWN,2026-08-26T22:05:01.509873+00:00,2,78865.99,78798.01,DOWN,1
2026-08-26T22:05:00+00:00,5,K4,DOWN,2026-08-26T22:05:01.509873+00:00,2,78865.99,78798.01,DOWN,1
2026-08-26T22:15:00+00:00,15,K2,DOWN,2026-08-26T22:15:01.718163+00:00,2,78782.97,78821.05,UP,0
2026-08-26T22:30:00+00:00,15,K2,DOWN,2026-08-26T22:30:01.727841+00:00,2,78821.04,78687.67,DOWN,1
2026-08-26T22:40:00+00:00,5,K9,UP,2026-08-26T22:40:01.486366+00:00,2,78592.15,78687.67,UP,1
2026-08-26T22:40:00+00:00,5,K4,UP,2026-08-26T22:40:01.486366+00:00,2,78592.15,78687.67,UP,1
2026-08-26T22:50:00+00:00,5,K2,UP,2026-08-26T22:50:01.654568+00:00,2,78606.17,78589.12,DOWN,0
2026-08-26T22:50:00+00:00,5,K7,UP,2026-08-26T22:50:01.654568+00:00,2,78606.17,78589.12,DOWN,0
2026-08-26T22:50:00+00:00,5,K4,UP,2026-08-26T22:50:01.654568+00:00,2,78606.17,78589.12,DOWN,0
2026-08-26T22:55:00+00:00,5,K2,UP,2026-08-26T22:55:01.455570+00:00,2,78589.13,78700.0,UP,1
2026-08-26T23:30:00+00:00,5,K9,DOWN,2026-08-26T23:30:01.510248+00:00,2,78865.35,78888.74,UP,0
2026-08-26T23:30:00+00:00,5,K4,DOWN,2026-08-26T23:30:01.510248+00:00,2,78865.35,78888.74,UP,0
2026-08-26T23:30:00+00:00,15,K2,DOWN,2026-08-26T23:30:01.510248+00:00,2,78865.35,79049.99,UP,0
2026-08-26T23:35:00+00:00,5,K2,DOWN,2026-08-26T23:35:01.473189+00:00,2,78888.73,78957.98,UP,0
2026-08-26T23:40:00+00:00,5,K2,DOWN,2026-08-26T23:40:01.472294+00:00,2,78957.97,79049.99,UP,0
2026-08-26T23:45:00+00:00,5,K2,DOWN,2026-08-26T23:45:01.510012+00:00,2,79050.0,79066.0,UP,0
2026-08-26T23:45:00+00:00,5,K7,DOWN,2026-08-26T23:45:01.510012+00:00,2,79050.0,79066.0,UP,0
2026-08-26T23:45:00+00:00,5,K4,DOWN,2026-08-26T23:45:01.510012+00:00,2,79050.0,79066.0,UP,0
2026-08-26T23:45:00+00:00,15,K2,DOWN,2026-08-26T23:45:01.510012+00:00,2,79050.0,79023.75,DOWN,1
2026-08-26T23:45:00+00:00,15,K7,DOWN,2026-08-26T23:45:01.510012+00:00,2,79050.0,79023.75,DOWN,1
2026-08-26T23:45:00+00:00,15,K4,DOWN,2026-08-26T23:45:01.510012+00:00,2,79050.0,79023.75,DOWN,1
2026-08-26T23:50:00+00:00,5,K2,DOWN,2026-08-26T23:50:01.640356+00:00,2,79066.0,79073.99,UP,0
2026-08-26T23:50:00+00:00,5,K7,DOWN,2026-08-26T23:50:01.640356+00:00,2,79066.0,79073.99,UP,0
2026-08-26T23:50:00+00:00,5,K4,DOWN,2026-08-26T23:50:01.640356+00:00,2,79066.0,79073.99,UP,0
2026-08-26T23:55:00+00:00,5,K2,DOWN,2026-08-26T23:55:01.462608+00:00,2,79073.99,79023.75,DOWN,1
2026-08-27T00:00:00+00:00,15,K2,DOWN,2026-08-27T00:00:02.952458+00:00,3,79023.75,78837.5,DOWN,1
2026-08-27T00:05:00+00:00,5,K9,UP,2026-08-27T00:05:01.531917+00:00,2,78856.54,78968.0,UP,1
2026-08-27T00:05:00+00:00,5,K4,UP,2026-08-27T00:05:01.531917+00:00,2,78856.54,78968.0,UP,1
2026-08-27T00:15:00+00:00,5,K9,UP,2026-08-27T00:15:01.587918+00:00,2,78837.5,78932.43,UP,1
2026-08-27T00:15:00+00:00,5,K4,UP,2026-08-27T00:15:01.587918+00:00,2,78837.5,78932.43,UP,1
2026-08-27T00:55:00+00:00,5,K2,UP,2026-08-27T00:55:01.440391+00:00,2,78722.0,78690.01,DOWN,0
2026-08-27T01:00:00+00:00,5,K2,UP,2026-08-27T01:00:01.730502+00:00,2,78690.02,78750.02,UP,1
2026-08-27T01:00:00+00:00,15,K9,UP,2026-08-27T01:00:01.730502+00:00,2,78690.02,78667.63,DOWN,0
2026-08-27T01:00:00+00:00,15,K4,UP,2026-08-27T01:00:01.730502+00:00,2,78690.02,78667.63,DOWN,0
2026-08-27T01:15:00+00:00,5,K2,UP,2026-08-27T01:15:01.584414+00:00,2,78667.63,78671.35,UP,1
2026-08-27T01:30:00+00:00,5,K9,DOWN,2026-08-27T01:30:01.546374+00:00,2,78936.04,78873.79,DOWN,1
2026-08-27T01:30:00+00:00,5,K4,DOWN,2026-08-27T01:30:01.546374+00:00,2,78936.04,78873.79,DOWN,1
2026-08-27T01:30:00+00:00,15,K9,DOWN,2026-08-27T01:30:01.546374+00:00,2,78936.04,78717.98,DOWN,1
2026-08-27T01:30:00+00:00,15,K4,DOWN,2026-08-27T01:30:01.546374+00:00,2,78936.04,78717.98,DOWN,1
2026-08-27T01:45:00+00:00,5,K9,UP,2026-08-27T01:45:01.620613+00:00,2,78717.97,78958.0,UP,1
2026-08-27T01:45:00+00:00,5,K4,UP,2026-08-27T01:45:01.620613+00:00,2,78717.97,78958.0,UP,1
2026-08-27T01:45:00+00:00,15,K9,UP,2026-08-27T01:45:01.620613+00:00,2,78717.97,78898.67,UP,1
2026-08-27T01:45:00+00:00,15,K4,UP,2026-08-27T01:45:01.620613+00:00,2,78717.97,78898.67,UP,1
2026-08-27T01:50:00+00:00,5,K2,DOWN,2026-08-27T01:50:01.462752+00:00,2,78957.99,78933.18,DOWN,1
2026-08-27T01:50:00+00:00,5,K9,DOWN,2026-08-27T01:50:01.462752+00:00,2,78957.99,78933.18,DOWN,1
2026-08-27T01:50:00+00:00,5,K4,DOWN,2026-08-27T01:50:01.462752+00:00,2,78957.99,78933.18,DOWN,1
2026-08-27T03:25:00+00:00,5,K9,DOWN,2026-08-27T03:25:01.485145+00:00,2,78950.0,78896.01,DOWN,1
2026-08-27T03:25:00+00:00,5,K4,DOWN,2026-08-27T03:25:01.485145+00:00,2,78950.0,78896.01,DOWN,1
2026-08-27T03:30:00+00:00,15,K9,DOWN,2026-08-27T03:30:01.686690+00:00,2,78896.0,78876.5,DOWN,1
2026-08-27T03:30:00+00:00,15,K4,DOWN,2026-08-27T03:30:01.686690+00:00,2,78896.0,78876.5,DOWN,1
2026-08-27T05:05:00+00:00,5,K2,UP,2026-08-27T05:05:01.495374+00:00,2,78681.96,78715.12,UP,1
2026-08-27T05:05:00+00:00,5,K7,UP,2026-08-27T05:05:01.495374+00:00,2,78681.96,78715.12,UP,1
2026-08-27T05:05:00+00:00,5,K4,UP,2026-08-27T05:05:01.495374+00:00,2,78681.96,78715.12,UP,1
2026-08-27T05:15:00+00:00,5,K2,UP,2026-08-27T05:15:01.582869+00:00,2,78650.01,78650.01,DOWN,0
2026-08-27T05:15:00+00:00,5,K7,UP,2026-08-27T05:15:01.582869+00:00,2,78650.01,78650.01,DOWN,0
2026-08-27T05:15:00+00:00,5,K4,UP,2026-08-27T05:15:01.582869+00:00,2,78650.01,78650.01,DOWN,0
2026-08-27T05:15:00+00:00,15,K2,UP,2026-08-27T05:15:01.582869+00:00,2,78650.01,78662.52,UP,1
2026-08-27T05:20:00+00:00,5,K2,UP,2026-08-27T05:20:01.495454+00:00,2,78650.0,78737.75,UP,1
2026-08-27T05:35:00+00:00,5,K2,UP,2026-08-27T05:35:01.472962+00:00,2,78633.72,78693.1,UP,1
2026-08-27T06:00:00+00:00,5,K2,DOWN,2026-08-27T06:00:02.512999+00:00,3,78912.54,78800.63,DOWN,1
2026-08-27T06:00:00+00:00,5,K7,DOWN,2026-08-27T06:00:02.512999+00:00,3,78912.54,78800.63,DOWN,1
2026-08-27T06:00:00+00:00,5,K4,DOWN,2026-08-27T06:00:02.512999+00:00,3,78912.54,78800.63,DOWN,1
2026-08-27T06:15:00+00:00,5,K9,UP,2026-08-27T06:15:01.584409+00:00,2,78677.77,78722.82,UP,1
2026-08-27T06:15:00+00:00,5,K4,UP,2026-08-27T06:15:01.584409+00:00,2,78677.77,78722.82,UP,1
2026-08-27T06:15:00+00:00,15,K9,UP,2026-08-27T06:15:01.584409+00:00,2,78677.77,78651.85,DOWN,0
2026-08-27T06:15:00+00:00,15,K4,UP,2026-08-27T06:15:01.584409+00:00,2,78677.77,78651.85,DOWN,0
2026-08-27T07:40:00+00:00,5,K2,DOWN,2026-08-27T07:40:01.450409+00:00,2,78874.88,78838.0,DOWN,1
2026-08-27T07:55:00+00:00,5,K2,DOWN,2026-08-27T07:55:01.469127+00:00,2,79032.07,79082.17,UP,0
2026-08-27T07:55:00+00:00,5,K7,DOWN,2026-08-27T07:55:01.469127+00:00,2,79032.07,79082.17,UP,0
2026-08-27T07:55:00+00:00,5,K1,DOWN,2026-08-27T07:55:01.469127+00:00,2,79032.07,79082.17,UP,0
2026-08-27T07:55:00+00:00,5,K9,DOWN,2026-08-27T07:55:01.469127+00:00,2,79032.07,79082.17,UP,0
2026-08-27T07:55:00+00:00,5,K4,DOWN,2026-08-27T07:55:01.469127+00:00,2,79032.07,79082.17,UP,0
2026-08-27T07:55:00+00:00,5,K3,DOWN,2026-08-27T07:55:01.469127+00:00,2,79032.07,79082.17,UP,0
2026-08-27T08:00:00+00:00,5,K2,DOWN,2026-08-27T08:00:02.355048+00:00,3,79082.18,79439.74,UP,0
2026-08-27T08:00:00+00:00,5,K7,DOWN,2026-08-27T08:00:02.355048+00:00,3,79082.18,79439.74,UP,0
2026-08-27T08:00:00+00:00,5,K1,DOWN,2026-08-27T08:00:02.355048+00:00,3,79082.18,79439.74,UP,0
2026-08-27T08:00:00+00:00,5,K4,DOWN,2026-08-27T08:00:02.355048+00:00,3,79082.18,79439.74,UP,0
2026-08-27T08:00:00+00:00,15,K2,DOWN,2026-08-27T08:00:02.355048+00:00,3,79082.18,79635.93,UP,0
2026-08-27T08:00:00+00:00,15,K7,DOWN,2026-08-27T08:00:02.355048+00:00,3,79082.18,79635.93,UP,0
2026-08-27T08:00:00+00:00,15,K1,DOWN,2026-08-27T08:00:02.355048+00:00,3,79082.18,79635.93,UP,0
2026-08-27T08:00:00+00:00,15,K9,DOWN,2026-08-27T08:00:02.355048+00:00,3,79082.18,79635.93,UP,0
2026-08-27T08:00:00+00:00,15,K4,DOWN,2026-08-27T08:00:02.355048+00:00,3,79082.18,79635.93,UP,0
2026-08-27T08:00:00+00:00,15,K3,DOWN,2026-08-27T08:00:02.355048+00:00,3,79082.18,79635.93,UP,0
2026-08-27T08:05:00+00:00,5,K2,DOWN,2026-08-27T08:05:01.586878+00:00,2,79439.73,79753.44,UP,0
2026-08-27T08:05:00+00:00,5,K7,DOWN,2026-08-27T08:05:01.586878+00:00,2,79439.73,79753.44,UP,0
2026-08-27T08:05:00+00:00,5,K1,DOWN,2026-08-27T08:05:01.586878+00:00,2,79439.73,79753.44,UP,0
2026-08-27T08:05:00+00:00,5,K6,DOWN,2026-08-27T08:05:01.586878+00:00,2,79439.73,79753.44,UP,0
2026-08-27T08:05:00+00:00,5,K9,DOWN,2026-08-27T08:05:01.586878+00:00,2,79439.73,79753.44,UP,0
2026-08-27T08:05:00+00:00,5,K4,DOWN,2026-08-27T08:05:01.586878+00:00,2,79439.73,79753.44,UP,0
2026-08-27T08:05:00+00:00,5,K3,DOWN,2026-08-27T08:05:01.586878+00:00,2,79439.73,79753.44,UP,0
2026-08-27T08:10:00+00:00,5,K2,DOWN,2026-08-27T08:10:01.591830+00:00,2,79753.44,79635.93,DOWN,1
2026-08-27T08:10:00+00:00,5,K7,DOWN,2026-08-27T08:10:01.591830+00:00,2,79753.44,79635.93,DOWN,1
2026-08-27T08:10:00+00:00,5,K1,DOWN,2026-08-27T08:10:01.591830+00:00,2,79753.44,79635.93,DOWN,1
2026-08-27T08:10:00+00:00,5,K6,DOWN,2026-08-27T08:10:01.591830+00:00,2,79753.44,79635.93,DOWN,1
2026-08-27T08:10:00+00:00,5,K9,DOWN,2026-08-27T08:10:01.591830+00:00,2,79753.44,79635.93,DOWN,1
2026-08-27T08:10:00+00:00,5,K4,DOWN,2026-08-27T08:10:01.591830+00:00,2,79753.44,79635.93,DOWN,1
2026-08-27T08:10:00+00:00,5,K3,DOWN,2026-08-27T08:10:01.591830+00:00,2,79753.44,79635.93,DOWN,1
2026-08-27T08:15:00+00:00,5,K2,DOWN,2026-08-27T08:15:01.563634+00:00,2,79635.94,79513.18,DOWN,1
2026-08-27T08:15:00+00:00,5,K7,DOWN,2026-08-27T08:15:01.563634+00:00,2,79635.94,79513.18,DOWN,1
2026-08-27T08:15:00+00:00,5,K1,DOWN,2026-08-27T08:15:01.563634+00:00,2,79635.94,79513.18,DOWN,1
2026-08-27T08:15:00+00:00,5,K4,DOWN,2026-08-27T08:15:01.563634+00:00,2,79635.94,79513.18,DOWN,1
2026-08-27T08:15:00+00:00,15,K2,DOWN,2026-08-27T08:15:01.563634+00:00,2,79635.94,79749.99,UP,0
2026-08-27T08:15:00+00:00,15,K7,DOWN,2026-08-27T08:15:01.563634+00:00,2,79635.94,79749.99,UP,0
2026-08-27T08:15:00+00:00,15,K1,DOWN,2026-08-27T08:15:01.563634+00:00,2,79635.94,79749.99,UP,0
2026-08-27T08:15:00+00:00,15,K6,DOWN,2026-08-27T08:15:01.563634+00:00,2,79635.94,79749.99,UP,0
2026-08-27T08:15:00+00:00,15,K9,DOWN,2026-08-27T08:15:01.563634+00:00,2,79635.94,79749.99,UP,0
2026-08-27T08:15:00+00:00,15,K4,DOWN,2026-08-27T08:15:01.563634+00:00,2,79635.94,79749.99,UP,0
2026-08-27T08:15:00+00:00,15,K3,DOWN,2026-08-27T08:15:01.563634+00:00,2,79635.94,79749.99,UP,0
2026-08-27T08:20:00+00:00,5,K2,DOWN,2026-08-27T08:20:01.482326+00:00,2,79513.18,79583.99,UP,0
2026-08-27T08:20:00+00:00,5,K9,UP,2026-08-27T08:20:01.482326+00:00,2,79513.18,79583.99,UP,1
2026-08-27T08:20:00+00:00,5,K4,UP,2026-08-27T08:20:01.482326+00:00,2,79513.18,79583.99,UP,1
2026-08-27T08:25:00+00:00,5,K2,DOWN,2026-08-27T08:25:01.486746+00:00,2,79584.0,79749.99,UP,0
2026-08-27T08:30:00+00:00,5,K2,DOWN,2026-08-27T08:30:01.691254+00:00,2,79749.99,79850.01,UP,0
2026-08-27T08:30:00+00:00,5,K1,DOWN,2026-08-27T08:30:01.691254+00:00,2,79749.99,79850.01,UP,0
2026-08-27T08:30:00+00:00,5,K9,DOWN,2026-08-27T08:30:01.691254+00:00,2,79749.99,79850.01,UP,0
2026-08-27T08:30:00+00:00,5,K4,DOWN,2026-08-27T08:30:01.691254+00:00,2,79749.99,79850.01,UP,0
2026-08-27T08:30:00+00:00,15,K2,DOWN,2026-08-27T08:30:01.691254+00:00,2,79749.99,79917.32,UP,0
2026-08-27T08:30:00+00:00,15,K7,DOWN,2026-08-27T08:30:01.691254+00:00,2,79749.99,79917.32,UP,0
2026-08-27T08:30:00+00:00,15,K1,DOWN,2026-08-27T08:30:01.691254+00:00,2,79749.99,79917.32,UP,0
2026-08-27T08:30:00+00:00,15,K4,DOWN,2026-08-27T08:30:01.691254+00:00,2,79749.99,79917.32,UP,0
2026-08-27T08:35:00+00:00,5,K2,DOWN,2026-08-27T08:35:01.468116+00:00,2,79850.0,79785.98,DOWN,1
2026-08-27T08:45:00+00:00,5,K2,DOWN,2026-08-27T08:45:01.532488+00:00,2,79917.32,79804.01,DOWN,1
2026-08-27T08:45:00+00:00,5,K1,DOWN,2026-08-27T08:45:01.532488+00:00,2,79917.32,79804.01,DOWN,1
2026-08-27T08:45:00+00:00,5,K9,DOWN,2026-08-27T08:45:01.532488+00:00,2,79917.32,79804.01,DOWN,1
2026-08-27T08:45:00+00:00,5,K4,DOWN,2026-08-27T08:45:01.532488+00:00,2,79917.32,79804.01,DOWN,1
2026-08-27T08:45:00+00:00,15,K2,DOWN,2026-08-27T08:45:01.532488+00:00,2,79917.32,79755.99,DOWN,1
2026-08-27T08:45:00+00:00,15,K7,DOWN,2026-08-27T08:45:01.532488+00:00,2,79917.32,79755.99,DOWN,1
2026-08-27T08:45:00+00:00,15,K1,DOWN,2026-08-27T08:45:01.532488+00:00,2,79917.32,79755.99,DOWN,1
2026-08-27T08:45:00+00:00,15,K4,DOWN,2026-08-27T08:45:01.532488+00:00,2,79917.32,79755.99,DOWN,1
2026-08-27T09:00:00+00:00,15,K2,DOWN,2026-08-27T09:00:01.733369+00:00,2,79756.0,79877.28,UP,0
2026-08-27T09:15:00+00:00,15,K2,DOWN,2026-08-27T09:15:01.692099+00:00,2,79877.27,80493.86,UP,0
2026-08-27T09:30:00+00:00,5,K2,DOWN,2026-08-27T09:30:01.706334+00:00,2,80493.87,80220.0,DOWN,1
2026-08-27T09:30:00+00:00,5,K7,DOWN,2026-08-27T09:30:01.706334+00:00,2,80493.87,80220.0,DOWN,1
2026-08-27T09:30:00+00:00,5,K1,DOWN,2026-08-27T09:30:01.706334+00:00,2,80493.87,80220.0,DOWN,1
2026-08-27T09:30:00+00:00,5,K6,DOWN,2026-08-27T09:30:01.706334+00:00,2,80493.87,80220.0,DOWN,1
2026-08-27T09:30:00+00:00,5,K9,DOWN,2026-08-27T09:30:01.706334+00:00,2,80493.87,80220.0,DOWN,1
2026-08-27T09:30:00+00:00,5,K4,DOWN,2026-08-27T09:30:01.706334+00:00,2,80493.87,80220.0,DOWN,1
2026-08-27T09:30:00+00:00,5,K3,DOWN,2026-08-27T09:30:01.706334+00:00,2,80493.87,80220.0,DOWN,1
2026-08-27T09:30:00+00:00,15,K2,DOWN,2026-08-27T09:30:01.706334+00:00,2,80493.87,80253.57,DOWN,1
2026-08-27T09:30:00+00:00,15,K7,DOWN,2026-08-27T09:30:01.706334+00:00,2,80493.87,80253.57,DOWN,1
2026-08-27T09:30:00+00:00,15,K1,DOWN,2026-08-27T09:30:01.706334+00:00,2,80493.87,80253.57,DOWN,1
2026-08-27T09:30:00+00:00,15,K6,DOWN,2026-08-27T09:30:01.706334+00:00,2,80493.87,80253.57,DOWN,1
2026-08-27T09:30:00+00:00,15,K9,DOWN,2026-08-27T09:30:01.706334+00:00,2,80493.87,80253.57,DOWN,1
2026-08-27T09:30:00+00:00,15,K4,DOWN,2026-08-27T09:30:01.706334+00:00,2,80493.87,80253.57,DOWN,1
2026-08-27T09:30:00+00:00,15,K3,DOWN,2026-08-27T09:30:01.706334+00:00,2,80493.87,80253.57,DOWN,1
2026-08-27T09:35:00+00:00,5,K9,UP,2026-08-27T09:35:01.442556+00:00,2,80220.0,80285.65,UP,1
2026-08-27T09:35:00+00:00,5,K4,UP,2026-08-27T09:35:01.442556+00:00,2,80220.0,80285.65,UP,1
2026-08-27T09:40:00+00:00,5,K2,DOWN,2026-08-27T09:40:01.651704+00:00,2,80285.65,80253.57,DOWN,1
2026-08-27T09:45:00+00:00,15,K2,DOWN,2026-08-27T09:45:01.519230+00:00,2,80253.57,79986.0,DOWN,1
2026-08-27T09:45:00+00:00,15,K9,UP,2026-08-27T09:45:01.519230+00:00,2,80253.57,79986.0,DOWN,0
2026-08-27T09:45:00+00:00,15,K4,UP,2026-08-27T09:45:01.519230+00:00,2,80253.57,79986.0,DOWN,0
2026-08-27T09:55:00+00:00,5,K9,UP,2026-08-27T09:55:01.466420+00:00,2,80070.51,79986.0,DOWN,0
2026-08-27T09:55:00+00:00,5,K4,UP,2026-08-27T09:55:01.466420+00:00,2,80070.51,79986.0,DOWN,0
2026-08-27T10:00:00+00:00,15,K9,UP,2026-08-27T10:00:03.273948+00:00,4,79986.0,79932.76,DOWN,0
2026-08-27T10:00:00+00:00,15,K4,UP,2026-08-27T10:00:03.273948+00:00,4,79986.0,79932.76,DOWN,0
2026-08-27T10:15:00+00:00,5,K9,UP,2026-08-27T10:15:01.567780+00:00,2,79932.76,79964.01,UP,1
2026-08-27T10:15:00+00:00,5,K4,UP,2026-08-27T10:15:01.567780+00:00,2,79932.76,79964.01,UP,1
2026-08-27T10:25:00+00:00,5,K9,UP,2026-08-27T10:25:01.502548+00:00,2,79802.0,79664.56,DOWN,0
2026-08-27T10:25:00+00:00,5,K4,UP,2026-08-27T10:25:01.502548+00:00,2,79802.0,79664.56,DOWN,0
2026-08-27T10:30:00+00:00,5,K2,UP,2026-08-27T10:30:01.548216+00:00,2,79664.56,79615.82,DOWN,0
2026-08-27T10:30:00+00:00,5,K9,UP,2026-08-27T10:30:01.548216+00:00,2,79664.56,79615.82,DOWN,0
2026-08-27T10:30:00+00:00,5,K4,UP,2026-08-27T10:30:01.548216+00:00,2,79664.56,79615.82,DOWN,0
2026-08-27T10:30:00+00:00,15,K9,UP,2026-08-27T10:30:01.548216+00:00,2,79664.56,79609.1,DOWN,0
2026-08-27T10:30:00+00:00,15,K4,UP,2026-08-27T10:30:01.548216+00:00,2,79664.56,79609.1,DOWN,0
2026-08-27T10:35:00+00:00,5,K2,UP,2026-08-27T10:35:01.568594+00:00,2,79615.82,79458.69,DOWN,0
2026-08-27T10:40:00+00:00,5,K2,UP,2026-08-27T10:40:01.464858+00:00,2,79458.69,79609.1,UP,1
2026-08-27T10:40:00+00:00,5,K7,UP,2026-08-27T10:40:01.464858+00:00,2,79458.69,79609.1,UP,1
2026-08-27T10:40:00+00:00,5,K1,UP,2026-08-27T10:40:01.464858+00:00,2,79458.69,79609.1,UP,1
2026-08-27T10:40:00+00:00,5,K9,UP,2026-08-27T10:40:01.464858+00:00,2,79458.69,79609.1,UP,1
2026-08-27T10:40:00+00:00,5,K4,UP,2026-08-27T10:40:01.464858+00:00,2,79458.69,79609.1,UP,1
2026-08-27T10:40:00+00:00,5,K3,UP,2026-08-27T10:40:01.464858+00:00,2,79458.69,79609.1,UP,1
2026-08-27T10:45:00+00:00,5,K9,DOWN,2026-08-27T10:45:01.505348+00:00,2,79609.11,79526.01,DOWN,1
2026-08-27T10:45:00+00:00,5,K4,DOWN,2026-08-27T10:45:01.505348+00:00,2,79609.11,79526.01,DOWN,1
2026-08-27T10:50:00+00:00,5,K2,UP,2026-08-27T10:50:01.493184+00:00,2,79526.0,79590.12,UP,1
2026-08-27T11:30:00+00:00,5,K9,UP,2026-08-27T11:30:01.561407+00:00,2,79524.0,79526.65,UP,1
2026-08-27T11:30:00+00:00,5,K4,UP,2026-08-27T11:30:01.561407+00:00,2,79524.0,79526.65,UP,1
2026-08-27T11:30:00+00:00,15,K9,UP,2026-08-27T11:30:01.561407+00:00,2,79524.0,79438.51,DOWN,0
2026-08-27T11:30:00+00:00,15,K4,UP,2026-08-27T11:30:01.561407+00:00,2,79524.0,79438.51,DOWN,0
2026-08-27T11:40:00+00:00,5,K2,UP,2026-08-27T11:40:01.460742+00:00,2,79400.25,79438.51,UP,1
2026-08-27T11:40:00+00:00,5,K9,UP,2026-08-27T11:40:01.460742+00:00,2,79400.25,79438.51,UP,1
2026-08-27T11:40:00+00:00,5,K4,UP,2026-08-27T11:40:01.460742+00:00,2,79400.25,79438.51,UP,1
2026-08-27T11:50:00+00:00,5,K2,UP,2026-08-27T11:50:01.463734+00:00,2,79389.92,79484.01,UP,1
2026-08-27T12:10:00+00:00,5,K11,UP,2026-08-27T12:11:42.315172+00:00,103,79444.0,79498.01,UP,1
2026-08-27T12:20:00+00:00,5,K11,UP,2026-08-27T12:22:02.946061+00:00,123,79399.35,79530.0,UP,1
2026-08-27T12:25:00+00:00,5,K9,DOWN,2026-08-27T12:25:01.583432+00:00,2,79530.0,79551.0,UP,0
2026-08-27T12:25:00+00:00,5,K4,DOWN,2026-08-27T12:25:01.583432+00:00,2,79530.0,79551.0,UP,0
2026-08-27T12:30:00+00:00,15,K11,DOWN,2026-08-27T12:35:01.463564+00:00,302,79551.0,79273.63,DOWN,1
2026-08-27T12:35:00+00:00,5,K10,DOWN,2026-08-27T12:36:04.268899+00:00,65,79414.44,79357.73,DOWN,1
2026-08-27T12:35:00+00:00,5,K11,DOWN,2026-08-27T12:36:46.046289+00:00,107,79414.44,79357.73,DOWN,1
2026-08-27T12:35:00+00:00,5,K9,UP,2026-08-27T12:35:01.463564+00:00,2,79414.44,79357.73,DOWN,0
2026-08-27T12:35:00+00:00,5,K4,UP,2026-08-27T12:35:01.463564+00:00,2,79414.44,79357.73,DOWN,0
2026-08-27T12:45:00+00:00,5,K2,UP,2026-08-27T12:45:01.510027+00:00,2,79273.62,79312.61,UP,1
2026-08-27T12:45:00+00:00,5,K5,UP,2026-08-27T12:45:01.510027+00:00,2,79273.62,79312.61,UP,1
2026-08-27T12:45:00+00:00,15,K9,UP,2026-08-27T12:45:01.510027+00:00,2,79273.62,79282.31,UP,1
2026-08-27T12:45:00+00:00,15,K4,UP,2026-08-27T12:45:01.510027+00:00,2,79273.62,79282.31,UP,1
2026-08-27T12:55:00+00:00,5,K5,UP,2026-08-27T12:55:01.480388+00:00,2,79288.8,79282.31,DOWN,0
2026-08-27T13:00:00+00:00,5,K5,UP,2026-08-27T13:00:01.716349+00:00,2,79282.31,79281.93,DOWN,0
2026-08-27T13:00:00+00:00,15,K5,UP,2026-08-27T13:00:01.716349+00:00,2,79282.31,79362.46,UP,1
2026-08-27T13:05:00+00:00,5,K5,UP,2026-08-27T13:05:01.510182+00:00,2,79281.92,79283.93,UP,1
2026-08-27T13:15:00+00:00,15,K5,UP,2026-08-27T13:15:01.737331+00:00,2,79362.5,79352.62,DOWN,0
2026-08-27T13:30:00+00:00,5,K11,DOWN,2026-08-27T13:31:45.133027+00:00,106,79352.63,79156.01,DOWN,1
2026-08-27T13:30:00+00:00,15,K10,DOWN,2026-08-27T13:33:06.891393+00:00,187,79352.63,79236.23,DOWN,1
2026-08-27T13:30:00+00:00,15,K11,DOWN,2026-08-27T13:35:01.462296+00:00,302,79352.63,79236.23,DOWN,1
2026-08-27T13:30:00+00:00,15,K5,UP,2026-08-27T13:30:01.737627+00:00,2,79352.63,79236.23,DOWN,0
2026-08-27T13:35:00+00:00,5,K2,UP,2026-08-27T13:35:01.462296+00:00,2,79156.0,79268.0,UP,1
2026-08-27T13:35:00+00:00,5,K7,UP,2026-08-27T13:35:01.462296+00:00,2,79156.0,79268.0,UP,1
2026-08-27T13:35:00+00:00,5,K1,UP,2026-08-27T13:35:01.462296+00:00,2,79156.0,79268.0,UP,1
2026-08-27T13:35:00+00:00,5,K9,UP,2026-08-27T13:35:01.462296+00:00,2,79156.0,79268.0,UP,1
2026-08-27T13:35:00+00:00,5,K4,UP,2026-08-27T13:35:01.462296+00:00,2,79156.0,79268.0,UP,1
2026-08-27T13:35:00+00:00,5,K3,UP,2026-08-27T13:35:01.462296+00:00,2,79156.0,79268.0,UP,1
2026-08-27T13:35:00+00:00,5,K5,UP,2026-08-27T13:35:01.462296+00:00,2,79156.0,79268.0,UP,1
2026-08-27T13:45:00+00:00,5,K10,UP,2026-08-27T13:46:03.260658+00:00,64,79236.24,79047.27,DOWN,0
2026-08-27T13:45:00+00:00,5,K11,UP,2026-08-27T13:46:44.993397+00:00,105,79236.24,79047.27,DOWN,0
2026-08-27T13:45:00+00:00,15,K10,DOWN,2026-08-27T13:48:06.653962+00:00,187,79236.24,79533.15,UP,0
2026-08-27T13:45:00+00:00,15,K11,DOWN,2026-08-27T13:50:01.469990+00:00,302,79236.24,79533.15,UP,0
2026-08-27T13:45:00+00:00,15,K5,UP,2026-08-27T13:45:01.692527+00:00,2,79236.24,79533.15,UP,1
2026-08-27T13:50:00+00:00,5,K2,UP,2026-08-27T13:50:01.469990+00:00,2,79047.28,79300.15,UP,1
2026-08-27T13:50:00+00:00,5,K7,UP,2026-08-27T13:50:01.469990+00:00,2,79047.28,79300.15,UP,1
2026-08-27T13:50:00+00:00,5,K1,UP,2026-08-27T13:50:01.469990+00:00,2,79047.28,79300.15,UP,1
2026-08-27T13:50:00+00:00,5,K10,UP,2026-08-27T13:51:03.701419+00:00,64,79047.28,79300.15,UP,1
2026-08-27T13:50:00+00:00,5,K11,UP,2026-08-27T13:51:45.531931+00:00,106,79047.28,79300.15,UP,1
2026-08-27T13:50:00+00:00,5,K9,UP,2026-08-27T13:50:01.469990+00:00,2,79047.28,79300.15,UP,1
2026-08-27T13:50:00+00:00,5,K4,UP,2026-08-27T13:50:01.469990+00:00,2,79047.28,79300.15,UP,1
2026-08-27T13:50:00+00:00,5,K3,UP,2026-08-27T13:50:01.469990+00:00,2,79047.28,79300.15,UP,1
2026-08-27T13:50:00+00:00,5,K5,UP,2026-08-27T13:50:01.469990+00:00,2,79047.28,79300.15,UP,1
2026-08-27T13:55:00+00:00,5,K10,UP,2026-08-27T13:56:03.055386+00:00,64,79300.14,79533.15,UP,1
2026-08-27T13:55:00+00:00,5,K11,UP,2026-08-27T13:56:46.587647+00:00,107,79300.14,79533.15,UP,1
2026-08-27T13:55:00+00:00,5,K9,DOWN,2026-08-27T13:55:01.478597+00:00,2,79300.14,79533.15,UP,0
2026-08-27T13:55:00+00:00,5,K4,DOWN,2026-08-27T13:55:01.478597+00:00,2,79300.14,79533.15,UP,0
2026-08-27T14:00:00+00:00,5,K2,DOWN,2026-08-27T14:00:01.876362+00:00,2,79533.16,79696.43,UP,0
2026-08-27T14:00:00+00:00,5,K9,DOWN,2026-08-27T14:00:01.876362+00:00,2,79533.16,79696.43,UP,0
2026-08-27T14:00:00+00:00,5,K4,DOWN,2026-08-27T14:00:01.876362+00:00,2,79533.16,79696.43,UP,0
2026-08-27T14:00:00+00:00,5,K8,DOWN,2026-08-27T14:00:01.876362+00:00,2,79533.16,79696.43,UP,0
2026-08-27T14:00:00+00:00,5,K5,DOWN,2026-08-27T14:00:01.876362+00:00,2,79533.16,79696.43,UP,0
2026-08-27T14:00:00+00:00,15,K11,UP,2026-08-27T14:05:01.484974+00:00,302,79533.16,79457.22,DOWN,0
2026-08-27T14:00:00+00:00,15,K9,DOWN,2026-08-27T14:00:01.876362+00:00,2,79533.16,79457.22,DOWN,1
2026-08-27T14:00:00+00:00,15,K4,DOWN,2026-08-27T14:00:01.876362+00:00,2,79533.16,79457.22,DOWN,1
2026-08-27T14:05:00+00:00,5,K2,DOWN,2026-08-27T14:05:01.484974+00:00,2,79696.02,79499.28,DOWN,1
2026-08-27T14:05:00+00:00,5,K7,DOWN,2026-08-27T14:05:01.484974+00:00,2,79696.02,79499.28,DOWN,1
2026-08-27T14:05:00+00:00,5,K1,DOWN,2026-08-27T14:05:01.484974+00:00,2,79696.02,79499.28,DOWN,1
2026-08-27T14:05:00+00:00,5,K10,UP,2026-08-27T14:06:03.746343+00:00,64,79696.02,79499.28,DOWN,0
2026-08-27T14:05:00+00:00,5,K11,DOWN,2026-08-27T14:07:05.726925+00:00,126,79696.02,79499.28,DOWN,1
2026-08-27T14:05:00+00:00,5,K9,DOWN,2026-08-27T14:05:01.484974+00:00,2,79696.02,79499.28,DOWN,1
2026-08-27T14:05:00+00:00,5,K4,DOWN,2026-08-27T14:05:01.484974+00:00,2,79696.02,79499.28,DOWN,1
2026-08-27T14:05:00+00:00,5,K3,DOWN,2026-08-27T14:05:01.484974+00:00,2,79696.02,79499.28,DOWN,1
2026-08-27T14:05:00+00:00,5,K8,DOWN,2026-08-27T14:05:01.484974+00:00,2,79696.02,79499.28,DOWN,1
2026-08-27T14:05:00+00:00,5,K5,DOWN,2026-08-27T14:05:01.484974+00:00,2,79696.02,79499.28,DOWN,1
2026-08-27T14:10:00+00:00,5,K10,DOWN,2026-08-27T14:11:03.350936+00:00,64,79499.27,79457.22,DOWN,1
2026-08-27T14:10:00+00:00,5,K11,DOWN,2026-08-27T14:11:45.208236+00:00,106,79499.27,79457.22,DOWN,1
2026-08-27T14:10:00+00:00,5,K9,UP,2026-08-27T14:10:01.496959+00:00,2,79499.27,79457.22,DOWN,0
2026-08-27T14:10:00+00:00,5,K4,UP,2026-08-27T14:10:01.496959+00:00,2,79499.27,79457.22,DOWN,0
2026-08-27T14:15:00+00:00,15,K10,UP,2026-08-27T14:18:03.383255+00:00,184,79457.23,79911.45,UP,1
2026-08-27T14:15:00+00:00,15,K11,UP,2026-08-27T14:20:01.473523+00:00,302,79457.23,79911.45,UP,1
2026-08-27T14:20:00+00:00,5,K2,DOWN,2026-08-27T14:20:01.473523+00:00,2,79709.0,79808.0,UP,0
2026-08-27T14:20:00+00:00,5,K7,DOWN,2026-08-27T14:20:01.473523+00:00,2,79709.0,79808.0,UP,0
2026-08-27T14:20:00+00:00,5,K1,DOWN,2026-08-27T14:20:01.473523+00:00,2,79709.0,79808.0,UP,0
2026-08-27T14:20:00+00:00,5,K9,DOWN,2026-08-27T14:20:01.473523+00:00,2,79709.0,79808.0,UP,0
2026-08-27T14:20:00+00:00,5,K4,DOWN,2026-08-27T14:20:01.473523+00:00,2,79709.0,79808.0,UP,0
2026-08-27T14:20:00+00:00,5,K3,DOWN,2026-08-27T14:20:01.473523+00:00,2,79709.0,79808.0,UP,0
2026-08-27T14:20:00+00:00,5,K5,DOWN,2026-08-27T14:20:01.473523+00:00,2,79709.0,79808.0,UP,0
2026-08-27T14:25:00+00:00,5,K2,DOWN,2026-08-27T14:25:01.506320+00:00,2,79807.99,79911.45,UP,0
2026-08-27T14:25:00+00:00,5,K7,DOWN,2026-08-27T14:25:01.506320+00:00,2,79807.99,79911.45,UP,0
2026-08-27T14:25:00+00:00,5,K4,DOWN,2026-08-27T14:25:01.506320+00:00,2,79807.99,79911.45,UP,0
2026-08-27T14:25:00+00:00,5,K5,DOWN,2026-08-27T14:25:01.506320+00:00,2,79807.99,79911.45,UP,0
2026-08-27T14:30:00+00:00,5,K2,DOWN,2026-08-27T14:30:01.612164+00:00,2,79911.45,79959.93,UP,0
2026-08-27T14:30:00+00:00,5,K7,DOWN,2026-08-27T14:30:01.612164+00:00,2,79911.45,79959.93,UP,0
2026-08-27T14:30:00+00:00,5,K10,DOWN,2026-08-27T14:31:04.147124+00:00,65,79911.45,79959.93,UP,0
2026-08-27T14:30:00+00:00,5,K4,DOWN,2026-08-27T14:30:01.612164+00:00,2,79911.45,79959.93,UP,0
2026-08-27T14:30:00+00:00,5,K8,DOWN,2026-08-27T14:30:01.612164+00:00,2,79911.45,79959.93,UP,0
2026-08-27T14:30:00+00:00,5,K5,DOWN,2026-08-27T14:30:01.612164+00:00,2,79911.45,79959.93,UP,0
2026-08-27T14:30:00+00:00,15,K9,DOWN,2026-08-27T14:30:01.612164+00:00,2,79911.45,80365.08,UP,0
2026-08-27T14:30:00+00:00,15,K4,DOWN,2026-08-27T14:30:01.612164+00:00,2,79911.45,80365.08,UP,0
2026-08-27T14:35:00+00:00,5,K2,DOWN,2026-08-27T14:35:01.489788+00:00,2,79959.93,80199.99,UP,0
2026-08-27T14:35:00+00:00,5,K7,DOWN,2026-08-27T14:35:01.489788+00:00,2,79959.93,80199.99,UP,0
2026-08-27T14:35:00+00:00,5,K11,UP,2026-08-27T14:36:45.031536+00:00,106,79959.93,80199.99,UP,1
2026-08-27T14:35:00+00:00,5,K4,DOWN,2026-08-27T14:35:01.489788+00:00,2,79959.93,80199.99,UP,0
2026-08-27T14:35:00+00:00,5,K8,DOWN,2026-08-27T14:35:01.489788+00:00,2,79959.93,80199.99,UP,0
2026-08-27T14:35:00+00:00,5,K5,DOWN,2026-08-27T14:35:01.489788+00:00,2,79959.93,80199.99,UP,0
2026-08-27T14:40:00+00:00,5,K2,DOWN,2026-08-27T14:40:01.459346+00:00,2,80199.99,80365.08,UP,0
2026-08-27T14:40:00+00:00,5,K7,DOWN,2026-08-27T14:40:01.459346+00:00,2,80199.99,80365.08,UP,0
2026-08-27T14:40:00+00:00,5,K1,DOWN,2026-08-27T14:40:01.459346+00:00,2,80199.99,80365.08,UP,0
2026-08-27T14:40:00+00:00,5,K6,DOWN,2026-08-27T14:40:01.459346+00:00,2,80199.99,80365.08,UP,0
2026-08-27T14:40:00+00:00,5,K11,UP,2026-08-27T14:42:04.623169+00:00,125,80199.99,80365.08,UP,1
2026-08-27T14:40:00+00:00,5,K9,DOWN,2026-08-27T14:40:01.459346+00:00,2,80199.99,80365.08,UP,0
2026-08-27T14:40:00+00:00,5,K4,DOWN,2026-08-27T14:40:01.459346+00:00,2,80199.99,80365.08,UP,0
2026-08-27T14:40:00+00:00,5,K3,DOWN,2026-08-27T14:40:01.459346+00:00,2,80199.99,80365.08,UP,0
2026-08-27T14:40:00+00:00,5,K8,DOWN,2026-08-27T14:40:01.459346+00:00,2,80199.99,80365.08,UP,0
2026-08-27T14:40:00+00:00,5,K5,DOWN,2026-08-27T14:40:01.459346+00:00,2,80199.99,80365.08,UP,0
2026-08-27T14:45:00+00:00,5,K2,DOWN,2026-08-27T14:45:01.663570+00:00,2,80365.09,80099.75,DOWN,1
2026-08-27T14:45:00+00:00,5,K7,DOWN,2026-08-27T14:45:01.663570+00:00,2,80365.09,80099.75,DOWN,1
2026-08-27T14:45:00+00:00,5,K1,DOWN,2026-08-27T14:45:01.663570+00:00,2,80365.09,80099.75,DOWN,1
2026-08-27T14:45:00+00:00,5,K6,DOWN,2026-08-27T14:45:01.663570+00:00,2,80365.09,80099.75,DOWN,1
2026-08-27T14:45:00+00:00,5,K10,DOWN,2026-08-27T14:46:04.842388+00:00,65,80365.09,80099.75,DOWN,1
2026-08-27T14:45:00+00:00,5,K11,DOWN,2026-08-27T14:46:50.556577+00:00,111,80365.09,80099.75,DOWN,1
2026-08-27T14:45:00+00:00,5,K9,DOWN,2026-08-27T14:45:01.663570+00:00,2,80365.09,80099.75,DOWN,1
2026-08-27T14:45:00+00:00,5,K4,DOWN,2026-08-27T14:45:01.663570+00:00,2,80365.09,80099.75,DOWN,1
2026-08-27T14:45:00+00:00,5,K3,DOWN,2026-08-27T14:45:01.663570+00:00,2,80365.09,80099.75,DOWN,1
2026-08-27T14:45:00+00:00,5,K8,DOWN,2026-08-27T14:45:01.663570+00:00,2,80365.09,80099.75,DOWN,1
2026-08-27T14:45:00+00:00,5,K5,DOWN,2026-08-27T14:45:01.663570+00:00,2,80365.09,80099.75,DOWN,1
2026-08-27T14:45:00+00:00,15,K2,DOWN,2026-08-27T14:45:01.663570+00:00,2,80365.09,80204.05,DOWN,1
2026-08-27T14:45:00+00:00,15,K7,DOWN,2026-08-27T14:45:01.663570+00:00,2,80365.09,80204.05,DOWN,1
2026-08-27T14:45:00+00:00,15,K1,DOWN,2026-08-27T14:45:01.663570+00:00,2,80365.09,80204.05,DOWN,1
2026-08-27T14:45:00+00:00,15,K10,DOWN,2026-08-27T14:48:12.062672+00:00,193,80365.09,80204.05,DOWN,1
2026-08-27T14:45:00+00:00,15,K11,DOWN,2026-08-27T14:50:01.637673+00:00,302,80365.09,80204.05,DOWN,1
2026-08-27T14:45:00+00:00,15,K9,DOWN,2026-08-27T14:45:01.663570+00:00,2,80365.09,80204.05,DOWN,1
2026-08-27T14:45:00+00:00,15,K4,DOWN,2026-08-27T14:45:01.663570+00:00,2,80365.09,80204.05,DOWN,1
2026-08-27T14:45:00+00:00,15,K3,DOWN,2026-08-27T14:45:01.663570+00:00,2,80365.09,80204.05,DOWN,1
2026-08-27T14:45:00+00:00,15,K8,DOWN,2026-08-27T14:45:01.663570+00:00,2,80365.09,80204.05,DOWN,1
2026-08-27T14:45:00+00:00,15,K5,DOWN,2026-08-27T14:45:01.663570+00:00,2,80365.09,80204.05,DOWN,1
2026-08-27T14:50:00+00:00,5,K9,UP,2026-08-27T14:50:01.637673+00:00,2,80099.75,80059.52,DOWN,0
2026-08-27T14:50:00+00:00,5,K4,UP,2026-08-27T14:50:01.637673+00:00,2,80099.75,80059.52,DOWN,0
2026-08-27T14:50:00+00:00,5,K5,DOWN,2026-08-27T14:50:01.637673+00:00,2,80099.75,80059.52,DOWN,1
2026-08-27T14:55:00+00:00,5,K11,UP,2026-08-27T14:57:02.513896+00:00,123,80059.52,80204.05,UP,1
2026-08-27T15:00:00+00:00,5,K11,UP,2026-08-27T15:01:46.108427+00:00,107,80204.06,80205.99,UP,1
2026-08-27T15:00:00+00:00,5,K9,DOWN,2026-08-27T15:00:01.823391+00:00,2,80204.06,80205.99,UP,0
2026-08-27T15:00:00+00:00,5,K4,DOWN,2026-08-27T15:00:01.823391+00:00,2,80204.06,80205.99,UP,0
2026-08-27T15:00:00+00:00,5,K5,DOWN,2026-08-27T15:00:01.823391+00:00,2,80204.06,80205.99,UP,0
2026-08-27T15:00:00+00:00,15,K2,DOWN,2026-08-27T15:00:01.823391+00:00,2,80204.06,80677.08,UP,0
2026-08-27T15:00:00+00:00,15,K5,DOWN,2026-08-27T15:00:01.823391+00:00,2,80204.06,80677.08,UP,0
2026-08-27T15:05:00+00:00,5,K10,UP,2026-08-27T15:06:03.006913+00:00,64,80205.98,80316.0,UP,1
2026-08-27T15:05:00+00:00,5,K11,UP,2026-08-27T15:06:44.738339+00:00,105,80205.98,80316.0,UP,1
2026-08-27T15:05:00+00:00,5,K5,DOWN,2026-08-27T15:05:01.480041+00:00,2,80205.98,80316.0,UP,0
2026-08-27T15:10:00+00:00,5,K8,DOWN,2026-08-27T15:10:01.478985+00:00,2,80316.0,80677.08,UP,0
2026-08-27T15:10:00+00:00,5,K5,DOWN,2026-08-27T15:10:01.478985+00:00,2,80316.0,80677.08,UP,0
2026-08-27T15:15:00+00:00,5,K2,DOWN,2026-08-27T15:15:01.834587+00:00,2,80677.09,80633.59,DOWN,1
2026-08-27T15:15:00+00:00,5,K1,DOWN,2026-08-27T15:15:01.834587+00:00,2,80677.09,80633.59,DOWN,1
2026-08-27T15:15:00+00:00,5,K10,DOWN,2026-08-27T15:16:04.895286+00:00,65,80677.09,80633.59,DOWN,1
2026-08-27T15:15:00+00:00,5,K11,DOWN,2026-08-27T15:16:47.441118+00:00,108,80677.09,80633.59,DOWN,1
2026-08-27T15:15:00+00:00,5,K9,DOWN,2026-08-27T15:15:01.834587+00:00,2,80677.09,80633.59,DOWN,1
2026-08-27T15:15:00+00:00,5,K4,DOWN,2026-08-27T15:15:01.834587+00:00,2,80677.09,80633.59,DOWN,1
2026-08-27T15:15:00+00:00,5,K8,DOWN,2026-08-27T15:15:01.834587+00:00,2,80677.09,80633.59,DOWN,1
2026-08-27T15:15:00+00:00,5,K5,DOWN,2026-08-27T15:15:01.834587+00:00,2,80677.09,80633.59,DOWN,1
2026-08-27T15:15:00+00:00,15,K2,DOWN,2026-08-27T15:15:01.834587+00:00,2,80677.09,80600.0,DOWN,1
2026-08-27T15:15:00+00:00,15,K7,DOWN,2026-08-27T15:15:01.834587+00:00,2,80677.09,80600.0,DOWN,1
2026-08-27T15:15:00+00:00,15,K1,DOWN,2026-08-27T15:15:01.834587+00:00,2,80677.09,80600.0,DOWN,1
2026-08-27T15:15:00+00:00,15,K6,DOWN,2026-08-27T15:15:01.834587+00:00,2,80677.09,80600.0,DOWN,1
2026-08-27T15:15:00+00:00,15,K9,DOWN,2026-08-27T15:15:01.834587+00:00,2,80677.09,80600.0,DOWN,1
2026-08-27T15:15:00+00:00,15,K4,DOWN,2026-08-27T15:15:01.834587+00:00,2,80677.09,80600.0,DOWN,1
2026-08-27T15:15:00+00:00,15,K3,DOWN,2026-08-27T15:15:01.834587+00:00,2,80677.09,80600.0,DOWN,1
2026-08-27T15:15:00+00:00,15,K8,DOWN,2026-08-27T15:15:01.834587+00:00,2,80677.09,80600.0,DOWN,1
2026-08-27T15:15:00+00:00,15,K5,DOWN,2026-08-27T15:15:01.834587+00:00,2,80677.09,80600.0,DOWN,1
2026-08-27T15:20:00+00:00,5,K2,DOWN,2026-08-27T15:20:01.632467+00:00,2,80633.59,80564.22,DOWN,1
2026-08-27T15:20:00+00:00,5,K10,DOWN,2026-08-27T15:21:03.217396+00:00,64,80633.59,80564.22,DOWN,1
2026-08-27T15:20:00+00:00,5,K11,DOWN,2026-08-27T15:21:44.889093+00:00,105,80633.59,80564.22,DOWN,1
2026-08-27T15:20:00+00:00,5,K8,DOWN,2026-08-27T15:20:01.632467+00:00,2,80633.59,80564.22,DOWN,1
2026-08-27T15:20:00+00:00,5,K5,DOWN,2026-08-27T15:20:01.632467+00:00,2,80633.59,80564.22,DOWN,1
2026-08-27T15:25:00+00:00,5,K5,DOWN,2026-08-27T15:25:01.493001+00:00,2,80564.23,80600.0,UP,0
2026-08-27T15:30:00+00:00,15,K2,DOWN,2026-08-27T15:30:01.544250+00:00,2,80600.0,80491.78,DOWN,1
2026-08-27T15:30:00+00:00,15,K7,DOWN,2026-08-27T15:30:01.544250+00:00,2,80600.0,80491.78,DOWN,1
2026-08-27T15:30:00+00:00,15,K10,DOWN,2026-08-27T15:33:04.920422+00:00,185,80600.0,80491.78,DOWN,1
2026-08-27T15:30:00+00:00,15,K11,DOWN,2026-08-27T15:35:06.463011+00:00,307,80600.0,80491.78,DOWN,1
2026-08-27T15:30:00+00:00,15,K4,DOWN,2026-08-27T15:30:01.544250+00:00,2,80600.0,80491.78,DOWN,1
2026-08-27T15:30:00+00:00,15,K5,DOWN,2026-08-27T15:30:01.544250+00:00,2,80600.0,80491.78,DOWN,1
2026-08-27T15:45:00+00:00,15,K2,DOWN,2026-08-27T15:45:01.430494+00:00,2,80491.78,80302.32,DOWN,1
2026-08-27T15:45:00+00:00,15,K10,DOWN,2026-08-27T15:48:04.329914+00:00,185,80491.78,80302.32,DOWN,1
2026-08-27T15:45:00+00:00,15,K11,DOWN,2026-08-27T15:50:05.797366+00:00,306,80491.78,80302.32,DOWN,1
2026-08-27T15:45:00+00:00,15,K5,DOWN,2026-08-27T15:45:01.430494+00:00,2,80491.78,80302.32,DOWN,1
2026-08-27T16:05:00+00:00,5,K11,DOWN,2026-08-27T16:07:02.660975+00:00,123,80411.0,80215.99,DOWN,1
2026-08-27T16:10:00+00:00,5,K10,UP,2026-08-27T16:11:02.931559+00:00,63,80215.99,80408.0,UP,1
2026-08-27T16:10:00+00:00,5,K11,UP,2026-08-27T16:11:44.684463+00:00,105,80215.99,80408.0,UP,1
2026-08-27T16:10:00+00:00,5,K9,UP,2026-08-27T16:10:01.484853+00:00,2,80215.99,80408.0,UP,1
2026-08-27T16:10:00+00:00,5,K4,UP,2026-08-27T16:10:01.484853+00:00,2,80215.99,80408.0,UP,1
2026-08-27T16:15:00+00:00,5,K10,UP,2026-08-27T16:16:03.059147+00:00,64,80408.0,80462.0,UP,1
2026-08-27T16:15:00+00:00,5,K9,DOWN,2026-08-27T16:15:01.596131+00:00,2,80408.0,80462.0,UP,0
2026-08-27T16:15:00+00:00,5,K4,DOWN,2026-08-27T16:15:01.596131+00:00,2,80408.0,80462.0,UP,0
2026-08-27T16:30:00+00:00,5,K10,DOWN,2026-08-27T16:31:01.951159+00:00,62,80412.0,80328.86,DOWN,1
2026-08-27T16:40:00+00:00,5,K10,UP,2026-08-27T16:41:02.005006+00:00,63,80389.64,80572.0,UP,1
2026-08-27T16:40:00+00:00,5,K11,UP,2026-08-27T16:41:43.259344+00:00,104,80389.64,80572.0,UP,1
2026-08-27T16:45:00+00:00,5,K9,DOWN,2026-08-27T16:45:01.523911+00:00,2,80572.01,80445.52,DOWN,1
2026-08-27T16:45:00+00:00,5,K4,DOWN,2026-08-27T16:45:01.523911+00:00,2,80572.01,80445.52,DOWN,1
2026-08-27T16:45:00+00:00,15,K10,DOWN,2026-08-27T16:48:06.433834+00:00,187,80572.01,80374.0,DOWN,1
2026-08-27T16:45:00+00:00,15,K11,DOWN,2026-08-27T16:50:01.507961+00:00,302,80572.01,80374.0,DOWN,1
2026-08-27T16:45:00+00:00,15,K5,DOWN,2026-08-27T16:45:01.523911+00:00,2,80572.01,80374.0,DOWN,1
2026-08-27T16:50:00+00:00,5,K9,UP,2026-08-27T16:50:01.507961+00:00,2,80445.51,80450.0,UP,1
2026-08-27T16:50:00+00:00,5,K4,UP,2026-08-27T16:50:01.507961+00:00,2,80445.51,80450.0,UP,1
2026-08-27T16:55:00+00:00,5,K10,DOWN,2026-08-27T16:56:01.898703+00:00,62,80450.0,80374.0,DOWN,1
2026-08-27T17:00:00+00:00,5,K11,DOWN,2026-08-27T17:02:02.745741+00:00,123,80374.0,80335.99,DOWN,1
2026-08-27T17:00:00+00:00,15,K10,DOWN,2026-08-27T17:03:04.036250+00:00,185,80374.0,80623.72,UP,0
2026-08-27T17:05:00+00:00,5,K11,UP,2026-08-27T17:06:42.389920+00:00,103,80336.0,80514.0,UP,1
2026-08-27T17:10:00+00:00,5,K9,DOWN,2026-08-27T17:10:01.501396+00:00,2,80514.01,80623.72,UP,0
2026-08-27T17:10:00+00:00,5,K4,DOWN,2026-08-27T17:10:01.501396+00:00,2,80514.01,80623.72,UP,0
2026-08-27T17:15:00+00:00,5,K2,DOWN,2026-08-27T17:15:01.590773+00:00,2,80623.71,80801.86,UP,0
2026-08-27T17:15:00+00:00,5,K7,DOWN,2026-08-27T17:15:01.590773+00:00,2,80623.71,80801.86,UP,0
2026-08-27T17:15:00+00:00,5,K4,DOWN,2026-08-27T17:15:01.590773+00:00,2,80623.71,80801.86,UP,0
2026-08-27T17:15:00+00:00,5,K8,DOWN,2026-08-27T17:15:01.590773+00:00,2,80623.71,80801.86,UP,0
2026-08-27T17:15:00+00:00,5,K5,DOWN,2026-08-27T17:15:01.590773+00:00,2,80623.71,80801.86,UP,0
2026-08-27T17:15:00+00:00,15,K10,UP,2026-08-27T17:18:06.291012+00:00,187,80623.71,80713.59,UP,1
2026-08-27T17:15:00+00:00,15,K11,UP,2026-08-27T17:20:01.535259+00:00,302,80623.71,80713.59,UP,1
2026-08-27T17:15:00+00:00,15,K9,DOWN,2026-08-27T17:15:01.590773+00:00,2,80623.71,80713.59,UP,0
2026-08-27T17:15:00+00:00,15,K4,DOWN,2026-08-27T17:15:01.590773+00:00,2,80623.71,80713.59,UP,0
2026-08-27T17:15:00+00:00,15,K8,DOWN,2026-08-27T17:15:01.590773+00:00,2,80623.71,80713.59,UP,0
2026-08-27T17:15:00+00:00,15,K5,DOWN,2026-08-27T17:15:01.590773+00:00,2,80623.71,80713.59,UP,0
2026-08-27T17:20:00+00:00,5,K2,DOWN,2026-08-27T17:20:01.535259+00:00,2,80801.86,80789.31,DOWN,1
2026-08-27T17:20:00+00:00,5,K7,DOWN,2026-08-27T17:20:01.535259+00:00,2,80801.86,80789.31,DOWN,1
2026-08-27T17:20:00+00:00,5,K1,DOWN,2026-08-27T17:20:01.535259+00:00,2,80801.86,80789.31,DOWN,1
2026-08-27T17:20:00+00:00,5,K9,DOWN,2026-08-27T17:20:01.535259+00:00,2,80801.86,80789.31,DOWN,1
2026-08-27T17:20:00+00:00,5,K4,DOWN,2026-08-27T17:20:01.535259+00:00,2,80801.86,80789.31,DOWN,1
2026-08-27T17:20:00+00:00,5,K3,DOWN,2026-08-27T17:20:01.535259+00:00,2,80801.86,80789.31,DOWN,1
2026-08-27T17:20:00+00:00,5,K8,DOWN,2026-08-27T17:20:01.535259+00:00,2,80801.86,80789.31,DOWN,1
2026-08-27T17:20:00+00:00,5,K5,DOWN,2026-08-27T17:20:01.535259+00:00,2,80801.86,80789.31,DOWN,1
2026-08-27T17:25:00+00:00,5,K2,DOWN,2026-08-27T17:25:01.631911+00:00,2,80789.32,80713.59,DOWN,1
2026-08-27T17:25:00+00:00,5,K7,DOWN,2026-08-27T17:25:01.631911+00:00,2,80789.32,80713.59,DOWN,1
2026-08-27T17:25:00+00:00,5,K4,DOWN,2026-08-27T17:25:01.631911+00:00,2,80789.32,80713.59,DOWN,1
2026-08-27T17:25:00+00:00,5,K8,DOWN,2026-08-27T17:25:01.631911+00:00,2,80789.32,80713.59,DOWN,1
2026-08-27T17:25:00+00:00,5,K5,DOWN,2026-08-27T17:25:01.631911+00:00,2,80789.32,80713.59,DOWN,1
2026-08-27T17:30:00+00:00,5,K2,DOWN,2026-08-27T17:30:01.554868+00:00,2,80713.59,80696.0,DOWN,1
2026-08-27T17:30:00+00:00,5,K10,UP,2026-08-27T17:31:03.791924+00:00,64,80713.59,80696.0,DOWN,0
2026-08-27T17:30:00+00:00,15,K8,DOWN,2026-08-27T17:30:01.554868+00:00,2,80713.59,80484.0,DOWN,1
2026-08-27T17:30:00+00:00,15,K5,DOWN,2026-08-27T17:30:01.554868+00:00,2,80713.59,80484.0,DOWN,1
2026-08-27T17:45:00+00:00,5,K9,UP,2026-08-27T17:45:01.903163+00:00,2,80484.0,80512.0,UP,1
2026-08-27T17:45:00+00:00,5,K4,UP,2026-08-27T17:45:01.903163+00:00,2,80484.0,80512.0,UP,1
2026-08-27T17:45:00+00:00,15,K9,UP,2026-08-27T17:45:01.903163+00:00,2,80484.0,80442.46,DOWN,0
2026-08-27T17:45:00+00:00,15,K4,UP,2026-08-27T17:45:01.903163+00:00,2,80484.0,80442.46,DOWN,0
2026-08-27T17:45:00+00:00,15,K5,DOWN,2026-08-27T17:45:01.903163+00:00,2,80484.0,80442.46,DOWN,1
2026-08-27T18:15:00+00:00,5,K2,UP,2026-08-27T18:15:01.730623+00:00,2,80076.76,79895.0,DOWN,0
2026-08-27T18:15:00+00:00,5,K7,UP,2026-08-27T18:15:01.730623+00:00,2,80076.76,79895.0,DOWN,0
2026-08-27T18:15:00+00:00,5,K1,UP,2026-08-27T18:15:01.730623+00:00,2,80076.76,79895.0,DOWN,0
2026-08-27T18:15:00+00:00,5,K10,UP,2026-08-27T18:16:04.068028+00:00,65,80076.76,79895.0,DOWN,0
2026-08-27T18:15:00+00:00,5,K11,DOWN,2026-08-27T18:17:06.470575+00:00,127,80076.76,79895.0,DOWN,1
2026-08-27T18:15:00+00:00,5,K9,UP,2026-08-27T18:15:01.730623+00:00,2,80076.76,79895.0,DOWN,0
2026-08-27T18:15:00+00:00,5,K4,UP,2026-08-27T18:15:01.730623+00:00,2,80076.76,79895.0,DOWN,0
2026-08-27T18:15:00+00:00,5,K3,UP,2026-08-27T18:15:01.730623+00:00,2,80076.76,79895.0,DOWN,0
2026-08-27T18:15:00+00:00,5,K5,UP,2026-08-27T18:15:01.730623+00:00,2,80076.76,79895.0,DOWN,0
2026-08-27T18:15:00+00:00,15,K10,DOWN,2026-08-27T18:18:07.311299+00:00,188,80076.76,79912.0,DOWN,1
2026-08-27T18:15:00+00:00,15,K11,DOWN,2026-08-27T18:20:01.483995+00:00,302,80076.76,79912.0,DOWN,1
2026-08-27T18:15:00+00:00,15,K9,UP,2026-08-27T18:15:01.730623+00:00,2,80076.76,79912.0,DOWN,0
2026-08-27T18:15:00+00:00,15,K4,UP,2026-08-27T18:15:01.730623+00:00,2,80076.76,79912.0,DOWN,0
2026-08-27T18:20:00+00:00,5,K2,UP,2026-08-27T18:20:01.483995+00:00,2,79895.0,79931.99,UP,1
2026-08-27T18:20:00+00:00,5,K7,UP,2026-08-27T18:20:01.483995+00:00,2,79895.0,79931.99,UP,1
2026-08-27T18:20:00+00:00,5,K1,UP,2026-08-27T18:20:01.483995+00:00,2,79895.0,79931.99,UP,1
2026-08-27T18:20:00+00:00,5,K11,DOWN,2026-08-27T18:21:44.765097+00:00,105,79895.0,79931.99,UP,0
2026-08-27T18:20:00+00:00,5,K9,UP,2026-08-27T18:20:01.483995+00:00,2,79895.0,79931.99,UP,1
2026-08-27T18:20:00+00:00,5,K4,UP,2026-08-27T18:20:01.483995+00:00,2,79895.0,79931.99,UP,1
2026-08-27T18:20:00+00:00,5,K3,UP,2026-08-27T18:20:01.483995+00:00,2,79895.0,79931.99,UP,1
2026-08-27T18:20:00+00:00,5,K8,UP,2026-08-27T18:20:01.483995+00:00,2,79895.0,79931.99,UP,1
2026-08-27T18:20:00+00:00,5,K5,UP,2026-08-27T18:20:01.483995+00:00,2,79895.0,79931.99,UP,1
2026-08-27T18:25:00+00:00,5,K2,UP,2026-08-27T18:25:01.486095+00:00,2,79932.0,79912.0,DOWN,0
2026-08-27T18:25:00+00:00,5,K7,UP,2026-08-27T18:25:01.486095+00:00,2,79932.0,79912.0,DOWN,0
2026-08-27T18:25:00+00:00,5,K4,UP,2026-08-27T18:25:01.486095+00:00,2,79932.0,79912.0,DOWN,0
2026-08-27T18:25:00+00:00,5,K5,UP,2026-08-27T18:25:01.486095+00:00,2,79932.0,79912.0,DOWN,0
2026-08-27T18:30:00+00:00,5,K2,UP,2026-08-27T18:30:01.540034+00:00,2,79911.99,79867.49,DOWN,0
2026-08-27T18:30:00+00:00,5,K5,UP,2026-08-27T18:30:01.540034+00:00,2,79911.99,79867.49,DOWN,0
2026-08-27T18:35:00+00:00,5,K2,UP,2026-08-27T18:35:01.616089+00:00,2,79867.5,80000.0,UP,1
2026-08-27T18:35:00+00:00,5,K10,UP,2026-08-27T18:36:03.102560+00:00,64,79867.5,80000.0,UP,1
2026-08-27T18:35:00+00:00,5,K11,UP,2026-08-27T18:36:44.657018+00:00,105,79867.5,80000.0,UP,1
2026-08-27T18:35:00+00:00,5,K5,UP,2026-08-27T18:35:01.616089+00:00,2,79867.5,80000.0,UP,1
2026-08-27T18:40:00+00:00,5,K9,DOWN,2026-08-27T18:40:01.554365+00:00,2,80000.0,79964.07,DOWN,1
2026-08-27T18:40:00+00:00,5,K4,DOWN,2026-08-27T18:40:01.554365+00:00,2,80000.0,79964.07,DOWN,1
2026-08-27T18:45:00+00:00,5,K5,UP,2026-08-27T18:45:01.519539+00:00,2,79964.06,79978.47,UP,1
2026-08-27T19:00:00+00:00,5,K9,DOWN,2026-08-27T19:00:01.735405+00:00,2,80150.69,80207.26,UP,0
2026-08-27T19:00:00+00:00,5,K4,DOWN,2026-08-27T19:00:01.735405+00:00,2,80150.69,80207.26,UP,0
2026-08-27T19:35:00+00:00,5,K11,DOWN,2026-08-27T19:37:02.676583+00:00,123,80125.02,80009.78,DOWN,1
2026-08-27T20:00:00+00:00,5,K9,UP,2026-08-27T20:00:02.758396+00:00,3,79910.19,79906.26,DOWN,0
2026-08-27T20:00:00+00:00,5,K4,UP,2026-08-27T20:00:02.758396+00:00,3,79910.19,79906.26,DOWN,0
2026-08-27T20:00:00+00:00,15,K2,UP,2026-08-27T20:00:02.758396+00:00,3,79910.19,79957.2,UP,1
2026-08-27T20:00:00+00:00,15,K5,UP,2026-08-27T20:00:02.758396+00:00,3,79910.19,79957.2,UP,1
2026-08-27T20:05:00+00:00,5,K10,UP,2026-08-27T20:06:02.951431+00:00,63,79906.25,80023.97,UP,1
2026-08-27T20:05:00+00:00,5,K11,UP,2026-08-27T20:06:44.539620+00:00,105,79906.25,80023.97,UP,1
2026-08-27T20:05:00+00:00,5,K5,UP,2026-08-27T20:05:01.522927+00:00,2,79906.25,80023.97,UP,1
2026-08-27T20:15:00+00:00,15,K5,UP,2026-08-27T20:15:01.692114+00:00,2,79957.21,79988.02,UP,1
2026-08-27T21:15:00+00:00,5,K2,DOWN,2026-08-27T21:15:01.723611+00:00,2,80097.55,80014.0,DOWN,1
2026-08-27T21:55:00+00:00,5,K2,DOWN,2026-08-27T21:55:01.474823+00:00,2,80112.94,80184.0,UP,0
2026-08-27T22:00:00+00:00,5,K2,DOWN,2026-08-27T22:00:01.746708+00:00,2,80184.0,80268.05,UP,0
2026-08-27T22:00:00+00:00,5,K7,DOWN,2026-08-27T22:00:01.746708+00:00,2,80184.0,80268.05,UP,0
2026-08-27T22:00:00+00:00,5,K4,DOWN,2026-08-27T22:00:01.746708+00:00,2,80184.0,80268.05,UP,0
2026-08-27T22:00:00+00:00,5,K8,DOWN,2026-08-27T22:00:01.746708+00:00,2,80184.0,80268.05,UP,0
2026-08-27T22:00:00+00:00,5,K5,DOWN,2026-08-27T22:00:01.746708+00:00,2,80184.0,80268.05,UP,0
2026-08-27T22:05:00+00:00,5,K2,DOWN,2026-08-27T22:05:01.493849+00:00,2,80268.06,80232.0,DOWN,1
2026-08-27T22:05:00+00:00,5,K7,DOWN,2026-08-27T22:05:01.493849+00:00,2,80268.06,80232.0,DOWN,1
2026-08-27T22:05:00+00:00,5,K4,DOWN,2026-08-27T22:05:01.493849+00:00,2,80268.06,80232.0,DOWN,1
2026-08-27T22:05:00+00:00,5,K5,DOWN,2026-08-27T22:05:01.493849+00:00,2,80268.06,80232.0,DOWN,1
2026-08-27T22:10:00+00:00,5,K2,DOWN,2026-08-27T22:10:01.511722+00:00,2,80232.01,80250.1,UP,0
2026-08-27T22:15:00+00:00,5,K2,DOWN,2026-08-27T22:15:01.695787+00:00,2,80250.11,80380.01,UP,0
2026-08-27T22:15:00+00:00,5,K11,UP,2026-08-27T22:16:44.097249+00:00,105,80250.11,80380.01,UP,1
2026-08-27T22:15:00+00:00,5,K5,DOWN,2026-08-27T22:15:01.695787+00:00,2,80250.11,80380.01,UP,0
2026-08-27T22:15:00+00:00,15,K10,UP,2026-08-27T22:18:05.454485+00:00,186,80250.11,80238.71,DOWN,0
2026-08-27T22:15:00+00:00,15,K11,UP,2026-08-27T22:20:01.470244+00:00,302,80250.11,80238.71,DOWN,0
2026-08-27T22:20:00+00:00,5,K2,DOWN,2026-08-27T22:20:01.470244+00:00,2,80380.01,80328.0,DOWN,1
2026-08-27T22:20:00+00:00,5,K7,DOWN,2026-08-27T22:20:01.470244+00:00,2,80380.01,80328.0,DOWN,1
2026-08-27T22:20:00+00:00,5,K1,DOWN,2026-08-27T22:20:01.470244+00:00,2,80380.01,80328.0,DOWN,1
2026-08-27T22:20:00+00:00,5,K9,DOWN,2026-08-27T22:20:01.470244+00:00,2,80380.01,80328.0,DOWN,1
2026-08-27T22:20:00+00:00,5,K4,DOWN,2026-08-27T22:20:01.470244+00:00,2,80380.01,80328.0,DOWN,1
2026-08-27T22:20:00+00:00,5,K3,DOWN,2026-08-27T22:20:01.470244+00:00,2,80380.01,80328.0,DOWN,1
2026-08-27T22:20:00+00:00,5,K5,DOWN,2026-08-27T22:20:01.470244+00:00,2,80380.01,80328.0,DOWN,1
2026-08-27T22:25:00+00:00,5,K2,DOWN,2026-08-27T22:25:01.488031+00:00,2,80328.0,80238.71,DOWN,1
2026-08-27T22:35:00+00:00,5,K11,DOWN,2026-08-27T22:36:42.543560+00:00,103,80282.57,80265.49,DOWN,1
2026-08-27T23:00:00+00:00,15,K2,DOWN,2026-08-27T23:00:01.859989+00:00,2,80303.21,80167.03,DOWN,1
2026-08-27T23:20:00+00:00,5,K10,UP,2026-08-27T23:21:01.964448+00:00,62,80284.28,80366.0,UP,1
2026-08-27T23:25:00+00:00,5,K2,DOWN,2026-08-27T23:25:01.495867+00:00,2,80366.01,80321.96,DOWN,1
2026-08-27T23:25:00+00:00,5,K5,DOWN,2026-08-27T23:25:01.495867+00:00,2,80366.01,80321.96,DOWN,1
2026-08-27T23:30:00+00:00,15,K2,DOWN,2026-08-27T23:30:01.532284+00:00,2,80321.95,80262.06,DOWN,1
2026-08-27T23:30:00+00:00,15,K5,DOWN,2026-08-27T23:30:01.532284+00:00,2,80321.95,80262.06,DOWN,1
2026-08-28T00:05:00+00:00,5,K2,UP,2026-08-28T00:05:01.521448+00:00,2,80158.2,80175.19,UP,1
2026-08-28T00:05:00+00:00,5,K7,UP,2026-08-28T00:05:01.521448+00:00,2,80158.2,80175.19,UP,1
2026-08-28T00:05:00+00:00,5,K4,UP,2026-08-28T00:05:01.521448+00:00,2,80158.2,80175.19,UP,1
2026-08-28T00:05:00+00:00,5,K8,UP,2026-08-28T00:05:01.521448+00:00,2,80158.2,80175.19,UP,1
2026-08-28T00:05:00+00:00,5,K5,UP,2026-08-28T00:05:01.521448+00:00,2,80158.2,80175.19,UP,1
2026-08-28T00:10:00+00:00,5,K2,UP,2026-08-28T00:10:01.501462+00:00,2,80175.2,80216.59,UP,1
2026-08-28T00:10:00+00:00,5,K5,UP,2026-08-28T00:10:01.501462+00:00,2,80175.2,80216.59,UP,1
2026-08-28T00:15:00+00:00,5,K10,UP,2026-08-28T00:16:01.931601+00:00,62,80216.59,80379.87,UP,1
2026-08-28T00:15:00+00:00,5,K11,UP,2026-08-28T00:16:42.973951+00:00,103,80216.59,80379.87,UP,1
2026-08-28T00:15:00+00:00,15,K10,UP,2026-08-28T00:18:04.823041+00:00,185,80216.59,80421.58,UP,1
2026-08-28T00:15:00+00:00,15,K11,UP,2026-08-28T00:20:01.461525+00:00,302,80216.59,80421.58,UP,1
2026-08-28T00:20:00+00:00,5,K2,DOWN,2026-08-28T00:20:01.461525+00:00,2,80379.86,80396.34,UP,0
2026-08-28T00:20:00+00:00,5,K7,DOWN,2026-08-28T00:20:01.461525+00:00,2,80379.86,80396.34,UP,0
2026-08-28T00:20:00+00:00,5,K1,DOWN,2026-08-28T00:20:01.461525+00:00,2,80379.86,80396.34,UP,0
2026-08-28T00:20:00+00:00,5,K9,DOWN,2026-08-28T00:20:01.461525+00:00,2,80379.86,80396.34,UP,0
2026-08-28T00:20:00+00:00,5,K4,DOWN,2026-08-28T00:20:01.461525+00:00,2,80379.86,80396.34,UP,0
2026-08-28T00:20:00+00:00,5,K3,DOWN,2026-08-28T00:20:01.461525+00:00,2,80379.86,80396.34,UP,0
2026-08-28T00:20:00+00:00,5,K5,DOWN,2026-08-28T00:20:01.461525+00:00,2,80379.86,80396.34,UP,0
2026-08-28T00:25:00+00:00,5,K2,DOWN,2026-08-28T00:25:01.542888+00:00,2,80396.33,80421.58,UP,0
2026-08-28T00:25:00+00:00,5,K5,DOWN,2026-08-28T00:25:01.542888+00:00,2,80396.33,80421.58,UP,0
2026-08-28T00:30:00+00:00,5,K2,DOWN,2026-08-28T00:30:01.530561+00:00,2,80421.58,80434.99,UP,0
2026-08-28T00:30:00+00:00,5,K5,DOWN,2026-08-28T00:30:01.530561+00:00,2,80421.58,80434.99,UP,0
2026-08-28T00:30:00+00:00,15,K2,DOWN,2026-08-28T00:30:01.530561+00:00,2,80421.58,80418.23,DOWN,1
2026-08-28T00:30:00+00:00,15,K9,DOWN,2026-08-28T00:30:01.530561+00:00,2,80421.58,80418.23,DOWN,1
2026-08-28T00:30:00+00:00,15,K4,DOWN,2026-08-28T00:30:01.530561+00:00,2,80421.58,80418.23,DOWN,1
2026-08-28T00:30:00+00:00,15,K8,DOWN,2026-08-28T00:30:01.530561+00:00,2,80421.58,80418.23,DOWN,1
2026-08-28T00:30:00+00:00,15,K5,DOWN,2026-08-28T00:30:01.530561+00:00,2,80421.58,80418.23,DOWN,1
2026-08-28T00:35:00+00:00,5,K2,DOWN,2026-08-28T00:35:01.437745+00:00,2,80435.0,80500.0,UP,0
2026-08-28T00:35:00+00:00,5,K5,DOWN,2026-08-28T00:35:01.437745+00:00,2,80435.0,80500.0,UP,0
2026-08-28T00:40:00+00:00,5,K2,DOWN,2026-08-28T00:40:01.447634+00:00,2,80499.99,80418.23,DOWN,1
2026-08-28T00:40:00+00:00,5,K7,DOWN,2026-08-28T00:40:01.447634+00:00,2,80499.99,80418.23,DOWN,1
2026-08-28T00:40:00+00:00,5,K10,DOWN,2026-08-28T00:41:03.004557+00:00,64,80499.99,80418.23,DOWN,1
2026-08-28T00:40:00+00:00,5,K11,DOWN,2026-08-28T00:41:44.623209+00:00,105,80499.99,80418.23,DOWN,1
2026-08-28T00:40:00+00:00,5,K4,DOWN,2026-08-28T00:40:01.447634+00:00,2,80499.99,80418.23,DOWN,1
2026-08-28T00:40:00+00:00,5,K8,DOWN,2026-08-28T00:40:01.447634+00:00,2,80499.99,80418.23,DOWN,1
2026-08-28T00:40:00+00:00,5,K5,DOWN,2026-08-28T00:40:01.447634+00:00,2,80499.99,80418.23,DOWN,1
2026-08-28T00:45:00+00:00,15,K2,DOWN,2026-08-28T00:45:01.533557+00:00,2,80418.22,80576.0,UP,0
2026-08-28T00:45:00+00:00,15,K5,DOWN,2026-08-28T00:45:01.533557+00:00,2,80418.22,80576.0,UP,0
2026-08-28T00:55:00+00:00,5,K11,UP,2026-08-28T00:56:44.206708+00:00,105,80452.73,80576.0,UP,1
2026-08-28T00:55:00+00:00,5,K5,DOWN,2026-08-28T00:55:01.474574+00:00,2,80452.73,80576.0,UP,0
2026-08-28T01:00:00+00:00,5,K2,DOWN,2026-08-28T01:00:01.655398+00:00,2,80575.99,80786.01,UP,0
2026-08-28T01:00:00+00:00,5,K7,DOWN,2026-08-28T01:00:01.655398+00:00,2,80575.99,80786.01,UP,0
2026-08-28T01:00:00+00:00,5,K1,DOWN,2026-08-28T01:00:01.655398+00:00,2,80575.99,80786.01,UP,0
2026-08-28T01:00:00+00:00,5,K10,UP,2026-08-28T01:01:03.870045+00:00,64,80575.99,80786.01,UP,1
2026-08-28T01:00:00+00:00,5,K11,UP,2026-08-28T01:01:46.097963+00:00,107,80575.99,80786.01,UP,1
2026-08-28T01:00:00+00:00,5,K9,DOWN,2026-08-28T01:00:01.655398+00:00,2,80575.99,80786.01,UP,0
2026-08-28T01:00:00+00:00,5,K4,DOWN,2026-08-28T01:00:01.655398+00:00,2,80575.99,80786.01,UP,0
2026-08-28T01:00:00+00:00,5,K3,DOWN,2026-08-28T01:00:01.655398+00:00,2,80575.99,80786.01,UP,0
2026-08-28T01:00:00+00:00,15,K2,DOWN,2026-08-28T01:00:01.655398+00:00,2,80575.99,80754.45,UP,0
2026-08-28T01:00:00+00:00,15,K7,DOWN,2026-08-28T01:00:01.655398+00:00,2,80575.99,80754.45,UP,0
2026-08-28T01:00:00+00:00,15,K10,UP,2026-08-28T01:03:07.432744+00:00,188,80575.99,80754.45,UP,1
2026-08-28T01:00:00+00:00,15,K11,UP,2026-08-28T01:05:01.501964+00:00,302,80575.99,80754.45,UP,1
2026-08-28T01:00:00+00:00,15,K4,DOWN,2026-08-28T01:00:01.655398+00:00,2,80575.99,80754.45,UP,0
2026-08-28T01:00:00+00:00,15,K5,DOWN,2026-08-28T01:00:01.655398+00:00,2,80575.99,80754.45,UP,0
2026-08-28T01:05:00+00:00,5,K2,DOWN,2026-08-28T01:05:01.501964+00:00,2,80786.0,80793.68,UP,0
2026-08-28T01:05:00+00:00,5,K7,DOWN,2026-08-28T01:05:01.501964+00:00,2,80786.0,80793.68,UP,0
2026-08-28T01:05:00+00:00,5,K1,DOWN,2026-08-28T01:05:01.501964+00:00,2,80786.0,80793.68,UP,0
2026-08-28T01:05:00+00:00,5,K6,DOWN,2026-08-28T01:05:01.501964+00:00,2,80786.0,80793.68,UP,0
2026-08-28T01:05:00+00:00,5,K9,DOWN,2026-08-28T01:05:01.501964+00:00,2,80786.0,80793.68,UP,0
2026-08-28T01:05:00+00:00,5,K4,DOWN,2026-08-28T01:05:01.501964+00:00,2,80786.0,80793.68,UP,0
2026-08-28T01:05:00+00:00,5,K3,DOWN,2026-08-28T01:05:01.501964+00:00,2,80786.0,80793.68,UP,0
2026-08-28T01:05:00+00:00,5,K8,DOWN,2026-08-28T01:05:01.501964+00:00,2,80786.0,80793.68,UP,0
2026-08-28T01:05:00+00:00,5,K5,DOWN,2026-08-28T01:05:01.501964+00:00,2,80786.0,80793.68,UP,0
2026-08-28T01:05:00+00:00,5,K12,DOWN,2026-08-28T01:05:01.501964+00:00,2,80786.0,80793.68,UP,0
2026-08-28T01:10:00+00:00,5,K2,DOWN,2026-08-28T01:10:01.500191+00:00,2,80793.69,80754.45,DOWN,1
2026-08-28T01:10:00+00:00,5,K7,DOWN,2026-08-28T01:10:01.500191+00:00,2,80793.69,80754.45,DOWN,1
2026-08-28T01:10:00+00:00,5,K1,DOWN,2026-08-28T01:10:01.500191+00:00,2,80793.69,80754.45,DOWN,1
2026-08-28T01:10:00+00:00,5,K4,DOWN,2026-08-28T01:10:01.500191+00:00,2,80793.69,80754.45,DOWN,1
2026-08-28T01:10:00+00:00,5,K8,DOWN,2026-08-28T01:10:01.500191+00:00,2,80793.69,80754.45,DOWN,1
2026-08-28T01:10:00+00:00,5,K5,DOWN,2026-08-28T01:10:01.500191+00:00,2,80793.69,80754.45,DOWN,1
2026-08-28T01:10:00+00:00,5,K12,DOWN,2026-08-28T01:10:01.500191+00:00,2,80793.69,80754.45,DOWN,1
2026-08-28T01:15:00+00:00,5,K2,DOWN,2026-08-28T01:15:01.554443+00:00,2,80754.45,80984.47,UP,0
2026-08-28T01:15:00+00:00,5,K5,DOWN,2026-08-28T01:15:01.554443+00:00,2,80754.45,80984.47,UP,0
2026-08-28T01:15:00+00:00,5,K12,DOWN,2026-08-28T01:15:01.554443+00:00,2,80754.45,80984.47,UP,0
2026-08-28T01:15:00+00:00,15,K2,DOWN,2026-08-28T01:15:01.554443+00:00,2,80754.45,81130.98,UP,0
2026-08-28T01:15:00+00:00,15,K7,DOWN,2026-08-28T01:15:01.554443+00:00,2,80754.45,81130.98,UP,0
2026-08-28T01:15:00+00:00,15,K11,UP,2026-08-28T01:20:01.481618+00:00,302,80754.45,81130.98,UP,1
2026-08-28T01:15:00+00:00,15,K4,DOWN,2026-08-28T01:15:01.554443+00:00,2,80754.45,81130.98,UP,0
2026-08-28T01:15:00+00:00,15,K5,DOWN,2026-08-28T01:15:01.554443+00:00,2,80754.45,81130.98,UP,0
2026-08-28T01:20:00+00:00,5,K2,DOWN,2026-08-28T01:20:01.481618+00:00,2,80984.48,81046.0,UP,0
2026-08-28T01:20:00+00:00,5,K7,DOWN,2026-08-28T01:20:01.481618+00:00,2,80984.48,81046.0,UP,0
2026-08-28T01:20:00+00:00,5,K1,DOWN,2026-08-28T01:20:01.481618+00:00,2,80984.48,81046.0,UP,0
2026-08-28T01:20:00+00:00,5,K6,DOWN,2026-08-28T01:20:01.481618+00:00,2,80984.48,81046.0,UP,0
2026-08-28T01:20:00+00:00,5,K10,UP,2026-08-28T01:21:03.557992+00:00,64,80984.48,81046.0,UP,1
2026-08-28T01:20:00+00:00,5,K9,DOWN,2026-08-28T01:20:01.481618+00:00,2,80984.48,81046.0,UP,0
2026-08-28T01:20:00+00:00,5,K4,DOWN,2026-08-28T01:20:01.481618+00:00,2,80984.48,81046.0,UP,0
2026-08-28T01:20:00+00:00,5,K3,DOWN,2026-08-28T01:20:01.481618+00:00,2,80984.48,81046.0,UP,0
2026-08-28T01:20:00+00:00,5,K8,DOWN,2026-08-28T01:20:01.481618+00:00,2,80984.48,81046.0,UP,0
2026-08-28T01:20:00+00:00,5,K5,DOWN,2026-08-28T01:20:01.481618+00:00,2,80984.48,81046.0,UP,0
2026-08-28T01:20:00+00:00,5,K12,DOWN,2026-08-28T01:20:01.481618+00:00,2,80984.48,81046.0,UP,0
2026-08-28T01:25:00+00:00,5,K2,DOWN,2026-08-28T01:25:01.483799+00:00,2,81046.01,81130.98,UP,0
2026-08-28T01:25:00+00:00,5,K7,DOWN,2026-08-28T01:25:01.483799+00:00,2,81046.01,81130.98,UP,0
2026-08-28T01:25:00+00:00,5,K1,DOWN,2026-08-28T01:25:01.483799+00:00,2,81046.01,81130.98,UP,0
2026-08-28T01:25:00+00:00,5,K4,DOWN,2026-08-28T01:25:01.483799+00:00,2,81046.01,81130.98,UP,0
2026-08-28T01:25:00+00:00,5,K8,DOWN,2026-08-28T01:25:01.483799+00:00,2,81046.01,81130.98,UP,0
2026-08-28T01:25:00+00:00,5,K5,DOWN,2026-08-28T01:25:01.483799+00:00,2,81046.01,81130.98,UP,0
2026-08-28T01:25:00+00:00,5,K12,DOWN,2026-08-28T01:25:01.483799+00:00,2,81046.01,81130.98,UP,0
2026-08-28T01:30:00+00:00,5,K2,DOWN,2026-08-28T01:30:01.558501+00:00,2,81130.97,81149.99,UP,0
2026-08-28T01:30:00+00:00,5,K7,DOWN,2026-08-28T01:30:01.558501+00:00,2,81130.97,81149.99,UP,0
2026-08-28T01:30:00+00:00,5,K1,DOWN,2026-08-28T01:30:01.558501+00:00,2,81130.97,81149.99,UP,0
2026-08-28T01:30:00+00:00,5,K4,DOWN,2026-08-28T01:30:01.558501+00:00,2,81130.97,81149.99,UP,0
2026-08-28T01:30:00+00:00,5,K8,DOWN,2026-08-28T01:30:01.558501+00:00,2,81130.97,81149.99,UP,0
2026-08-28T01:30:00+00:00,5,K5,DOWN,2026-08-28T01:30:01.558501+00:00,2,81130.97,81149.99,UP,0
2026-08-28T01:30:00+00:00,5,K12,DOWN,2026-08-28T01:30:01.558501+00:00,2,81130.97,81149.99,UP,0
2026-08-28T01:30:00+00:00,15,K2,DOWN,2026-08-28T01:30:01.558501+00:00,2,81130.97,80844.03,DOWN,1
2026-08-28T01:30:00+00:00,15,K7,DOWN,2026-08-28T01:30:01.558501+00:00,2,81130.97,80844.03,DOWN,1
2026-08-28T01:30:00+00:00,15,K1,DOWN,2026-08-28T01:30:01.558501+00:00,2,81130.97,80844.03,DOWN,1
2026-08-28T01:30:00+00:00,15,K6,DOWN,2026-08-28T01:30:01.558501+00:00,2,81130.97,80844.03,DOWN,1
2026-08-28T01:30:00+00:00,15,K10,UP,2026-08-28T01:33:06.111269+00:00,187,81130.97,80844.03,DOWN,0
2026-08-28T01:30:00+00:00,15,K9,DOWN,2026-08-28T01:30:01.558501+00:00,2,81130.97,80844.03,DOWN,1
2026-08-28T01:30:00+00:00,15,K4,DOWN,2026-08-28T01:30:01.558501+00:00,2,81130.97,80844.03,DOWN,1
2026-08-28T01:30:00+00:00,15,K3,DOWN,2026-08-28T01:30:01.558501+00:00,2,81130.97,80844.03,DOWN,1
2026-08-28T01:30:00+00:00,15,K8,DOWN,2026-08-28T01:30:01.558501+00:00,2,81130.97,80844.03,DOWN,1
2026-08-28T01:30:00+00:00,15,K5,DOWN,2026-08-28T01:30:01.558501+00:00,2,81130.97,80844.03,DOWN,1
2026-08-28T01:30:00+00:00,15,K12,DOWN,2026-08-28T01:30:01.558501+00:00,2,81130.97,80844.03,DOWN,1
2026-08-28T01:35:00+00:00,5,K2,DOWN,2026-08-28T01:35:01.412972+00:00,2,81150.0,80919.99,DOWN,1
2026-08-28T01:35:00+00:00,5,K12,DOWN,2026-08-28T01:35:01.412972+00:00,2,81150.0,80919.99,DOWN,1
2026-08-28T01:40:00+00:00,5,K9,UP,2026-08-28T01:40:01.450014+00:00,2,80920.0,80844.03,DOWN,0
2026-08-28T01:40:00+00:00,5,K4,UP,2026-08-28T01:40:01.450014+00:00,2,80920.0,80844.03,DOWN,0
2026-08-28T01:45:00+00:00,15,K2,DOWN,2026-08-28T01:45:01.506895+00:00,2,80844.03,80500.38,DOWN,1
2026-08-28T01:45:00+00:00,15,K10,DOWN,2026-08-28T01:48:06.823922+00:00,187,80844.03,80500.38,DOWN,1
2026-08-28T01:45:00+00:00,15,K11,DOWN,2026-08-28T01:50:01.464478+00:00,302,80844.03,80500.38,DOWN,1
2026-08-28T01:45:00+00:00,15,K9,UP,2026-08-28T01:45:01.506895+00:00,2,80844.03,80500.38,DOWN,0
2026-08-28T01:45:00+00:00,15,K4,UP,2026-08-28T01:45:01.506895+00:00,2,80844.03,80500.38,DOWN,0
2026-08-28T01:50:00+00:00,5,K11,DOWN,2026-08-28T01:52:04.924316+00:00,125,80706.1,80618.99,DOWN,1
2026-08-28T01:50:00+00:00,5,K9,UP,2026-08-28T01:50:01.464478+00:00,2,80706.1,80618.99,DOWN,0
2026-08-28T01:50:00+00:00,5,K4,UP,2026-08-28T01:50:01.464478+00:00,2,80706.1,80618.99,DOWN,0
2026-08-28T01:55:00+00:00,5,K11,DOWN,2026-08-28T01:57:02.629215+00:00,123,80618.99,80500.38,DOWN,1
2026-08-28T02:00:00+00:00,5,K10,DOWN,2026-08-28T02:01:04.159446+00:00,65,80500.38,80428.45,DOWN,1
2026-08-28T02:00:00+00:00,5,K9,UP,2026-08-28T02:00:01.903272+00:00,2,80500.38,80428.45,DOWN,0
2026-08-28T02:00:00+00:00,5,K4,UP,2026-08-28T02:00:01.903272+00:00,2,80500.38,80428.45,DOWN,0
2026-08-28T02:00:00+00:00,5,K5,UP,2026-08-28T02:00:01.903272+00:00,2,80500.38,80428.45,DOWN,0
2026-08-28T02:00:00+00:00,15,K10,DOWN,2026-08-28T02:03:07.079299+00:00,188,80500.38,80235.83,DOWN,1
2026-08-28T02:00:00+00:00,15,K9,UP,2026-08-28T02:00:01.903272+00:00,2,80500.38,80235.83,DOWN,0
2026-08-28T02:00:00+00:00,15,K4,UP,2026-08-28T02:00:01.903272+00:00,2,80500.38,80235.83,DOWN,0
2026-08-28T02:05:00+00:00,5,K5,UP,2026-08-28T02:05:01.477722+00:00,2,80428.91,80424.0,DOWN,0
2026-08-28T02:10:00+00:00,5,K11,DOWN,2026-08-28T02:12:04.302302+00:00,125,80424.0,80235.83,DOWN,1
2026-08-28T02:10:00+00:00,5,K8,UP,2026-08-28T02:10:01.509892+00:00,2,80424.0,80235.83,DOWN,0
2026-08-28T02:10:00+00:00,5,K5,UP,2026-08-28T02:10:01.509892+00:00,2,80424.0,80235.83,DOWN,0
2026-08-28T02:15:00+00:00,5,K2,UP,2026-08-28T02:15:01.519538+00:00,2,80235.83,80116.92,DOWN,0
2026-08-28T02:15:00+00:00,5,K10,DOWN,2026-08-28T02:16:03.805852+00:00,64,80235.83,80116.92,DOWN,1
2026-08-28T02:15:00+00:00,5,K11,DOWN,2026-08-28T02:16:46.282527+00:00,107,80235.83,80116.92,DOWN,1
2026-08-28T02:15:00+00:00,5,K9,UP,2026-08-28T02:15:01.519538+00:00,2,80235.83,80116.92,DOWN,0
2026-08-28T02:15:00+00:00,5,K4,UP,2026-08-28T02:15:01.519538+00:00,2,80235.83,80116.92,DOWN,0
2026-08-28T02:15:00+00:00,5,K8,UP,2026-08-28T02:15:01.519538+00:00,2,80235.83,80116.92,DOWN,0
2026-08-28T02:15:00+00:00,5,K5,UP,2026-08-28T02:15:01.519538+00:00,2,80235.83,80116.92,DOWN,0
2026-08-28T02:15:00+00:00,15,K10,DOWN,2026-08-28T02:18:07.616789+00:00,188,80235.83,79917.89,DOWN,1
2026-08-28T02:15:00+00:00,15,K9,UP,2026-08-28T02:15:01.519538+00:00,2,80235.83,79917.89,DOWN,0
2026-08-28T02:15:00+00:00,15,K4,UP,2026-08-28T02:15:01.519538+00:00,2,80235.83,79917.89,DOWN,0
2026-08-28T02:15:00+00:00,15,K5,UP,2026-08-28T02:15:01.519538+00:00,2,80235.83,79917.89,DOWN,0
2026-08-28T02:20:00+00:00,5,K2,UP,2026-08-28T02:20:01.468861+00:00,2,80116.92,80069.99,DOWN,0
2026-08-28T02:20:00+00:00,5,K9,UP,2026-08-28T02:20:01.468861+00:00,2,80116.92,80069.99,DOWN,0
2026-08-28T02:20:00+00:00,5,K4,UP,2026-08-28T02:20:01.468861+00:00,2,80116.92,80069.99,DOWN,0
2026-08-28T02:20:00+00:00,5,K8,UP,2026-08-28T02:20:01.468861+00:00,2,80116.92,80069.99,DOWN,0
2026-08-28T02:20:00+00:00,5,K5,UP,2026-08-28T02:20:01.468861+00:00,2,80116.92,80069.99,DOWN,0
2026-08-28T02:25:00+00:00,5,K2,UP,2026-08-28T02:25:01.499531+00:00,2,80069.99,79917.89,DOWN,0
2026-08-28T02:25:00+00:00,5,K8,UP,2026-08-28T02:25:01.499531+00:00,2,80069.99,79917.89,DOWN,0
2026-08-28T02:25:00+00:00,5,K5,UP,2026-08-28T02:25:01.499531+00:00,2,80069.99,79917.89,DOWN,0
2026-08-28T02:30:00+00:00,5,K2,UP,2026-08-28T02:30:01.524419+00:00,2,79917.88,80052.18,UP,1
2026-08-28T02:30:00+00:00,5,K1,UP,2026-08-28T02:30:01.524419+00:00,2,79917.88,80052.18,UP,1
2026-08-28T02:30:00+00:00,5,K10,DOWN,2026-08-28T02:31:04.192686+00:00,65,79917.88,80052.18,UP,0
2026-08-28T02:30:00+00:00,5,K9,UP,2026-08-28T02:30:01.524419+00:00,2,79917.88,80052.18,UP,1
2026-08-28T02:30:00+00:00,5,K4,UP,2026-08-28T02:30:01.524419+00:00,2,79917.88,80052.18,UP,1
2026-08-28T02:30:00+00:00,5,K8,UP,2026-08-28T02:30:01.524419+00:00,2,79917.88,80052.18,UP,1
2026-08-28T02:30:00+00:00,5,K5,UP,2026-08-28T02:30:01.524419+00:00,2,79917.88,80052.18,UP,1
2026-08-28T02:30:00+00:00,5,K12,UP,2026-08-28T02:30:01.524419+00:00,2,79917.88,80052.18,UP,1
2026-08-28T02:30:00+00:00,15,K2,UP,2026-08-28T02:30:01.524419+00:00,2,79917.88,80037.99,UP,1
2026-08-28T02:30:00+00:00,15,K11,UP,2026-08-28T02:35:01.467501+00:00,302,79917.88,80037.99,UP,1
2026-08-28T02:30:00+00:00,15,K9,UP,2026-08-28T02:30:01.524419+00:00,2,79917.88,80037.99,UP,1
2026-08-28T02:30:00+00:00,15,K4,UP,2026-08-28T02:30:01.524419+00:00,2,79917.88,80037.99,UP,1
2026-08-28T02:30:00+00:00,15,K8,UP,2026-08-28T02:30:01.524419+00:00,2,79917.88,80037.99,UP,1
2026-08-28T02:30:00+00:00,15,K5,UP,2026-08-28T02:30:01.524419+00:00,2,79917.88,80037.99,UP,1
2026-08-28T02:35:00+00:00,5,K9,DOWN,2026-08-28T02:35:01.467501+00:00,2,80052.18,80082.33,UP,0
2026-08-28T02:35:00+00:00,5,K4,DOWN,2026-08-28T02:35:01.467501+00:00,2,80052.18,80082.33,UP,0
2026-08-28T02:35:00+00:00,5,K5,UP,2026-08-28T02:35:01.467501+00:00,2,80052.18,80082.33,UP,1
2026-08-28T02:40:00+00:00,5,K5,UP,2026-08-28T02:40:01.470276+00:00,2,80082.32,80037.99,DOWN,0
2026-08-28T02:45:00+00:00,5,K10,DOWN,2026-08-28T02:46:03.810823+00:00,64,80038.0,79913.6,DOWN,1
2026-08-28T02:45:00+00:00,5,K11,DOWN,2026-08-28T02:46:45.923444+00:00,106,80038.0,79913.6,DOWN,1
2026-08-28T02:45:00+00:00,5,K5,UP,2026-08-28T02:45:01.500482+00:00,2,80038.0,79913.6,DOWN,0
2026-08-28T02:45:00+00:00,15,K11,DOWN,2026-08-28T02:50:01.500099+00:00,302,80038.0,79926.11,DOWN,1
2026-08-28T02:45:00+00:00,15,K5,UP,2026-08-28T02:45:01.500482+00:00,2,80038.0,79926.11,DOWN,0
2026-08-28T02:50:00+00:00,5,K10,DOWN,2026-08-28T02:51:03.578342+00:00,64,79913.6,79920.9,UP,0
2026-08-28T02:50:00+00:00,5,K11,DOWN,2026-08-28T02:51:46.339077+00:00,107,79913.6,79920.9,UP,0
2026-08-28T02:50:00+00:00,5,K9,UP,2026-08-28T02:50:01.500099+00:00,2,79913.6,79920.9,UP,1
2026-08-28T02:50:00+00:00,5,K4,UP,2026-08-28T02:50:01.500099+00:00,2,79913.6,79920.9,UP,1
2026-08-28T02:50:00+00:00,5,K8,UP,2026-08-28T02:50:01.500099+00:00,2,79913.6,79920.9,UP,1
2026-08-28T02:50:00+00:00,5,K5,UP,2026-08-28T02:50:01.500099+00:00,2,79913.6,79920.9,UP,1
2026-08-28T02:55:00+00:00,5,K5,UP,2026-08-28T02:55:01.477620+00:00,2,79920.9,79926.11,UP,1
2026-08-28T03:00:00+00:00,5,K5,UP,2026-08-28T03:00:01.700285+00:00,2,79926.11,79888.0,DOWN,0
2026-08-28T03:00:00+00:00,15,K5,UP,2026-08-28T03:00:01.700285+00:00,2,79926.11,79876.0,DOWN,0
2026-08-28T03:05:00+00:00,5,K10,UP,2026-08-28T03:06:02.981337+00:00,63,79887.99,79813.79,DOWN,0
2026-08-28T03:05:00+00:00,5,K8,UP,2026-08-28T03:05:01.503921+00:00,2,79887.99,79813.79,DOWN,0
2026-08-28T03:05:00+00:00,5,K5,UP,2026-08-28T03:05:01.503921+00:00,2,79887.99,79813.79,DOWN,0
2026-08-28T03:10:00+00:00,5,K8,UP,2026-08-28T03:10:01.494176+00:00,2,79813.8,79876.0,UP,1
2026-08-28T03:10:00+00:00,5,K5,UP,2026-08-28T03:10:01.494176+00:00,2,79813.8,79876.0,UP,1
2026-08-28T03:10:00+00:00,5,K12,UP,2026-08-28T03:10:01.494176+00:00,2,79813.8,79876.0,UP,1
2026-08-28T03:15:00+00:00,5,K5,UP,2026-08-28T03:15:01.479131+00:00,2,79876.0,80009.99,UP,1
2026-08-28T03:15:00+00:00,15,K11,UP,2026-08-28T03:20:01.480411+00:00,302,79876.0,79910.0,UP,1
2026-08-28T03:15:00+00:00,15,K8,UP,2026-08-28T03:15:01.479131+00:00,2,79876.0,79910.0,UP,1
2026-08-28T03:15:00+00:00,15,K5,UP,2026-08-28T03:15:01.479131+00:00,2,79876.0,79910.0,UP,1
2026-08-28T03:20:00+00:00,5,K9,DOWN,2026-08-28T03:20:01.480411+00:00,2,80009.99,80049.66,UP,0
2026-08-28T03:20:00+00:00,5,K4,DOWN,2026-08-28T03:20:01.480411+00:00,2,80009.99,80049.66,UP,0
2026-08-28T03:30:00+00:00,5,K10,UP,2026-08-28T03:31:03.842856+00:00,64,79910.01,79925.0,UP,1
2026-08-28T03:30:00+00:00,5,K11,UP,2026-08-28T03:31:45.918685+00:00,106,79910.01,79925.0,UP,1
2026-08-28T03:30:00+00:00,5,K9,UP,2026-08-28T03:30:01.525586+00:00,2,79910.01,79925.0,UP,1
2026-08-28T03:30:00+00:00,5,K4,UP,2026-08-28T03:30:01.525586+00:00,2,79910.01,79925.0,UP,1
2026-08-28T03:30:00+00:00,5,K5,UP,2026-08-28T03:30:01.525586+00:00,2,79910.01,79925.0,UP,1
2026-08-28T03:30:00+00:00,15,K5,UP,2026-08-28T03:30:01.525586+00:00,2,79910.01,79814.57,DOWN,0
2026-08-28T03:40:00+00:00,5,K5,UP,2026-08-28T03:40:01.457609+00:00,2,79866.0,79814.57,DOWN,0
2026-08-28T03:45:00+00:00,5,K5,UP,2026-08-28T03:45:01.516450+00:00,2,79814.56,79826.07,UP,1
2026-08-28T03:45:00+00:00,15,K8,UP,2026-08-28T03:45:01.516450+00:00,2,79814.56,79810.49,DOWN,0
2026-08-28T03:45:00+00:00,15,K5,UP,2026-08-28T03:45:01.516450+00:00,2,79814.56,79810.49,DOWN,0
2026-08-28T03:50:00+00:00,5,K5,UP,2026-08-28T03:50:01.470898+00:00,2,79826.08,79844.69,UP,1
2026-08-28T04:00:00+00:00,15,K8,UP,2026-08-28T04:00:01.705745+00:00,2,79810.48,79844.69,UP,1
2026-08-28T04:00:00+00:00,15,K5,UP,2026-08-28T04:00:01.705745+00:00,2,79810.48,79844.69,UP,1
2026-08-28T04:05:00+00:00,5,K2,UP,2026-08-28T04:05:01.485745+00:00,2,79775.06,79639.3,DOWN,0
2026-08-28T04:05:00+00:00,5,K10,DOWN,2026-08-28T04:06:03.584307+00:00,64,79775.06,79639.3,DOWN,1
2026-08-28T04:05:00+00:00,5,K5,UP,2026-08-28T04:05:01.485745+00:00,2,79775.06,79639.3,DOWN,0
2026-08-28T04:10:00+00:00,5,K2,UP,2026-08-28T04:10:01.484077+00:00,2,79639.3,79844.69,UP,1
2026-08-28T04:10:00+00:00,5,K7,UP,2026-08-28T04:10:01.484077+00:00,2,79639.3,79844.69,UP,1
2026-08-28T04:10:00+00:00,5,K1,UP,2026-08-28T04:10:01.484077+00:00,2,79639.3,79844.69,UP,1
2026-08-28T04:10:00+00:00,5,K6,UP,2026-08-28T04:10:01.484077+00:00,2,79639.3,79844.69,UP,1
2026-08-28T04:10:00+00:00,5,K10,UP,2026-08-28T04:11:03.092712+00:00,64,79639.3,79844.69,UP,1
2026-08-28T04:10:00+00:00,5,K11,UP,2026-08-28T04:11:45.855172+00:00,106,79639.3,79844.69,UP,1
2026-08-28T04:10:00+00:00,5,K9,UP,2026-08-28T04:10:01.484077+00:00,2,79639.3,79844.69,UP,1
2026-08-28T04:10:00+00:00,5,K4,UP,2026-08-28T04:10:01.484077+00:00,2,79639.3,79844.69,UP,1
2026-08-28T04:10:00+00:00,5,K3,UP,2026-08-28T04:10:01.484077+00:00,2,79639.3,79844.69,UP,1
2026-08-28T04:10:00+00:00,5,K8,UP,2026-08-28T04:10:01.484077+00:00,2,79639.3,79844.69,UP,1
2026-08-28T04:10:00+00:00,5,K5,UP,2026-08-28T04:10:01.484077+00:00,2,79639.3,79844.69,UP,1
2026-08-28T04:10:00+00:00,5,K12,UP,2026-08-28T04:10:01.484077+00:00,2,79639.3,79844.69,UP,1
2026-08-28T04:15:00+00:00,5,K10,UP,2026-08-28T04:16:04.158270+00:00,65,79844.68,79903.26,UP,1
2026-08-28T04:15:00+00:00,5,K11,UP,2026-08-28T04:16:46.653491+00:00,107,79844.68,79903.26,UP,1
2026-08-28T04:15:00+00:00,5,K9,DOWN,2026-08-28T04:15:01.754196+00:00,2,79844.68,79903.26,UP,0
2026-08-28T04:15:00+00:00,5,K4,DOWN,2026-08-28T04:15:01.754196+00:00,2,79844.68,79903.26,UP,0
2026-08-28T04:15:00+00:00,15,K10,UP,2026-08-28T04:18:08.024422+00:00,189,79844.68,79816.01,DOWN,0
2026-08-28T04:15:00+00:00,15,K5,UP,2026-08-28T04:15:01.754196+00:00,2,79844.68,79816.01,DOWN,0
2026-08-28T04:30:00+00:00,15,K5,UP,2026-08-28T04:30:01.536243+00:00,2,79816.0,79705.26,DOWN,0
2026-08-28T04:40:00+00:00,5,K2,UP,2026-08-28T04:40:01.549433+00:00,2,79636.53,79705.26,UP,1
2026-08-28T04:40:00+00:00,5,K7,UP,2026-08-28T04:40:01.549433+00:00,2,79636.53,79705.26,UP,1
2026-08-28T04:40:00+00:00,5,K11,UP,2026-08-28T04:41:44.323432+00:00,105,79636.53,79705.26,UP,1
2026-08-28T04:40:00+00:00,5,K4,UP,2026-08-28T04:40:01.549433+00:00,2,79636.53,79705.26,UP,1
2026-08-28T04:40:00+00:00,5,K8,UP,2026-08-28T04:40:01.549433+00:00,2,79636.53,79705.26,UP,1
2026-08-28T04:40:00+00:00,5,K5,UP,2026-08-28T04:40:01.549433+00:00,2,79636.53,79705.26,UP,1
2026-08-28T04:45:00+00:00,15,K8,UP,2026-08-28T04:45:01.525812+00:00,2,79705.26,79643.81,DOWN,0
2026-08-28T04:45:00+00:00,15,K5,UP,2026-08-28T04:45:01.525812+00:00,2,79705.26,79643.81,DOWN,0
2026-08-28T04:50:00+00:00,5,K2,UP,2026-08-28T04:50:01.466666+00:00,2,79630.0,79658.06,UP,1
2026-08-28T04:50:00+00:00,5,K8,UP,2026-08-28T04:50:01.466666+00:00,2,79630.0,79658.06,UP,1
2026-08-28T04:50:00+00:00,5,K5,UP,2026-08-28T04:50:01.466666+00:00,2,79630.0,79658.06,UP,1
2026-08-28T04:55:00+00:00,5,K5,UP,2026-08-28T04:55:01.624098+00:00,2,79658.05,79643.81,DOWN,0
2026-08-28T05:00:00+00:00,5,K8,UP,2026-08-28T05:00:01.743413+00:00,2,79643.8,79710.04,UP,1
2026-08-28T05:00:00+00:00,5,K5,UP,2026-08-28T05:00:01.743413+00:00,2,79643.8,79710.04,UP,1
2026-08-28T05:00:00+00:00,15,K8,UP,2026-08-28T05:00:01.743413+00:00,2,79643.8,79634.0,DOWN,0
2026-08-28T05:00:00+00:00,15,K5,UP,2026-08-28T05:00:01.743413+00:00,2,79643.8,79634.0,DOWN,0
2026-08-28T05:10:00+00:00,5,K2,UP,2026-08-28T05:10:01.539914+00:00,2,79570.0,79634.0,UP,1
2026-08-28T05:10:00+00:00,5,K9,UP,2026-08-28T05:10:01.539914+00:00,2,79570.0,79634.0,UP,1
2026-08-28T05:10:00+00:00,5,K4,UP,2026-08-28T05:10:01.539914+00:00,2,79570.0,79634.0,UP,1
2026-08-28T05:10:00+00:00,5,K8,UP,2026-08-28T05:10:01.539914+00:00,2,79570.0,79634.0,UP,1
2026-08-28T05:10:00+00:00,5,K5,UP,2026-08-28T05:10:01.539914+00:00,2,79570.0,79634.0,UP,1
2026-08-28T05:15:00+00:00,5,K5,UP,2026-08-28T05:15:01.551254+00:00,2,79634.0,79630.0,DOWN,0
2026-08-28T05:15:00+00:00,15,K8,UP,2026-08-28T05:15:01.551254+00:00,2,79634.0,79731.5,UP,1
2026-08-28T05:15:00+00:00,15,K5,UP,2026-08-28T05:15:01.551254+00:00,2,79634.0,79731.5,UP,1
2026-08-28T05:20:00+00:00,5,K5,UP,2026-08-28T05:20:01.459510+00:00,2,79630.01,79636.89,UP,1
2026-08-28T05:25:00+00:00,5,K5,UP,2026-08-28T05:25:01.482026+00:00,2,79636.9,79731.5,UP,1
2026-08-28T05:30:00+00:00,15,K8,UP,2026-08-28T05:30:01.543644+00:00,2,79731.49,79806.23,UP,1
2026-08-28T05:30:00+00:00,15,K5,UP,2026-08-28T05:30:01.543644+00:00,2,79731.49,79806.23,UP,1
2026-08-28T05:45:00+00:00,15,K5,UP,2026-08-28T05:45:01.494895+00:00,2,79806.23,79686.0,DOWN,0
2026-08-28T05:55:00+00:00,5,K10,DOWN,2026-08-28T05:56:01.868365+00:00,62,79800.66,79686.0,DOWN,1
2026-08-28T05:55:00+00:00,5,K11,DOWN,2026-08-28T05:56:43.119629+00:00,104,79800.66,79686.0,DOWN,1
2026-08-28T06:00:00+00:00,5,K10,UP,2026-08-28T06:01:04.180535+00:00,65,79686.0,79836.14,UP,1
2026-08-28T06:00:00+00:00,5,K11,UP,2026-08-28T06:01:46.567368+00:00,107,79686.0,79836.14,UP,1
2026-08-28T06:00:00+00:00,5,K9,UP,2026-08-28T06:00:01.670646+00:00,2,79686.0,79836.14,UP,1
2026-08-28T06:00:00+00:00,5,K4,UP,2026-08-28T06:00:01.670646+00:00,2,79686.0,79836.14,UP,1
2026-08-28T06:00:00+00:00,15,K10,UP,2026-08-28T06:03:07.905922+00:00,188,79686.0,79903.26,UP,1
2026-08-28T06:00:00+00:00,15,K11,UP,2026-08-28T06:05:01.514904+00:00,302,79686.0,79903.26,UP,1
2026-08-28T06:00:00+00:00,15,K8,UP,2026-08-28T06:00:01.670646+00:00,2,79686.0,79903.26,UP,1
2026-08-28T06:00:00+00:00,15,K5,UP,2026-08-28T06:00:01.670646+00:00,2,79686.0,79903.26,UP,1
2026-08-28T06:05:00+00:00,5,K9,DOWN,2026-08-28T06:05:01.514904+00:00,2,79836.15,79885.12,UP,0
2026-08-28T06:05:00+00:00,5,K4,DOWN,2026-08-28T06:05:01.514904+00:00,2,79836.15,79885.12,UP,0
2026-08-28T06:05:00+00:00,5,K5,DOWN,2026-08-28T06:05:01.514904+00:00,2,79836.15,79885.12,UP,0
2026-08-28T06:10:00+00:00,5,K2,DOWN,2026-08-28T06:10:01.485958+00:00,2,79885.13,79903.26,UP,0
2026-08-28T06:10:00+00:00,5,K8,DOWN,2026-08-28T06:10:01.485958+00:00,2,79885.13,79903.26,UP,0
2026-08-28T06:10:00+00:00,5,K5,DOWN,2026-08-28T06:10:01.485958+00:00,2,79885.13,79903.26,UP,0
2026-08-28T06:15:00+00:00,5,K2,DOWN,2026-08-28T06:15:01.530669+00:00,2,79903.26,79861.85,DOWN,1
2026-08-28T06:15:00+00:00,5,K8,DOWN,2026-08-28T06:15:01.530669+00:00,2,79903.26,79861.85,DOWN,1
2026-08-28T06:15:00+00:00,5,K5,DOWN,2026-08-28T06:15:01.530669+00:00,2,79903.26,79861.85,DOWN,1
2026-08-28T06:15:00+00:00,15,K9,DOWN,2026-08-28T06:15:01.530669+00:00,2,79903.26,79827.15,DOWN,1
2026-08-28T06:15:00+00:00,15,K4,DOWN,2026-08-28T06:15:01.530669+00:00,2,79903.26,79827.15,DOWN,1
2026-08-28T06:15:00+00:00,15,K5,UP,2026-08-28T06:15:01.530669+00:00,2,79903.26,79827.15,DOWN,0
2026-08-28T06:20:00+00:00,5,K5,DOWN,2026-08-28T06:20:01.648756+00:00,2,79861.86,79844.78,DOWN,1
2026-08-28T06:25:00+00:00,5,K5,DOWN,2026-08-28T06:25:01.649970+00:00,2,79844.79,79827.15,DOWN,1
2026-08-28T06:30:00+00:00,15,K5,UP,2026-08-28T06:30:01.693989+00:00,2,79827.14,79861.98,UP,1
2026-08-28T06:40:00+00:00,5,K10,DOWN,2026-08-28T06:41:03.034003+00:00,64,79859.37,79861.98,UP,0
2026-08-28T06:40:00+00:00,5,K5,DOWN,2026-08-28T06:40:01.458072+00:00,2,79859.37,79861.98,UP,0
2026-08-28T06:45:00+00:00,5,K5,DOWN,2026-08-28T06:45:01.535038+00:00,2,79861.99,79960.0,UP,0
2026-08-28T06:50:00+00:00,5,K2,DOWN,2026-08-28T06:50:01.511979+00:00,2,79960.0,79957.04,DOWN,1
2026-08-28T06:50:00+00:00,5,K8,DOWN,2026-08-28T06:50:01.511979+00:00,2,79960.0,79957.04,DOWN,1
2026-08-28T06:50:00+00:00,5,K5,DOWN,2026-08-28T06:50:01.511979+00:00,2,79960.0,79957.04,DOWN,1
2026-08-28T06:55:00+00:00,5,K2,DOWN,2026-08-28T06:55:01.459607+00:00,2,79957.04,79904.21,DOWN,1
2026-08-28T06:55:00+00:00,5,K8,DOWN,2026-08-28T06:55:01.459607+00:00,2,79957.04,79904.21,DOWN,1
2026-08-28T06:55:00+00:00,5,K5,DOWN,2026-08-28T06:55:01.459607+00:00,2,79957.04,79904.21,DOWN,1
2026-08-28T07:00:00+00:00,15,K11,DOWN,2026-08-28T07:05:01.544158+00:00,302,79904.21,79687.62,DOWN,1
2026-08-28T07:05:00+00:00,5,K9,UP,2026-08-28T07:05:01.544158+00:00,2,79770.25,79690.19,DOWN,0
2026-08-28T07:05:00+00:00,5,K4,UP,2026-08-28T07:05:01.544158+00:00,2,79770.25,79690.19,DOWN,0
2026-08-28T07:10:00+00:00,5,K2,UP,2026-08-28T07:10:01.517028+00:00,2,79690.18,79687.62,DOWN,0
2026-08-28T07:10:00+00:00,5,K7,UP,2026-08-28T07:10:01.517028+00:00,2,79690.18,79687.62,DOWN,0
2026-08-28T07:10:00+00:00,5,K4,UP,2026-08-28T07:10:01.517028+00:00,2,79690.18,79687.62,DOWN,0
2026-08-28T07:10:00+00:00,5,K5,UP,2026-08-28T07:10:01.517028+00:00,2,79690.18,79687.62,DOWN,0
2026-08-28T07:15:00+00:00,5,K2,UP,2026-08-28T07:15:01.595808+00:00,2,79687.62,79720.87,UP,1
2026-08-28T07:15:00+00:00,5,K10,UP,2026-08-28T07:16:04.298677+00:00,65,79687.62,79720.87,UP,1
2026-08-28T07:15:00+00:00,5,K5,UP,2026-08-28T07:15:01.595808+00:00,2,79687.62,79720.87,UP,1
2026-08-28T07:15:00+00:00,15,K9,UP,2026-08-28T07:15:01.595808+00:00,2,79687.62,79805.27,UP,1
2026-08-28T07:15:00+00:00,15,K4,UP,2026-08-28T07:15:01.595808+00:00,2,79687.62,79805.27,UP,1
2026-08-28T07:15:00+00:00,15,K5,UP,2026-08-28T07:15:01.595808+00:00,2,79687.62,79805.27,UP,1
2026-08-28T07:25:00+00:00,5,K5,UP,2026-08-28T07:25:01.469185+00:00,2,79705.37,79805.27,UP,1
2026-08-28T07:40:00+00:00,5,K2,UP,2026-08-28T07:40:01.640273+00:00,2,79677.35,79578.15,DOWN,0
2026-08-28T07:40:00+00:00,5,K8,UP,2026-08-28T07:40:01.640273+00:00,2,79677.35,79578.15,DOWN,0
2026-08-28T07:40:00+00:00,5,K5,UP,2026-08-28T07:40:01.640273+00:00,2,79677.35,79578.15,DOWN,0
2026-08-28T07:45:00+00:00,5,K2,UP,2026-08-28T07:45:01.880324+00:00,2,79578.15,79667.92,UP,1
2026-08-28T07:45:00+00:00,5,K7,UP,2026-08-28T07:45:01.880324+00:00,2,79578.15,79667.92,UP,1
2026-08-28T07:45:00+00:00,5,K4,UP,2026-08-28T07:45:01.880324+00:00,2,79578.15,79667.92,UP,1
2026-08-28T07:45:00+00:00,5,K8,UP,2026-08-28T07:45:01.880324+00:00,2,79578.15,79667.92,UP,1
2026-08-28T07:45:00+00:00,5,K5,UP,2026-08-28T07:45:01.880324+00:00,2,79578.15,79667.92,UP,1
2026-08-28T07:45:00+00:00,15,K2,UP,2026-08-28T07:45:01.880324+00:00,2,79578.15,79660.0,UP,1
2026-08-28T07:45:00+00:00,15,K7,UP,2026-08-28T07:45:01.880324+00:00,2,79578.15,79660.0,UP,1
2026-08-28T07:45:00+00:00,15,K1,UP,2026-08-28T07:45:01.880324+00:00,2,79578.15,79660.0,UP,1
2026-08-28T07:45:00+00:00,15,K9,UP,2026-08-28T07:45:01.880324+00:00,2,79578.15,79660.0,UP,1
2026-08-28T07:45:00+00:00,15,K4,UP,2026-08-28T07:45:01.880324+00:00,2,79578.15,79660.0,UP,1
2026-08-28T07:45:00+00:00,15,K3,UP,2026-08-28T07:45:01.880324+00:00,2,79578.15,79660.0,UP,1
2026-08-28T07:45:00+00:00,15,K8,UP,2026-08-28T07:45:01.880324+00:00,2,79578.15,79660.0,UP,1
2026-08-28T07:45:00+00:00,15,K5,UP,2026-08-28T07:45:01.880324+00:00,2,79578.15,79660.0,UP,1
2026-08-28T07:55:00+00:00,5,K5,UP,2026-08-28T07:55:01.439265+00:00,2,79618.36,79660.0,UP,1
2026-08-28T08:45:00+00:00,5,K10,DOWN,2026-08-28T08:46:01.947375+00:00,62,79716.48,79508.02,DOWN,1
2026-08-28T08:45:00+00:00,5,K11,DOWN,2026-08-28T08:46:43.153486+00:00,104,79716.48,79508.02,DOWN,1
2026-08-28T08:45:00+00:00,15,K10,DOWN,2026-08-28T08:48:04.901612+00:00,185,79716.48,79516.78,DOWN,1
2026-08-28T08:45:00+00:00,15,K11,DOWN,2026-08-28T08:50:01.470734+00:00,302,79716.48,79516.78,DOWN,1
2026-08-28T08:50:00+00:00,5,K2,UP,2026-08-28T08:50:01.470734+00:00,2,79508.02,79595.0,UP,1
2026-08-28T08:50:00+00:00,5,K7,UP,2026-08-28T08:50:01.470734+00:00,2,79508.02,79595.0,UP,1
2026-08-28T08:50:00+00:00,5,K1,UP,2026-08-28T08:50:01.470734+00:00,2,79508.02,79595.0,UP,1
2026-08-28T08:50:00+00:00,5,K9,UP,2026-08-28T08:50:01.470734+00:00,2,79508.02,79595.0,UP,1
2026-08-28T08:50:00+00:00,5,K4,UP,2026-08-28T08:50:01.470734+00:00,2,79508.02,79595.0,UP,1
2026-08-28T08:50:00+00:00,5,K3,UP,2026-08-28T08:50:01.470734+00:00,2,79508.02,79595.0,UP,1
2026-08-28T08:50:00+00:00,5,K8,UP,2026-08-28T08:50:01.470734+00:00,2,79508.02,79595.0,UP,1
2026-08-28T08:50:00+00:00,5,K5,UP,2026-08-28T08:50:01.470734+00:00,2,79508.02,79595.0,UP,1
2026-08-28T08:55:00+00:00,5,K10,DOWN,2026-08-28T08:56:01.889049+00:00,62,79594.99,79516.78,DOWN,1
2026-08-28T08:55:00+00:00,5,K11,DOWN,2026-08-28T08:56:43.070827+00:00,104,79594.99,79516.78,DOWN,1
2026-08-28T09:00:00+00:00,5,K2,UP,2026-08-28T09:00:01.600773+00:00,2,79516.77,79301.8,DOWN,0
2026-08-28T09:00:00+00:00,5,K11,DOWN,2026-08-28T09:01:45.620359+00:00,106,79516.77,79301.8,DOWN,1
2026-08-28T09:00:00+00:00,5,K5,UP,2026-08-28T09:00:01.600773+00:00,2,79516.77,79301.8,DOWN,0
2026-08-28T09:00:00+00:00,15,K2,UP,2026-08-28T09:00:01.600773+00:00,2,79516.77,79382.86,DOWN,0
2026-08-28T09:00:00+00:00,15,K7,UP,2026-08-28T09:00:01.600773+00:00,2,79516.77,79382.86,DOWN,0
2026-08-28T09:00:00+00:00,15,K1,UP,2026-08-28T09:00:01.600773+00:00,2,79516.77,79382.86,DOWN,0
2026-08-28T09:00:00+00:00,15,K10,DOWN,2026-08-28T09:03:07.005731+00:00,188,79516.77,79382.86,DOWN,1
2026-08-28T09:00:00+00:00,15,K11,DOWN,2026-08-28T09:05:01.653884+00:00,302,79516.77,79382.86,DOWN,1
2026-08-28T09:00:00+00:00,15,K9,UP,2026-08-28T09:00:01.600773+00:00,2,79516.77,79382.86,DOWN,0
2026-08-28T09:00:00+00:00,15,K4,UP,2026-08-28T09:00:01.600773+00:00,2,79516.77,79382.86,DOWN,0
2026-08-28T09:00:00+00:00,15,K3,UP,2026-08-28T09:00:01.600773+00:00,2,79516.77,79382.86,DOWN,0
2026-08-28T09:00:00+00:00,15,K8,UP,2026-08-28T09:00:01.600773+00:00,2,79516.77,79382.86,DOWN,0
2026-08-28T09:00:00+00:00,15,K5,UP,2026-08-28T09:00:01.600773+00:00,2,79516.77,79382.86,DOWN,0
2026-08-28T09:05:00+00:00,5,K2,UP,2026-08-28T09:05:01.653884+00:00,2,79301.81,79410.0,UP,1
2026-08-28T09:05:00+00:00,5,K7,UP,2026-08-28T09:05:01.653884+00:00,2,79301.81,79410.0,UP,1
2026-08-28T09:05:00+00:00,5,K1,UP,2026-08-28T09:05:01.653884+00:00,2,79301.81,79410.0,UP,1
2026-08-28T09:05:00+00:00,5,K10,UP,2026-08-28T09:06:13.742730+00:00,74,79301.81,79410.0,UP,1
2026-08-28T09:05:00+00:00,5,K11,UP,2026-08-28T09:06:55.118192+00:00,116,79301.81,79410.0,UP,1
2026-08-28T09:05:00+00:00,5,K9,UP,2026-08-28T09:05:01.653884+00:00,2,79301.81,79410.0,UP,1
2026-08-28T09:05:00+00:00,5,K4,UP,2026-08-28T09:05:01.653884+00:00,2,79301.81,79410.0,UP,1
2026-08-28T09:05:00+00:00,5,K3,UP,2026-08-28T09:05:01.653884+00:00,2,79301.81,79410.0,UP,1
2026-08-28T09:05:00+00:00,5,K8,UP,2026-08-28T09:05:01.653884+00:00,2,79301.81,79410.0,UP,1
2026-08-28T09:05:00+00:00,5,K5,UP,2026-08-28T09:05:01.653884+00:00,2,79301.81,79410.0,UP,1
2026-08-28T09:10:00+00:00,5,K2,UP,2026-08-28T09:10:01.674260+00:00,2,79409.43,79382.86,DOWN,0
2026-08-28T09:15:00+00:00,5,K2,UP,2026-08-28T09:15:01.512824+00:00,2,79382.86,79432.17,UP,1
2026-08-28T09:15:00+00:00,15,K2,UP,2026-08-28T09:15:01.512824+00:00,2,79382.86,79377.34,DOWN,0
2026-08-28T09:15:00+00:00,15,K7,UP,2026-08-28T09:15:01.512824+00:00,2,79382.86,79377.34,DOWN,0
2026-08-28T09:15:00+00:00,15,K4,UP,2026-08-28T09:15:01.512824+00:00,2,79382.86,79377.34,DOWN,0
2026-08-28T09:15:00+00:00,15,K5,UP,2026-08-28T09:15:01.512824+00:00,2,79382.86,79377.34,DOWN,0
2026-08-28T09:30:00+00:00,15,K2,UP,2026-08-28T09:30:01.711491+00:00,2,79377.34,79277.82,DOWN,0
2026-08-28T09:30:00+00:00,15,K7,UP,2026-08-28T09:30:01.711491+00:00,2,79377.34,79277.82,DOWN,0
2026-08-28T09:30:00+00:00,15,K4,UP,2026-08-28T09:30:01.711491+00:00,2,79377.34,79277.82,DOWN,0
2026-08-28T09:30:00+00:00,15,K5,UP,2026-08-28T09:30:01.711491+00:00,2,79377.34,79277.82,DOWN,0
2026-08-28T09:45:00+00:00,5,K10,UP,2026-08-28T09:46:04.094711+00:00,65,79277.81,79273.79,DOWN,0
2026-08-28T09:45:00+00:00,5,K9,UP,2026-08-28T09:45:01.600785+00:00,2,79277.81,79273.79,DOWN,0
2026-08-28T09:45:00+00:00,5,K4,UP,2026-08-28T09:45:01.600785+00:00,2,79277.81,79273.79,DOWN,0
2026-08-28T09:45:00+00:00,5,K8,UP,2026-08-28T09:45:01.600785+00:00,2,79277.81,79273.79,DOWN,0
2026-08-28T09:45:00+00:00,5,K5,UP,2026-08-28T09:45:01.600785+00:00,2,79277.81,79273.79,DOWN,0
2026-08-28T09:45:00+00:00,15,K2,UP,2026-08-28T09:45:01.600785+00:00,2,79277.81,79285.19,UP,1
2026-08-28T09:45:00+00:00,15,K7,UP,2026-08-28T09:45:01.600785+00:00,2,79277.81,79285.19,UP,1
2026-08-28T09:45:00+00:00,15,K4,UP,2026-08-28T09:45:01.600785+00:00,2,79277.81,79285.19,UP,1
2026-08-28T09:45:00+00:00,15,K8,UP,2026-08-28T09:45:01.600785+00:00,2,79277.81,79285.19,UP,1
2026-08-28T09:45:00+00:00,15,K5,UP,2026-08-28T09:45:01.600785+00:00,2,79277.81,79285.19,UP,1
2026-08-28T09:50:00+00:00,5,K8,UP,2026-08-28T09:50:01.589409+00:00,2,79273.78,79316.0,UP,1
2026-08-28T09:50:00+00:00,5,K5,UP,2026-08-28T09:50:01.589409+00:00,2,79273.78,79316.0,UP,1
2026-08-28T09:55:00+00:00,5,K8,UP,2026-08-28T09:55:01.432315+00:00,2,79316.01,79285.19,DOWN,0
2026-08-28T09:55:00+00:00,5,K5,UP,2026-08-28T09:55:01.432315+00:00,2,79316.01,79285.19,DOWN,0
2026-08-28T10:00:00+00:00,5,K8,UP,2026-08-28T10:00:01.534713+00:00,2,79285.19,79186.36,DOWN,0
2026-08-28T10:00:00+00:00,5,K5,UP,2026-08-28T10:00:01.534713+00:00,2,79285.19,79186.36,DOWN,0
2026-08-28T10:00:00+00:00,15,K2,UP,2026-08-28T10:00:01.534713+00:00,2,79285.19,79220.48,DOWN,0
2026-08-28T10:00:00+00:00,15,K8,UP,2026-08-28T10:00:01.534713+00:00,2,79285.19,79220.48,DOWN,0
2026-08-28T10:00:00+00:00,15,K5,UP,2026-08-28T10:00:01.534713+00:00,2,79285.19,79220.48,DOWN,0
2026-08-28T10:05:00+00:00,5,K8,UP,2026-08-28T10:05:01.507330+00:00,2,79186.35,79035.28,DOWN,0
2026-08-28T10:05:00+00:00,5,K5,UP,2026-08-28T10:05:01.507330+00:00,2,79186.35,79035.28,DOWN,0
2026-08-28T10:10:00+00:00,5,K2,UP,2026-08-28T10:10:01.498746+00:00,2,79035.28,79220.48,UP,1
2026-08-28T10:10:00+00:00,5,K7,UP,2026-08-28T10:10:01.498746+00:00,2,79035.28,79220.48,UP,1
2026-08-28T10:10:00+00:00,5,K1,UP,2026-08-28T10:10:01.498746+00:00,2,79035.28,79220.48,UP,1
2026-08-28T10:10:00+00:00,5,K6,UP,2026-08-28T10:10:01.498746+00:00,2,79035.28,79220.48,UP,1
2026-08-28T10:10:00+00:00,5,K10,UP,2026-08-28T10:11:03.152345+00:00,64,79035.28,79220.48,UP,1
2026-08-28T10:10:00+00:00,5,K11,UP,2026-08-28T10:11:44.823995+00:00,105,79035.28,79220.48,UP,1
2026-08-28T10:10:00+00:00,5,K9,UP,2026-08-28T10:10:01.498746+00:00,2,79035.28,79220.48,UP,1
2026-08-28T10:10:00+00:00,5,K4,UP,2026-08-28T10:10:01.498746+00:00,2,79035.28,79220.48,UP,1
2026-08-28T10:10:00+00:00,5,K3,UP,2026-08-28T10:10:01.498746+00:00,2,79035.28,79220.48,UP,1
2026-08-28T10:10:00+00:00,5,K8,UP,2026-08-28T10:10:01.498746+00:00,2,79035.28,79220.48,UP,1
2026-08-28T10:10:00+00:00,5,K5,UP,2026-08-28T10:10:01.498746+00:00,2,79035.28,79220.48,UP,1
2026-08-28T10:10:00+00:00,5,K12,UP,2026-08-28T10:10:01.498746+00:00,2,79035.28,79220.48,UP,1
2026-08-28T10:15:00+00:00,5,K9,DOWN,2026-08-28T10:15:01.734047+00:00,2,79220.49,79202.39,DOWN,1
2026-08-28T10:15:00+00:00,5,K4,DOWN,2026-08-28T10:15:01.734047+00:00,2,79220.49,79202.39,DOWN,1
2026-08-28T10:15:00+00:00,15,K2,UP,2026-08-28T10:15:01.734047+00:00,2,79220.49,79303.65,UP,1
2026-08-28T10:30:00+00:00,5,K9,DOWN,2026-08-28T10:30:01.727383+00:00,2,79303.65,79332.0,UP,0
2026-08-28T10:30:00+00:00,5,K4,DOWN,2026-08-28T10:30:01.727383+00:00,2,79303.65,79332.0,UP,0
2026-08-28T10:50:00+00:00,5,K5,DOWN,2026-08-28T10:50:01.477031+00:00,2,79391.37,79453.42,UP,0
2026-08-28T10:55:00+00:00,5,K8,DOWN,2026-08-28T10:55:01.465921+00:00,2,79453.42,79565.89,UP,0
2026-08-28T10:55:00+00:00,5,K5,DOWN,2026-08-28T10:55:01.465921+00:00,2,79453.42,79565.89,UP,0
2026-08-28T11:00:00+00:00,5,K2,DOWN,2026-08-28T11:00:01.873838+00:00,2,79565.9,79697.3,UP,0
2026-08-28T11:00:00+00:00,5,K7,DOWN,2026-08-28T11:00:01.873838+00:00,2,79565.9,79697.3,UP,0
2026-08-28T11:00:00+00:00,5,K1,DOWN,2026-08-28T11:00:01.873838+00:00,2,79565.9,79697.3,UP,0
2026-08-28T11:00:00+00:00,5,K9,DOWN,2026-08-28T11:00:01.873838+00:00,2,79565.9,79697.3,UP,0
2026-08-28T11:00:00+00:00,5,K4,DOWN,2026-08-28T11:00:01.873838+00:00,2,79565.9,79697.3,UP,0
2026-08-28T11:00:00+00:00,5,K3,DOWN,2026-08-28T11:00:01.873838+00:00,2,79565.9,79697.3,UP,0
2026-08-28T11:00:00+00:00,5,K8,DOWN,2026-08-28T11:00:01.873838+00:00,2,79565.9,79697.3,UP,0
2026-08-28T11:00:00+00:00,5,K5,DOWN,2026-08-28T11:00:01.873838+00:00,2,79565.9,79697.3,UP,0
2026-08-28T11:00:00+00:00,15,K11,UP,2026-08-28T11:05:01.512648+00:00,302,79565.9,79694.0,UP,1
2026-08-28T11:00:00+00:00,15,K9,DOWN,2026-08-28T11:00:01.873838+00:00,2,79565.9,79694.0,UP,0
2026-08-28T11:00:00+00:00,15,K4,DOWN,2026-08-28T11:00:01.873838+00:00,2,79565.9,79694.0,UP,0
2026-08-28T11:05:00+00:00,5,K2,DOWN,2026-08-28T11:05:01.512648+00:00,2,79697.29,79662.0,DOWN,1
2026-08-28T11:05:00+00:00,5,K7,DOWN,2026-08-28T11:05:01.512648+00:00,2,79697.29,79662.0,DOWN,1
2026-08-28T11:05:00+00:00,5,K1,DOWN,2026-08-28T11:05:01.512648+00:00,2,79697.29,79662.0,DOWN,1
2026-08-28T11:05:00+00:00,5,K9,DOWN,2026-08-28T11:05:01.512648+00:00,2,79697.29,79662.0,DOWN,1
2026-08-28T11:05:00+00:00,5,K4,DOWN,2026-08-28T11:05:01.512648+00:00,2,79697.29,79662.0,DOWN,1
2026-08-28T11:05:00+00:00,5,K3,DOWN,2026-08-28T11:05:01.512648+00:00,2,79697.29,79662.0,DOWN,1
2026-08-28T11:05:00+00:00,5,K8,DOWN,2026-08-28T11:05:01.512648+00:00,2,79697.29,79662.0,DOWN,1
2026-08-28T11:05:00+00:00,5,K5,DOWN,2026-08-28T11:05:01.512648+00:00,2,79697.29,79662.0,DOWN,1
2026-08-28T11:10:00+00:00,5,K2,DOWN,2026-08-28T11:10:01.497974+00:00,2,79662.0,79694.0,UP,0
2026-08-28T11:10:00+00:00,5,K8,DOWN,2026-08-28T11:10:01.497974+00:00,2,79662.0,79694.0,UP,0
2026-08-28T11:10:00+00:00,5,K5,DOWN,2026-08-28T11:10:01.497974+00:00,2,79662.0,79694.0,UP,0
2026-08-28T11:15:00+00:00,5,K2,DOWN,2026-08-28T11:15:01.531147+00:00,2,79694.0,79739.21,UP,0
2026-08-28T11:15:00+00:00,5,K8,DOWN,2026-08-28T11:15:01.531147+00:00,2,79694.0,79739.21,UP,0
2026-08-28T11:15:00+00:00,5,K5,DOWN,2026-08-28T11:15:01.531147+00:00,2,79694.0,79739.21,UP,0
2026-08-28T11:20:00+00:00,5,K2,DOWN,2026-08-28T11:20:01.506226+00:00,2,79739.21,79770.29,UP,0
2026-08-28T11:20:00+00:00,5,K8,DOWN,2026-08-28T11:20:01.506226+00:00,2,79739.21,79770.29,UP,0
2026-08-28T11:20:00+00:00,5,K5,DOWN,2026-08-28T11:20:01.506226+00:00,2,79739.21,79770.29,UP,0
2026-08-28T11:25:00+00:00,5,K2,DOWN,2026-08-28T11:25:01.462426+00:00,2,79770.29,79668.83,DOWN,1
2026-08-28T11:25:00+00:00,5,K11,DOWN,2026-08-28T11:26:44.033184+00:00,105,79770.29,79668.83,DOWN,1
2026-08-28T11:25:00+00:00,5,K8,DOWN,2026-08-28T11:25:01.462426+00:00,2,79770.29,79668.83,DOWN,1
2026-08-28T11:25:00+00:00,5,K5,DOWN,2026-08-28T11:25:01.462426+00:00,2,79770.29,79668.83,DOWN,1
2026-08-28T11:30:00+00:00,5,K5,DOWN,2026-08-28T11:30:01.523021+00:00,2,79668.83,79699.62,UP,0
2026-08-28T11:35:00+00:00,5,K10,DOWN,2026-08-28T11:36:02.986310+00:00,63,79699.62,79590.09,DOWN,1
2026-08-28T11:35:00+00:00,5,K11,DOWN,2026-08-28T11:36:44.683944+00:00,105,79699.62,79590.09,DOWN,1
2026-08-28T11:35:00+00:00,5,K8,DOWN,2026-08-28T11:35:01.456386+00:00,2,79699.62,79590.09,DOWN,1
2026-08-28T11:35:00+00:00,5,K5,DOWN,2026-08-28T11:35:01.456386+00:00,2,79699.62,79590.09,DOWN,1
2026-08-28T11:45:00+00:00,5,K5,DOWN,2026-08-28T11:45:01.501723+00:00,2,79626.03,79632.35,UP,0
2026-08-28T11:50:00+00:00,5,K5,DOWN,2026-08-28T11:50:01.489324+00:00,2,79632.35,79592.25,DOWN,1
2026-08-28T12:15:00+00:00,5,K11,UP,2026-08-28T12:16:42.356940+00:00,103,79535.73,79600.01,UP,1
2026-08-28T12:15:00+00:00,15,K10,UP,2026-08-28T12:18:04.381246+00:00,185,79535.73,79526.0,DOWN,0
2026-08-28T12:35:00+00:00,5,K2,UP,2026-08-28T12:35:01.616151+00:00,2,79464.96,79383.16,DOWN,0
2026-08-28T12:35:00+00:00,5,K7,UP,2026-08-28T12:35:01.616151+00:00,2,79464.96,79383.16,DOWN,0
2026-08-28T12:35:00+00:00,5,K4,UP,2026-08-28T12:35:01.616151+00:00,2,79464.96,79383.16,DOWN,0
2026-08-28T12:35:00+00:00,5,K8,UP,2026-08-28T12:35:01.616151+00:00,2,79464.96,79383.16,DOWN,0
2026-08-28T12:35:00+00:00,5,K5,UP,2026-08-28T12:35:01.616151+00:00,2,79464.96,79383.16,DOWN,0
2026-08-28T12:40:00+00:00,5,K2,UP,2026-08-28T12:40:01.467970+00:00,2,79383.15,79416.88,UP,1
2026-08-28T12:40:00+00:00,5,K7,UP,2026-08-28T12:40:01.467970+00:00,2,79383.15,79416.88,UP,1
2026-08-28T12:40:00+00:00,5,K4,UP,2026-08-28T12:40:01.467970+00:00,2,79383.15,79416.88,UP,1
2026-08-28T12:40:00+00:00,5,K8,UP,2026-08-28T12:40:01.467970+00:00,2,79383.15,79416.88,UP,1
2026-08-28T12:40:00+00:00,5,K5,UP,2026-08-28T12:40:01.467970+00:00,2,79383.15,79416.88,UP,1
2026-08-28T12:45:00+00:00,5,K2,UP,2026-08-28T12:45:01.560515+00:00,2,79416.88,79399.58,DOWN,0
2026-08-28T12:50:00+00:00,5,K2,UP,2026-08-28T12:50:01.475794+00:00,2,79399.59,79390.31,DOWN,0
2026-08-28T12:55:00+00:00,5,K2,UP,2026-08-28T12:55:01.581881+00:00,2,79390.3,79421.05,UP,1
2026-08-28T12:55:00+00:00,5,K5,UP,2026-08-28T12:55:01.581881+00:00,2,79390.3,79421.05,UP,1
2026-08-28T13:10:00+00:00,5,K2,UP,2026-08-28T13:10:01.481807+00:00,2,79309.64,79371.28,UP,1
2026-08-28T13:10:00+00:00,5,K9,UP,2026-08-28T13:10:01.481807+00:00,2,79309.64,79371.28,UP,1
2026-08-28T13:10:00+00:00,5,K4,UP,2026-08-28T13:10:01.481807+00:00,2,79309.64,79371.28,UP,1
2026-08-28T13:10:00+00:00,5,K8,UP,2026-08-28T13:10:01.481807+00:00,2,79309.64,79371.28,UP,1
2026-08-28T13:10:00+00:00,5,K5,UP,2026-08-28T13:10:01.481807+00:00,2,79309.64,79371.28,UP,1
2026-08-28T13:15:00+00:00,5,K10,DOWN,2026-08-28T13:16:03.318879+00:00,64,79371.28,79360.44,DOWN,1
2026-08-28T13:15:00+00:00,5,K5,UP,2026-08-28T13:15:01.559566+00:00,2,79371.28,79360.44,DOWN,0
2026-08-28T13:20:00+00:00,5,K5,UP,2026-08-28T13:20:01.432637+00:00,2,79360.43,79273.42,DOWN,0
2026-08-28T13:25:00+00:00,5,K2,UP,2026-08-28T13:25:01.449822+00:00,2,79273.42,79199.22,DOWN,0
2026-08-28T13:25:00+00:00,5,K8,UP,2026-08-28T13:25:01.449822+00:00,2,79273.42,79199.22,DOWN,0
2026-08-28T13:25:00+00:00,5,K5,UP,2026-08-28T13:25:01.449822+00:00,2,79273.42,79199.22,DOWN,0
2026-08-28T13:30:00+00:00,5,K2,UP,2026-08-28T13:30:01.501968+00:00,2,79199.21,79314.98,UP,1
2026-08-28T13:30:00+00:00,5,K7,UP,2026-08-28T13:30:01.501968+00:00,2,79199.21,79314.98,UP,1
2026-08-28T13:30:00+00:00,5,K11,UP,2026-08-28T13:31:45.710285+00:00,106,79199.21,79314.98,UP,1
2026-08-28T13:30:00+00:00,5,K4,UP,2026-08-28T13:30:01.501968+00:00,2,79199.21,79314.98,UP,1
2026-08-28T13:30:00+00:00,5,K5,UP,2026-08-28T13:30:01.501968+00:00,2,79199.21,79314.98,UP,1
2026-08-28T13:30:00+00:00,15,K2,UP,2026-08-28T13:30:01.501968+00:00,2,79199.21,79088.0,DOWN,0
2026-08-28T13:30:00+00:00,15,K10,UP,2026-08-28T13:33:06.759259+00:00,187,79199.21,79088.0,DOWN,0
2026-08-28T13:30:00+00:00,15,K11,UP,2026-08-28T13:35:01.452161+00:00,302,79199.21,79088.0,DOWN,0
2026-08-28T13:35:00+00:00,5,K9,DOWN,2026-08-28T13:35:01.452161+00:00,2,79314.97,79164.0,DOWN,1
2026-08-28T13:35:00+00:00,5,K4,DOWN,2026-08-28T13:35:01.452161+00:00,2,79314.97,79164.0,DOWN,1
2026-08-28T13:40:00+00:00,5,K2,UP,2026-08-28T13:40:01.454121+00:00,2,79164.01,79088.0,DOWN,0
2026-08-28T13:40:00+00:00,5,K10,DOWN,2026-08-28T13:41:05.339326+00:00,66,79164.01,79088.0,DOWN,1
2026-08-28T13:40:00+00:00,5,K9,UP,2026-08-28T13:40:01.454121+00:00,2,79164.01,79088.0,DOWN,0
2026-08-28T13:40:00+00:00,5,K4,UP,2026-08-28T13:40:01.454121+00:00,2,79164.01,79088.0,DOWN,0
2026-08-28T13:40:00+00:00,5,K5,UP,2026-08-28T13:40:01.454121+00:00,2,79164.01,79088.0,DOWN,0
2026-08-28T13:45:00+00:00,5,K2,UP,2026-08-28T13:45:01.676890+00:00,2,79087.99,79196.36,UP,1
2026-08-28T13:45:00+00:00,5,K7,UP,2026-08-28T13:45:01.676890+00:00,2,79087.99,79196.36,UP,1
2026-08-28T13:45:00+00:00,5,K11,UP,2026-08-28T13:47:06.593409+00:00,127,79087.99,79196.36,UP,1
2026-08-28T13:45:00+00:00,5,K4,UP,2026-08-28T13:45:01.676890+00:00,2,79087.99,79196.36,UP,1
2026-08-28T13:45:00+00:00,5,K8,UP,2026-08-28T13:45:01.676890+00:00,2,79087.99,79196.36,UP,1
2026-08-28T13:45:00+00:00,5,K5,UP,2026-08-28T13:45:01.676890+00:00,2,79087.99,79196.36,UP,1
2026-08-28T13:45:00+00:00,15,K2,UP,2026-08-28T13:45:01.676890+00:00,2,79087.99,79330.75,UP,1
2026-08-28T13:45:00+00:00,15,K10,UP,2026-08-28T13:48:07.696007+00:00,188,79087.99,79330.75,UP,1
2026-08-28T13:45:00+00:00,15,K5,UP,2026-08-28T13:45:01.676890+00:00,2,79087.99,79330.75,UP,1
2026-08-28T13:50:00+00:00,5,K9,DOWN,2026-08-28T13:50:01.470859+00:00,2,79196.35,79419.41,UP,0
2026-08-28T13:50:00+00:00,5,K4,DOWN,2026-08-28T13:50:01.470859+00:00,2,79196.35,79419.41,UP,0
2026-08-28T13:55:00+00:00,5,K9,DOWN,2026-08-28T13:55:01.422827+00:00,2,79419.41,79330.75,DOWN,1
2026-08-28T13:55:00+00:00,5,K4,DOWN,2026-08-28T13:55:01.422827+00:00,2,79419.41,79330.75,DOWN,1
2026-08-28T14:00:00+00:00,5,K10,UP,2026-08-28T14:01:03.891953+00:00,64,79330.34,78805.8,DOWN,0
2026-08-28T14:00:00+00:00,5,K11,DOWN,2026-08-28T14:01:45.608266+00:00,106,79330.34,78805.8,DOWN,1
2026-08-28T14:00:00+00:00,15,K10,DOWN,2026-08-28T14:03:07.670459+00:00,188,79330.34,78626.0,DOWN,1
2026-08-28T14:00:00+00:00,15,K11,DOWN,2026-08-28T14:05:01.474605+00:00,302,79330.34,78626.0,DOWN,1
2026-08-28T14:00:00+00:00,15,K9,DOWN,2026-08-28T14:00:01.570184+00:00,2,79330.34,78626.0,DOWN,1
2026-08-28T14:00:00+00:00,15,K4,DOWN,2026-08-28T14:00:01.570184+00:00,2,79330.34,78626.0,DOWN,1
2026-08-28T14:05:00+00:00,5,K2,UP,2026-08-28T14:05:01.474605+00:00,2,78805.79,78839.55,UP,1
2026-08-28T14:05:00+00:00,5,K7,UP,2026-08-28T14:05:01.474605+00:00,2,78805.79,78839.55,UP,1
2026-08-28T14:05:00+00:00,5,K1,UP,2026-08-28T14:05:01.474605+00:00,2,78805.79,78839.55,UP,1
2026-08-28T14:05:00+00:00,5,K10,DOWN,2026-08-28T14:06:04.225516+00:00,65,78805.79,78839.55,UP,0
2026-08-28T14:05:00+00:00,5,K11,DOWN,2026-08-28T14:06:45.982939+00:00,106,78805.79,78839.55,UP,0
2026-08-28T14:05:00+00:00,5,K9,UP,2026-08-28T14:05:01.474605+00:00,2,78805.79,78839.55,UP,1
2026-08-28T14:05:00+00:00,5,K4,UP,2026-08-28T14:05:01.474605+00:00,2,78805.79,78839.55,UP,1
2026-08-28T14:05:00+00:00,5,K3,UP,2026-08-28T14:05:01.474605+00:00,2,78805.79,78839.55,UP,1
2026-08-28T14:05:00+00:00,5,K8,UP,2026-08-28T14:05:01.474605+00:00,2,78805.79,78839.55,UP,1
2026-08-28T14:05:00+00:00,5,K5,UP,2026-08-28T14:05:01.474605+00:00,2,78805.79,78839.55,UP,1
2026-08-28T14:10:00+00:00,5,K2,UP,2026-08-28T14:10:01.533322+00:00,2,78839.56,78626.0,DOWN,0
2026-08-28T14:10:00+00:00,5,K7,UP,2026-08-28T14:10:01.533322+00:00,2,78839.56,78626.0,DOWN,0
2026-08-28T14:10:00+00:00,5,K10,DOWN,2026-08-28T14:11:02.990525+00:00,63,78839.56,78626.0,DOWN,1
2026-08-28T14:10:00+00:00,5,K11,DOWN,2026-08-28T14:11:44.701482+00:00,105,78839.56,78626.0,DOWN,1
2026-08-28T14:10:00+00:00,5,K4,UP,2026-08-28T14:10:01.533322+00:00,2,78839.56,78626.0,DOWN,0
2026-08-28T14:15:00+00:00,5,K2,UP,2026-08-28T14:15:01.538519+00:00,2,78626.0,78884.43,UP,1
2026-08-28T14:15:00+00:00,5,K7,UP,2026-08-28T14:15:01.538519+00:00,2,78626.0,78884.43,UP,1
2026-08-28T14:15:00+00:00,5,K1,UP,2026-08-28T14:15:01.538519+00:00,2,78626.0,78884.43,UP,1
2026-08-28T14:15:00+00:00,5,K6,UP,2026-08-28T14:15:01.538519+00:00,2,78626.0,78884.43,UP,1
2026-08-28T14:15:00+00:00,5,K10,DOWN,2026-08-28T14:16:16.943750+00:00,77,78626.0,78884.43,UP,0
2026-08-28T14:15:00+00:00,5,K9,UP,2026-08-28T14:15:01.538519+00:00,2,78626.0,78884.43,UP,1
2026-08-28T14:15:00+00:00,5,K4,UP,2026-08-28T14:15:01.538519+00:00,2,78626.0,78884.43,UP,1
2026-08-28T14:15:00+00:00,5,K3,UP,2026-08-28T14:15:01.538519+00:00,2,78626.0,78884.43,UP,1
2026-08-28T14:15:00+00:00,5,K5,UP,2026-08-28T14:15:01.538519+00:00,2,78626.0,78884.43,UP,1
2026-08-28T14:15:00+00:00,5,K12,UP,2026-08-28T14:15:01.538519+00:00,2,78626.0,78884.43,UP,1
2026-08-28T14:15:00+00:00,15,K2,UP,2026-08-28T14:15:01.538519+00:00,2,78626.0,78946.08,UP,1
2026-08-28T14:15:00+00:00,15,K7,UP,2026-08-28T14:15:01.538519+00:00,2,78626.0,78946.08,UP,1
2026-08-28T14:15:00+00:00,15,K1,UP,2026-08-28T14:15:01.538519+00:00,2,78626.0,78946.08,UP,1
2026-08-28T14:15:00+00:00,15,K6,UP,2026-08-28T14:15:01.538519+00:00,2,78626.0,78946.08,UP,1
2026-08-28T14:15:00+00:00,15,K10,UP,2026-08-28T14:18:19.424722+00:00,200,78626.0,78946.08,UP,1
2026-08-28T14:15:00+00:00,15,K11,UP,2026-08-28T14:20:01.475752+00:00,302,78626.0,78946.08,UP,1
2026-08-28T14:15:00+00:00,15,K9,UP,2026-08-28T14:15:01.538519+00:00,2,78626.0,78946.08,UP,1
2026-08-28T14:15:00+00:00,15,K4,UP,2026-08-28T14:15:01.538519+00:00,2,78626.0,78946.08,UP,1
2026-08-28T14:15:00+00:00,15,K3,UP,2026-08-28T14:15:01.538519+00:00,2,78626.0,78946.08,UP,1
2026-08-28T14:15:00+00:00,15,K5,UP,2026-08-28T14:15:01.538519+00:00,2,78626.0,78946.08,UP,1
2026-08-28T14:15:00+00:00,15,K12,UP,2026-08-28T14:15:01.538519+00:00,2,78626.0,78946.08,UP,1
2026-08-28T14:20:00+00:00,5,K11,UP,2026-08-28T14:21:45.177094+00:00,106,78884.44,78806.0,DOWN,0
2026-08-28T14:20:00+00:00,5,K9,DOWN,2026-08-28T14:20:01.475752+00:00,2,78884.44,78806.0,DOWN,1
2026-08-28T14:20:00+00:00,5,K4,DOWN,2026-08-28T14:20:01.475752+00:00,2,78884.44,78806.0,DOWN,1
2026-08-28T14:25:00+00:00,5,K11,DOWN,2026-08-28T14:26:42.304552+00:00,103,78805.99,78946.08,UP,0
2026-08-28T14:30:00+00:00,5,K9,DOWN,2026-08-28T14:30:01.710687+00:00,2,78946.07,79281.99,UP,0
2026-08-28T14:30:00+00:00,5,K4,DOWN,2026-08-28T14:30:01.710687+00:00,2,78946.07,79281.99,UP,0
2026-08-28T14:30:00+00:00,15,K2,UP,2026-08-28T14:30:01.710687+00:00,2,78946.07,79416.87,UP,1
2026-08-28T14:30:00+00:00,15,K10,UP,2026-08-28T14:33:07.873690+00:00,188,78946.07,79416.87,UP,1
2026-08-28T14:30:00+00:00,15,K11,UP,2026-08-28T14:35:01.464779+00:00,302,78946.07,79416.87,UP,1
2026-08-28T14:30:00+00:00,15,K9,DOWN,2026-08-28T14:30:01.710687+00:00,2,78946.07,79416.87,UP,0
2026-08-28T14:30:00+00:00,15,K4,DOWN,2026-08-28T14:30:01.710687+00:00,2,78946.07,79416.87,UP,0
2026-08-28T14:35:00+00:00,5,K11,UP,2026-08-28T14:36:44.683880+00:00,105,79281.99,79477.66,UP,1
2026-08-28T14:35:00+00:00,5,K9,DOWN,2026-08-28T14:35:01.464779+00:00,2,79281.99,79477.66,UP,0
2026-08-28T14:35:00+00:00,5,K4,DOWN,2026-08-28T14:35:01.464779+00:00,2,79281.99,79477.66,UP,0
2026-08-28T14:40:00+00:00,5,K10,UP,2026-08-28T14:41:02.895174+00:00,63,79477.67,79416.87,DOWN,0
2026-08-28T14:40:00+00:00,5,K9,DOWN,2026-08-28T14:40:01.461948+00:00,2,79477.67,79416.87,DOWN,1
2026-08-28T14:40:00+00:00,5,K4,DOWN,2026-08-28T14:40:01.461948+00:00,2,79477.67,79416.87,DOWN,1
2026-08-28T14:40:00+00:00,5,K5,DOWN,2026-08-28T14:40:01.461948+00:00,2,79477.67,79416.87,DOWN,1
2026-08-28T14:45:00+00:00,5,K11,DOWN,2026-08-28T14:46:44.589359+00:00,105,79416.88,79173.68,DOWN,1
2026-08-28T14:45:00+00:00,15,K10,DOWN,2026-08-28T14:48:06.165712+00:00,187,79416.88,79542.44,UP,0
2026-08-28T14:45:00+00:00,15,K11,DOWN,2026-08-28T14:50:01.470430+00:00,302,79416.88,79542.44,UP,0
2026-08-28T14:45:00+00:00,15,K9,DOWN,2026-08-28T14:45:01.678772+00:00,2,79416.88,79542.44,UP,0
2026-08-28T14:45:00+00:00,15,K4,DOWN,2026-08-28T14:45:01.678772+00:00,2,79416.88,79542.44,UP,0
2026-08-28T14:50:00+00:00,5,K10,UP,2026-08-28T14:51:04.640193+00:00,65,79173.68,79497.27,UP,1
2026-08-28T14:50:00+00:00,5,K11,UP,2026-08-28T14:51:46.519421+00:00,107,79173.68,79497.27,UP,1
2026-08-28T14:50:00+00:00,5,K9,UP,2026-08-28T14:50:01.470430+00:00,2,79173.68,79497.27,UP,1
2026-08-28T14:50:00+00:00,5,K4,UP,2026-08-28T14:50:01.470430+00:00,2,79173.68,79497.27,UP,1
2026-08-28T14:55:00+00:00,5,K11,UP,2026-08-28T14:57:04.983707+00:00,125,79497.27,79542.44,UP,1
2026-08-28T14:55:00+00:00,5,K9,DOWN,2026-08-28T14:55:01.598046+00:00,2,79497.27,79542.44,UP,0
2026-08-28T14:55:00+00:00,5,K4,DOWN,2026-08-28T14:55:01.598046+00:00,2,79497.27,79542.44,UP,0
2026-08-28T14:55:00+00:00,5,K5,DOWN,2026-08-28T14:55:01.598046+00:00,2,79497.27,79542.44,UP,0
2026-08-28T15:00:00+00:00,5,K10,UP,2026-08-28T15:01:03.912846+00:00,64,79542.44,79487.05,DOWN,0
2026-08-28T15:00:00+00:00,5,K11,UP,2026-08-28T15:01:46.106993+00:00,107,79542.44,79487.05,DOWN,0
2026-08-28T15:00:00+00:00,5,K5,DOWN,2026-08-28T15:00:01.712314+00:00,2,79542.44,79487.05,DOWN,1
2026-08-28T15:00:00+00:00,15,K5,DOWN,2026-08-28T15:00:01.712314+00:00,2,79542.44,79306.13,DOWN,1
2026-08-28T15:10:00+00:00,5,K11,UP,2026-08-28T15:11:44.027008+00:00,105,79335.99,79306.13,DOWN,0
2026-08-28T15:10:00+00:00,5,K9,UP,2026-08-28T15:10:01.481199+00:00,2,79335.99,79306.13,DOWN,0
2026-08-28T15:10:00+00:00,5,K4,UP,2026-08-28T15:10:01.481199+00:00,2,79335.99,79306.13,DOWN,0
2026-08-28T15:15:00+00:00,15,K10,UP,2026-08-28T15:18:05.202165+00:00,186,79306.13,79334.0,UP,1
2026-08-28T15:15:00+00:00,15,K11,UP,2026-08-28T15:20:01.480373+00:00,302,79306.13,79334.0,UP,1
2026-08-28T15:15:00+00:00,15,K9,UP,2026-08-28T15:15:01.685330+00:00,2,79306.13,79334.0,UP,1
2026-08-28T15:15:00+00:00,15,K4,UP,2026-08-28T15:15:01.685330+00:00,2,79306.13,79334.0,UP,1
2026-08-28T15:20:00+00:00,5,K9,DOWN,2026-08-28T15:20:01.480373+00:00,2,79450.63,79400.0,DOWN,1
2026-08-28T15:20:00+00:00,5,K4,DOWN,2026-08-28T15:20:01.480373+00:00,2,79450.63,79400.0,DOWN,1
2026-08-28T15:25:00+00:00,5,K10,UP,2026-08-28T15:26:01.932920+00:00,62,79400.0,79334.0,DOWN,0
2026-08-28T15:30:00+00:00,5,K10,DOWN,2026-08-28T15:31:02.159505+00:00,63,79334.0,79179.58,DOWN,1
2026-08-28T15:30:00+00:00,5,K11,DOWN,2026-08-28T15:31:43.344024+00:00,104,79334.0,79179.58,DOWN,1
2026-08-28T15:30:00+00:00,15,K10,DOWN,2026-08-28T15:33:05.191839+00:00,186,79334.0,78789.09,DOWN,1
2026-08-28T15:30:00+00:00,15,K11,DOWN,2026-08-28T15:35:01.627921+00:00,302,79334.0,78789.09,DOWN,1
2026-08-28T15:35:00+00:00,5,K9,UP,2026-08-28T15:35:01.627921+00:00,2,79179.57,79142.33,DOWN,0
2026-08-28T15:35:00+00:00,5,K4,UP,2026-08-28T15:35:01.627921+00:00,2,79179.57,79142.33,DOWN,0
2026-08-28T15:40:00+00:00,5,K10,DOWN,2026-08-28T15:41:01.875736+00:00,62,79142.33,78789.09,DOWN,1
2026-08-28T15:40:00+00:00,5,K11,DOWN,2026-08-28T15:41:43.061871+00:00,104,79142.33,78789.09,DOWN,1
2026-08-28T15:45:00+00:00,5,K9,UP,2026-08-28T15:45:01.502095+00:00,2,78789.09,78692.34,DOWN,0
2026-08-28T15:45:00+00:00,5,K4,UP,2026-08-28T15:45:01.502095+00:00,2,78789.09,78692.34,DOWN,0
2026-08-28T15:45:00+00:00,15,K2,UP,2026-08-28T15:45:01.502095+00:00,2,78789.09,78331.13,DOWN,0
2026-08-28T15:45:00+00:00,15,K9,UP,2026-08-28T15:45:01.502095+00:00,2,78789.09,78331.13,DOWN,0
2026-08-28T15:45:00+00:00,15,K4,UP,2026-08-28T15:45:01.502095+00:00,2,78789.09,78331.13,DOWN,0
2026-08-28T15:50:00+00:00,5,K2,UP,2026-08-28T15:50:01.491267+00:00,2,78692.34,78540.75,DOWN,0
2026-08-28T15:50:00+00:00,5,K11,DOWN,2026-08-28T15:52:04.511155+00:00,125,78692.34,78540.75,DOWN,1
2026-08-28T15:50:00+00:00,5,K5,UP,2026-08-28T15:50:01.491267+00:00,2,78692.34,78540.75,DOWN,0
2026-08-28T15:55:00+00:00,5,K2,UP,2026-08-28T15:55:01.466140+00:00,2,78540.75,78331.13,DOWN,0
2026-08-28T15:55:00+00:00,5,K7,UP,2026-08-28T15:55:01.466140+00:00,2,78540.75,78331.13,DOWN,0
2026-08-28T15:55:00+00:00,5,K1,UP,2026-08-28T15:55:01.466140+00:00,2,78540.75,78331.13,DOWN,0
2026-08-28T15:55:00+00:00,5,K9,UP,2026-08-28T15:55:01.466140+00:00,2,78540.75,78331.13,DOWN,0
2026-08-28T15:55:00+00:00,5,K4,UP,2026-08-28T15:55:01.466140+00:00,2,78540.75,78331.13,DOWN,0
2026-08-28T15:55:00+00:00,5,K3,UP,2026-08-28T15:55:01.466140+00:00,2,78540.75,78331.13,DOWN,0
2026-08-28T15:55:00+00:00,5,K8,UP,2026-08-28T15:55:01.466140+00:00,2,78540.75,78331.13,DOWN,0
2026-08-28T15:55:00+00:00,5,K5,UP,2026-08-28T15:55:01.466140+00:00,2,78540.75,78331.13,DOWN,0
2026-08-28T16:00:00+00:00,5,K2,UP,2026-08-28T16:00:01.724360+00:00,2,78331.13,78062.01,DOWN,0
2026-08-28T16:00:00+00:00,5,K7,UP,2026-08-28T16:00:01.724360+00:00,2,78331.13,78062.01,DOWN,0
2026-08-28T16:00:00+00:00,5,K1,UP,2026-08-28T16:00:01.724360+00:00,2,78331.13,78062.01,DOWN,0
2026-08-28T16:00:00+00:00,5,K6,UP,2026-08-28T16:00:01.724360+00:00,2,78331.13,78062.01,DOWN,0
2026-08-28T16:00:00+00:00,5,K10,UP,2026-08-28T16:01:04.098516+00:00,65,78331.13,78062.01,DOWN,0
2026-08-28T16:00:00+00:00,5,K11,DOWN,2026-08-28T16:01:46.385814+00:00,107,78331.13,78062.01,DOWN,1
2026-08-28T16:00:00+00:00,5,K9,UP,2026-08-28T16:00:01.724360+00:00,2,78331.13,78062.01,DOWN,0
2026-08-28T16:00:00+00:00,5,K4,UP,2026-08-28T16:00:01.724360+00:00,2,78331.13,78062.01,DOWN,0
2026-08-28T16:00:00+00:00,5,K3,UP,2026-08-28T16:00:01.724360+00:00,2,78331.13,78062.01,DOWN,0
2026-08-28T16:00:00+00:00,5,K8,UP,2026-08-28T16:00:01.724360+00:00,2,78331.13,78062.01,DOWN,0
2026-08-28T16:00:00+00:00,5,K5,UP,2026-08-28T16:00:01.724360+00:00,2,78331.13,78062.01,DOWN,0
2026-08-28T16:00:00+00:00,5,K12,UP,2026-08-28T16:00:01.724360+00:00,2,78331.13,78062.01,DOWN,0
2026-08-28T16:00:00+00:00,15,K2,UP,2026-08-28T16:00:01.724360+00:00,2,78331.13,77825.73,DOWN,0
2026-08-28T16:00:00+00:00,15,K7,UP,2026-08-28T16:00:01.724360+00:00,2,78331.13,77825.73,DOWN,0
2026-08-28T16:00:00+00:00,15,K1,UP,2026-08-28T16:00:01.724360+00:00,2,78331.13,77825.73,DOWN,0
2026-08-28T16:00:00+00:00,15,K10,DOWN,2026-08-28T16:03:07.768459+00:00,188,78331.13,77825.73,DOWN,1
2026-08-28T16:00:00+00:00,15,K11,DOWN,2026-08-28T16:05:01.600863+00:00,302,78331.13,77825.73,DOWN,1
2026-08-28T16:00:00+00:00,15,K9,UP,2026-08-28T16:00:01.724360+00:00,2,78331.13,77825.73,DOWN,0
2026-08-28T16:00:00+00:00,15,K4,UP,2026-08-28T16:00:01.724360+00:00,2,78331.13,77825.73,DOWN,0
2026-08-28T16:00:00+00:00,15,K3,UP,2026-08-28T16:00:01.724360+00:00,2,78331.13,77825.73,DOWN,0
2026-08-28T16:00:00+00:00,15,K8,UP,2026-08-28T16:00:01.724360+00:00,2,78331.13,77825.73,DOWN,0
2026-08-28T16:00:00+00:00,15,K5,UP,2026-08-28T16:00:01.724360+00:00,2,78331.13,77825.73,DOWN,0
2026-08-28T16:05:00+00:00,5,K2,UP,2026-08-28T16:05:01.600863+00:00,2,78062.02,78110.24,UP,1
2026-08-28T16:05:00+00:00,5,K7,UP,2026-08-28T16:05:01.600863+00:00,2,78062.02,78110.24,UP,1
2026-08-28T16:05:00+00:00,5,K1,UP,2026-08-28T16:05:01.600863+00:00,2,78062.02,78110.24,UP,1
2026-08-28T16:05:00+00:00,5,K6,UP,2026-08-28T16:05:01.600863+00:00,2,78062.02,78110.24,UP,1
2026-08-28T16:05:00+00:00,5,K10,UP,2026-08-28T16:06:03.809329+00:00,64,78062.02,78110.24,UP,1
2026-08-28T16:05:00+00:00,5,K11,UP,2026-08-28T16:06:45.438558+00:00,106,78062.02,78110.24,UP,1
2026-08-28T16:05:00+00:00,5,K9,UP,2026-08-28T16:05:01.600863+00:00,2,78062.02,78110.24,UP,1
2026-08-28T16:05:00+00:00,5,K4,UP,2026-08-28T16:05:01.600863+00:00,2,78062.02,78110.24,UP,1
2026-08-28T16:05:00+00:00,5,K3,UP,2026-08-28T16:05:01.600863+00:00,2,78062.02,78110.24,UP,1
2026-08-28T16:05:00+00:00,5,K8,UP,2026-08-28T16:05:01.600863+00:00,2,78062.02,78110.24,UP,1
2026-08-28T16:05:00+00:00,5,K5,UP,2026-08-28T16:05:01.600863+00:00,2,78062.02,78110.24,UP,1
2026-08-28T16:05:00+00:00,5,K12,UP,2026-08-28T16:05:01.600863+00:00,2,78062.02,78110.24,UP,1
2026-08-28T16:10:00+00:00,5,K2,UP,2026-08-28T16:10:01.742139+00:00,2,78110.24,77825.73,DOWN,0
2026-08-28T16:10:00+00:00,5,K7,UP,2026-08-28T16:10:01.742139+00:00,2,78110.24,77825.73,DOWN,0
2026-08-28T16:10:00+00:00,5,K1,UP,2026-08-28T16:10:01.742139+00:00,2,78110.24,77825.73,DOWN,0
2026-08-28T16:10:00+00:00,5,K11,DOWN,2026-08-28T16:11:44.512587+00:00,105,78110.24,77825.73,DOWN,1
2026-08-28T16:10:00+00:00,5,K4,UP,2026-08-28T16:10:01.742139+00:00,2,78110.24,77825.73,DOWN,0
2026-08-28T16:10:00+00:00,5,K8,UP,2026-08-28T16:10:01.742139+00:00,2,78110.24,77825.73,DOWN,0
2026-08-28T16:10:00+00:00,5,K5,UP,2026-08-28T16:10:01.742139+00:00,2,78110.24,77825.73,DOWN,0
2026-08-28T16:10:00+00:00,5,K12,UP,2026-08-28T16:10:01.742139+00:00,2,78110.24,77825.73,DOWN,0
2026-08-28T16:15:00+00:00,5,K2,UP,2026-08-28T16:15:01.516281+00:00,2,77825.73,77651.83,DOWN,0
2026-08-28T16:15:00+00:00,5,K7,UP,2026-08-28T16:15:01.516281+00:00,2,77825.73,77651.83,DOWN,0
2026-08-28T16:15:00+00:00,5,K1,UP,2026-08-28T16:15:01.516281+00:00,2,77825.73,77651.83,DOWN,0
2026-08-28T16:15:00+00:00,5,K6,UP,2026-08-28T16:15:01.516281+00:00,2,77825.73,77651.83,DOWN,0
2026-08-28T16:15:00+00:00,5,K10,DOWN,2026-08-28T16:16:03.961376+00:00,64,77825.73,77651.83,DOWN,1
2026-08-28T16:15:00+00:00,5,K11,DOWN,2026-08-28T16:16:46.788446+00:00,107,77825.73,77651.83,DOWN,1
2026-08-28T16:15:00+00:00,5,K9,UP,2026-08-28T16:15:01.516281+00:00,2,77825.73,77651.83,DOWN,0
2026-08-28T16:15:00+00:00,5,K4,UP,2026-08-28T16:15:01.516281+00:00,2,77825.73,77651.83,DOWN,0
2026-08-28T16:15:00+00:00,5,K3,UP,2026-08-28T16:15:01.516281+00:00,2,77825.73,77651.83,DOWN,0
2026-08-28T16:15:00+00:00,5,K8,UP,2026-08-28T16:15:01.516281+00:00,2,77825.73,77651.83,DOWN,0
2026-08-28T16:15:00+00:00,5,K5,UP,2026-08-28T16:15:01.516281+00:00,2,77825.73,77651.83,DOWN,0
2026-08-28T16:15:00+00:00,5,K12,UP,2026-08-28T16:15:01.516281+00:00,2,77825.73,77651.83,DOWN,0
2026-08-28T16:15:00+00:00,15,K2,UP,2026-08-28T16:15:01.516281+00:00,2,77825.73,77530.5,DOWN,0
2026-08-28T16:15:00+00:00,15,K7,UP,2026-08-28T16:15:01.516281+00:00,2,77825.73,77530.5,DOWN,0
2026-08-28T16:15:00+00:00,15,K1,UP,2026-08-28T16:15:01.516281+00:00,2,77825.73,77530.5,DOWN,0
2026-08-28T16:15:00+00:00,15,K6,UP,2026-08-28T16:15:01.516281+00:00,2,77825.73,77530.5,DOWN,0
2026-08-28T16:15:00+00:00,15,K10,DOWN,2026-08-28T16:18:08.162308+00:00,189,77825.73,77530.5,DOWN,1
2026-08-28T16:15:00+00:00,15,K11,DOWN,2026-08-28T16:20:01.499681+00:00,302,77825.73,77530.5,DOWN,1
2026-08-28T16:15:00+00:00,15,K9,UP,2026-08-28T16:15:01.516281+00:00,2,77825.73,77530.5,DOWN,0
2026-08-28T16:15:00+00:00,15,K4,UP,2026-08-28T16:15:01.516281+00:00,2,77825.73,77530.5,DOWN,0
2026-08-28T16:15:00+00:00,15,K3,UP,2026-08-28T16:15:01.516281+00:00,2,77825.73,77530.5,DOWN,0
2026-08-28T16:15:00+00:00,15,K8,UP,2026-08-28T16:15:01.516281+00:00,2,77825.73,77530.5,DOWN,0
2026-08-28T16:15:00+00:00,15,K5,UP,2026-08-28T16:15:01.516281+00:00,2,77825.73,77530.5,DOWN,0
2026-08-28T16:15:00+00:00,15,K12,UP,2026-08-28T16:15:01.516281+00:00,2,77825.73,77530.5,DOWN,0
2026-08-28T16:20:00+00:00,5,K2,UP,2026-08-28T16:20:01.499681+00:00,2,77651.82,77124.0,DOWN,0
2026-08-28T16:20:00+00:00,5,K7,UP,2026-08-28T16:20:01.499681+00:00,2,77651.82,77124.0,DOWN,0
2026-08-28T16:20:00+00:00,5,K1,UP,2026-08-28T16:20:01.499681+00:00,2,77651.82,77124.0,DOWN,0
2026-08-28T16:20:00+00:00,5,K6,UP,2026-08-28T16:20:01.499681+00:00,2,77651.82,77124.0,DOWN,0
2026-08-28T16:20:00+00:00,5,K11,DOWN,2026-08-28T16:22:05.092013+00:00,126,77651.82,77124.0,DOWN,1
2026-08-28T16:20:00+00:00,5,K9,UP,2026-08-28T16:20:01.499681+00:00,2,77651.82,77124.0,DOWN,0
2026-08-28T16:20:00+00:00,5,K4,UP,2026-08-28T16:20:01.499681+00:00,2,77651.82,77124.0,DOWN,0
2026-08-28T16:20:00+00:00,5,K3,UP,2026-08-28T16:20:01.499681+00:00,2,77651.82,77124.0,DOWN,0
2026-08-28T16:20:00+00:00,5,K8,UP,2026-08-28T16:20:01.499681+00:00,2,77651.82,77124.0,DOWN,0
2026-08-28T16:20:00+00:00,5,K5,UP,2026-08-28T16:20:01.499681+00:00,2,77651.82,77124.0,DOWN,0
2026-08-28T16:20:00+00:00,5,K12,UP,2026-08-28T16:20:01.499681+00:00,2,77651.82,77124.0,DOWN,0
2026-08-28T16:25:00+00:00,5,K2,UP,2026-08-28T16:25:01.495099+00:00,2,77123.99,77530.5,UP,1
2026-08-28T16:25:00+00:00,5,K7,UP,2026-08-28T16:25:01.495099+00:00,2,77123.99,77530.5,UP,1
2026-08-28T16:25:00+00:00,5,K1,UP,2026-08-28T16:25:01.495099+00:00,2,77123.99,77530.5,UP,1
2026-08-28T16:25:00+00:00,5,K6,UP,2026-08-28T16:25:01.495099+00:00,2,77123.99,77530.5,UP,1
2026-08-28T16:25:00+00:00,5,K11,UP,2026-08-28T16:26:44.217950+00:00,105,77123.99,77530.5,UP,1
2026-08-28T16:25:00+00:00,5,K9,UP,2026-08-28T16:25:01.495099+00:00,2,77123.99,77530.5,UP,1
2026-08-28T16:25:00+00:00,5,K4,UP,2026-08-28T16:25:01.495099+00:00,2,77123.99,77530.5,UP,1
2026-08-28T16:25:00+00:00,5,K3,UP,2026-08-28T16:25:01.495099+00:00,2,77123.99,77530.5,UP,1
2026-08-28T16:25:00+00:00,5,K8,UP,2026-08-28T16:25:01.495099+00:00,2,77123.99,77530.5,UP,1
2026-08-28T16:25:00+00:00,5,K5,UP,2026-08-28T16:25:01.495099+00:00,2,77123.99,77530.5,UP,1
2026-08-28T16:25:00+00:00,5,K12,UP,2026-08-28T16:25:01.495099+00:00,2,77123.99,77530.5,UP,1
2026-08-28T16:30:00+00:00,5,K2,UP,2026-08-28T16:30:01.542727+00:00,2,77530.5,77676.63,UP,1
2026-08-28T16:30:00+00:00,5,K10,UP,2026-08-28T16:31:04.761296+00:00,65,77530.5,77676.63,UP,1
2026-08-28T16:30:00+00:00,5,K11,UP,2026-08-28T16:31:47.763885+00:00,108,77530.5,77676.63,UP,1
2026-08-28T16:30:00+00:00,5,K9,DOWN,2026-08-28T16:30:01.542727+00:00,2,77530.5,77676.63,UP,0
2026-08-28T16:30:00+00:00,5,K4,DOWN,2026-08-28T16:30:01.542727+00:00,2,77530.5,77676.63,UP,0
2026-08-28T16:30:00+00:00,5,K12,UP,2026-08-28T16:30:01.542727+00:00,2,77530.5,77676.63,UP,1
2026-08-28T16:30:00+00:00,15,K2,UP,2026-08-28T16:30:01.542727+00:00,2,77530.5,77800.03,UP,1
2026-08-28T16:30:00+00:00,15,K7,UP,2026-08-28T16:30:01.542727+00:00,2,77530.5,77800.03,UP,1
2026-08-28T16:30:00+00:00,15,K1,UP,2026-08-28T16:30:01.542727+00:00,2,77530.5,77800.03,UP,1
2026-08-28T16:30:00+00:00,15,K6,UP,2026-08-28T16:30:01.542727+00:00,2,77530.5,77800.03,UP,1
2026-08-28T16:30:00+00:00,15,K10,UP,2026-08-28T16:33:09.128381+00:00,190,77530.5,77800.03,UP,1
2026-08-28T16:30:00+00:00,15,K11,UP,2026-08-28T16:35:01.488494+00:00,302,77530.5,77800.03,UP,1
2026-08-28T16:30:00+00:00,15,K9,UP,2026-08-28T16:30:01.542727+00:00,2,77530.5,77800.03,UP,1
2026-08-28T16:30:00+00:00,15,K4,UP,2026-08-28T16:30:01.542727+00:00,2,77530.5,77800.03,UP,1
2026-08-28T16:30:00+00:00,15,K3,UP,2026-08-28T16:30:01.542727+00:00,2,77530.5,77800.03,UP,1
2026-08-28T16:30:00+00:00,15,K12,UP,2026-08-28T16:30:01.542727+00:00,2,77530.5,77800.03,UP,1
2026-08-28T16:35:00+00:00,5,K10,UP,2026-08-28T16:36:03.580724+00:00,64,77676.62,77878.0,UP,1
2026-08-28T16:35:00+00:00,5,K11,UP,2026-08-28T16:36:44.728794+00:00,105,77676.62,77878.0,UP,1
2026-08-28T16:35:00+00:00,5,K9,DOWN,2026-08-28T16:35:01.488494+00:00,2,77676.62,77878.0,UP,0
2026-08-28T16:35:00+00:00,5,K4,DOWN,2026-08-28T16:35:01.488494+00:00,2,77676.62,77878.0,UP,0
2026-08-28T16:40:00+00:00,5,K9,DOWN,2026-08-28T16:40:01.474093+00:00,2,77878.0,77800.03,DOWN,1
2026-08-28T16:40:00+00:00,5,K4,DOWN,2026-08-28T16:40:01.474093+00:00,2,77878.0,77800.03,DOWN,1
2026-08-28T16:45:00+00:00,5,K10,UP,2026-08-28T16:46:04.137137+00:00,65,77800.03,77960.01,UP,1
2026-08-28T16:45:00+00:00,5,K11,UP,2026-08-28T16:46:46.456242+00:00,107,77800.03,77960.01,UP,1
2026-08-28T16:45:00+00:00,15,K2,UP,2026-08-28T16:45:01.519604+00:00,2,77800.03,77788.46,DOWN,0
2026-08-28T16:45:00+00:00,15,K10,UP,2026-08-28T16:48:07.826290+00:00,188,77800.03,77788.46,DOWN,0
2026-08-28T16:45:00+00:00,15,K11,UP,2026-08-28T16:50:01.472478+00:00,302,77800.03,77788.46,DOWN,0
2026-08-28T16:45:00+00:00,15,K9,DOWN,2026-08-28T16:45:01.519604+00:00,2,77800.03,77788.46,DOWN,1
2026-08-28T16:45:00+00:00,15,K4,DOWN,2026-08-28T16:45:01.519604+00:00,2,77800.03,77788.46,DOWN,1
2026-08-28T16:50:00+00:00,5,K10,DOWN,2026-08-28T16:51:03.465436+00:00,64,77960.01,77780.0,DOWN,1
2026-08-28T16:50:00+00:00,5,K11,DOWN,2026-08-28T16:51:45.220048+00:00,106,77960.01,77780.0,DOWN,1
2026-08-28T16:50:00+00:00,5,K9,DOWN,2026-08-28T16:50:01.472478+00:00,2,77960.01,77780.0,DOWN,1
2026-08-28T16:50:00+00:00,5,K4,DOWN,2026-08-28T16:50:01.472478+00:00,2,77960.01,77780.0,DOWN,1
2026-08-28T16:55:00+00:00,5,K10,UP,2026-08-28T16:56:02.914047+00:00,63,77780.01,77788.46,UP,1
2026-08-28T16:55:00+00:00,5,K11,UP,2026-08-28T16:57:05.131901+00:00,126,77780.01,77788.46,UP,1
2026-08-28T16:55:00+00:00,5,K9,UP,2026-08-28T16:55:01.460479+00:00,2,77780.01,77788.46,UP,1
2026-08-28T16:55:00+00:00,5,K4,UP,2026-08-28T16:55:01.460479+00:00,2,77780.01,77788.46,UP,1
2026-08-28T17:00:00+00:00,5,K10,DOWN,2026-08-28T17:01:03.103275+00:00,64,77788.45,77725.96,DOWN,1
2026-08-28T17:00:00+00:00,5,K11,DOWN,2026-08-28T17:01:44.726824+00:00,105,77788.45,77725.96,DOWN,1
2026-08-28T17:00:00+00:00,15,K2,UP,2026-08-28T17:00:01.659243+00:00,2,77788.45,78000.0,UP,1
2026-08-28T17:10:00+00:00,5,K11,UP,2026-08-28T17:12:02.744418+00:00,123,77810.29,78000.0,UP,1
2026-08-28T17:15:00+00:00,5,K9,DOWN,2026-08-28T17:15:01.956530+00:00,2,78000.0,78079.3,UP,0
2026-08-28T17:15:00+00:00,5,K4,DOWN,2026-08-28T17:15:01.956530+00:00,2,78000.0,78079.3,UP,0
2026-08-28T17:15:00+00:00,15,K9,DOWN,2026-08-28T17:15:01.956530+00:00,2,78000.0,77940.01,DOWN,1
2026-08-28T17:15:00+00:00,15,K4,DOWN,2026-08-28T17:15:01.956530+00:00,2,78000.0,77940.01,DOWN,1
2026-08-28T17:20:00+00:00,5,K11,DOWN,2026-08-28T17:22:02.699828+00:00,123,78079.29,77939.05,DOWN,1
2026-08-28T17:25:00+00:00,5,K10,DOWN,2026-08-28T17:26:02.990436+00:00,63,77939.06,77940.01,UP,0
2026-08-28T17:25:00+00:00,5,K11,DOWN,2026-08-28T17:26:44.832200+00:00,105,77939.06,77940.01,UP,0
2026-08-28T17:25:00+00:00,5,K9,UP,2026-08-28T17:25:01.507376+00:00,2,77939.06,77940.01,UP,1
2026-08-28T17:25:00+00:00,5,K4,UP,2026-08-28T17:25:01.507376+00:00,2,77939.06,77940.01,UP,1
2026-08-28T17:35:00+00:00,5,K10,DOWN,2026-08-28T17:36:02.146123+00:00,63,77908.01,77730.86,DOWN,1
2026-08-28T17:35:00+00:00,5,K11,DOWN,2026-08-28T17:36:43.450614+00:00,104,77908.01,77730.86,DOWN,1
2026-08-28T17:40:00+00:00,5,K9,UP,2026-08-28T17:40:01.473882+00:00,2,77730.87,77783.58,UP,1
2026-08-28T17:40:00+00:00,5,K4,UP,2026-08-28T17:40:01.473882+00:00,2,77730.87,77783.58,UP,1
2026-08-28T17:45:00+00:00,5,K11,UP,2026-08-28T17:46:42.363421+00:00,103,77783.58,77968.81,UP,1
2026-08-28T17:45:00+00:00,15,K10,UP,2026-08-28T17:48:04.344713+00:00,185,77783.58,77904.0,UP,1
2026-08-28T17:45:00+00:00,15,K11,UP,2026-08-28T17:50:01.507910+00:00,302,77783.58,77904.0,UP,1
2026-08-28T17:50:00+00:00,5,K9,DOWN,2026-08-28T17:50:01.507910+00:00,2,77968.81,77907.69,DOWN,1
2026-08-28T17:50:00+00:00,5,K4,DOWN,2026-08-28T17:50:01.507910+00:00,2,77968.81,77907.69,DOWN,1
2026-08-28T17:50:00+00:00,5,K5,DOWN,2026-08-28T17:50:01.507910+00:00,2,77968.81,77907.69,DOWN,1
2026-08-28T17:55:00+00:00,5,K5,DOWN,2026-08-28T17:55:01.460992+00:00,2,77907.7,77904.0,DOWN,1
2026-08-28T18:00:00+00:00,5,K5,DOWN,2026-08-28T18:00:01.738019+00:00,2,77904.0,77884.0,DOWN,1
2026-08-28T18:05:00+00:00,5,K5,DOWN,2026-08-28T18:05:01.490327+00:00,2,77884.01,77800.0,DOWN,1
2026-08-28T18:20:00+00:00,5,K2,UP,2026-08-28T18:20:01.509637+00:00,2,77672.99,77525.01,DOWN,0
2026-08-28T18:20:00+00:00,5,K11,DOWN,2026-08-28T18:21:44.146204+00:00,105,77672.99,77525.01,DOWN,1
2026-08-28T18:20:00+00:00,5,K8,UP,2026-08-28T18:20:01.509637+00:00,2,77672.99,77525.01,DOWN,0
2026-08-28T18:20:00+00:00,5,K5,UP,2026-08-28T18:20:01.509637+00:00,2,77672.99,77525.01,DOWN,0
2026-08-28T18:25:00+00:00,5,K2,UP,2026-08-28T18:25:01.448833+00:00,2,77525.0,77592.0,UP,1
2026-08-28T18:25:00+00:00,5,K7,UP,2026-08-28T18:25:01.448833+00:00,2,77525.0,77592.0,UP,1
2026-08-28T18:25:00+00:00,5,K1,UP,2026-08-28T18:25:01.448833+00:00,2,77525.0,77592.0,UP,1
2026-08-28T18:25:00+00:00,5,K11,UP,2026-08-28T18:26:44.609058+00:00,105,77525.0,77592.0,UP,1
2026-08-28T18:25:00+00:00,5,K9,UP,2026-08-28T18:25:01.448833+00:00,2,77525.0,77592.0,UP,1
2026-08-28T18:25:00+00:00,5,K4,UP,2026-08-28T18:25:01.448833+00:00,2,77525.0,77592.0,UP,1
2026-08-28T18:25:00+00:00,5,K3,UP,2026-08-28T18:25:01.448833+00:00,2,77525.0,77592.0,UP,1
2026-08-28T18:25:00+00:00,5,K8,UP,2026-08-28T18:25:01.448833+00:00,2,77525.0,77592.0,UP,1
2026-08-28T18:25:00+00:00,5,K5,UP,2026-08-28T18:25:01.448833+00:00,2,77525.0,77592.0,UP,1
2026-08-28T18:30:00+00:00,5,K2,UP,2026-08-28T18:30:01.540621+00:00,2,77592.01,77566.0,DOWN,0
2026-08-28T18:30:00+00:00,5,K11,DOWN,2026-08-28T18:31:44.522079+00:00,105,77592.01,77566.0,DOWN,1
2026-08-28T18:30:00+00:00,5,K5,UP,2026-08-28T18:30:01.540621+00:00,2,77592.01,77566.0,DOWN,0
2026-08-28T18:35:00+00:00,5,K2,UP,2026-08-28T18:35:01.483925+00:00,2,77566.01,77434.43,DOWN,0
2026-08-28T18:35:00+00:00,5,K5,UP,2026-08-28T18:35:01.483925+00:00,2,77566.01,77434.43,DOWN,0
2026-08-28T18:40:00+00:00,5,K2,UP,2026-08-28T18:40:01.515570+00:00,2,77434.43,77408.13,DOWN,0
2026-08-28T18:40:00+00:00,5,K7,UP,2026-08-28T18:40:01.515570+00:00,2,77434.43,77408.13,DOWN,0
2026-08-28T18:40:00+00:00,5,K1,UP,2026-08-28T18:40:01.515570+00:00,2,77434.43,77408.13,DOWN,0
2026-08-28T18:40:00+00:00,5,K9,UP,2026-08-28T18:40:01.515570+00:00,2,77434.43,77408.13,DOWN,0
2026-08-28T18:40:00+00:00,5,K4,UP,2026-08-28T18:40:01.515570+00:00,2,77434.43,77408.13,DOWN,0
2026-08-28T18:40:00+00:00,5,K3,UP,2026-08-28T18:40:01.515570+00:00,2,77434.43,77408.13,DOWN,0
2026-08-28T18:40:00+00:00,5,K5,UP,2026-08-28T18:40:01.515570+00:00,2,77434.43,77408.13,DOWN,0
2026-08-28T18:45:00+00:00,5,K2,UP,2026-08-28T18:45:01.555635+00:00,2,77408.14,77296.91,DOWN,0
2026-08-28T18:45:00+00:00,5,K10,DOWN,2026-08-28T18:46:03.772581+00:00,64,77408.14,77296.91,DOWN,1
2026-08-28T18:45:00+00:00,5,K8,UP,2026-08-28T18:45:01.555635+00:00,2,77408.14,77296.91,DOWN,0
2026-08-28T18:45:00+00:00,5,K5,UP,2026-08-28T18:45:01.555635+00:00,2,77408.14,77296.91,DOWN,0
2026-08-28T18:45:00+00:00,15,K10,DOWN,2026-08-28T18:48:06.622340+00:00,187,77408.14,77554.0,UP,0
2026-08-28T18:45:00+00:00,15,K5,UP,2026-08-28T18:45:01.555635+00:00,2,77408.14,77554.0,UP,1
2026-08-28T18:45:00+00:00,15,K12,UP,2026-08-28T18:45:01.555635+00:00,2,77408.14,77554.0,UP,1
2026-08-28T18:50:00+00:00,5,K2,UP,2026-08-28T18:50:01.480560+00:00,2,77296.92,77491.99,UP,1
2026-08-28T18:50:00+00:00,5,K7,UP,2026-08-28T18:50:01.480560+00:00,2,77296.92,77491.99,UP,1
2026-08-28T18:50:00+00:00,5,K1,UP,2026-08-28T18:50:01.480560+00:00,2,77296.92,77491.99,UP,1
2026-08-28T18:50:00+00:00,5,K11,UP,2026-08-28T18:51:44.061903+00:00,105,77296.92,77491.99,UP,1
2026-08-28T18:50:00+00:00,5,K9,UP,2026-08-28T18:50:01.480560+00:00,2,77296.92,77491.99,UP,1
2026-08-28T18:50:00+00:00,5,K4,UP,2026-08-28T18:50:01.480560+00:00,2,77296.92,77491.99,UP,1
2026-08-28T18:50:00+00:00,5,K3,UP,2026-08-28T18:50:01.480560+00:00,2,77296.92,77491.99,UP,1
2026-08-28T18:50:00+00:00,5,K8,UP,2026-08-28T18:50:01.480560+00:00,2,77296.92,77491.99,UP,1
2026-08-28T18:50:00+00:00,5,K5,UP,2026-08-28T18:50:01.480560+00:00,2,77296.92,77491.99,UP,1
2026-08-28T18:55:00+00:00,5,K9,DOWN,2026-08-28T18:55:01.458415+00:00,2,77492.0,77554.0,UP,0
2026-08-28T18:55:00+00:00,5,K4,DOWN,2026-08-28T18:55:01.458415+00:00,2,77492.0,77554.0,UP,0
2026-08-28T19:00:00+00:00,5,K11,UP,2026-08-28T19:02:02.846380+00:00,123,77554.0,77547.67,DOWN,0
2026-08-28T19:10:00+00:00,5,K9,DOWN,2026-08-28T19:10:01.510260+00:00,2,77698.89,77678.18,DOWN,1
2026-08-28T19:10:00+00:00,5,K4,DOWN,2026-08-28T19:10:01.510260+00:00,2,77698.89,77678.18,DOWN,1
2026-08-28T19:20:00+00:00,5,K11,UP,2026-08-28T19:21:42.407737+00:00,103,77681.11,77730.05,UP,1
2026-08-28T19:45:00+00:00,15,K11,DOWN,2026-08-28T19:50:01.910957+00:00,302,77536.79,77580.03,UP,0
2026-08-28T19:50:00+00:00,5,K9,UP,2026-08-28T19:50:01.910957+00:00,2,77417.87,77435.07,UP,1
2026-08-28T19:50:00+00:00,5,K4,UP,2026-08-28T19:50:01.910957+00:00,2,77417.87,77435.07,UP,1
2026-08-28T19:55:00+00:00,5,K10,UP,2026-08-28T19:56:01.881730+00:00,62,77435.07,77580.03,UP,1
2026-08-28T19:55:00+00:00,5,K11,UP,2026-08-28T19:57:03.646563+00:00,124,77435.07,77580.03,UP,1
2026-08-28T20:00:00+00:00,5,K9,DOWN,2026-08-28T20:00:01.703187+00:00,2,77580.03,77530.0,DOWN,1
2026-08-28T20:00:00+00:00,5,K4,DOWN,2026-08-28T20:00:01.703187+00:00,2,77580.03,77530.0,DOWN,1
2026-08-28T20:15:00+00:00,15,K11,DOWN,2026-08-28T20:20:01.475125+00:00,302,77562.71,77510.72,DOWN,1
2026-08-28T20:20:00+00:00,5,K11,UP,2026-08-28T20:21:44.508540+00:00,105,77406.42,77507.43,UP,1
2026-08-28T20:20:00+00:00,5,K9,UP,2026-08-28T20:20:01.475125+00:00,2,77406.42,77507.43,UP,1
2026-08-28T20:20:00+00:00,5,K4,UP,2026-08-28T20:20:01.475125+00:00,2,77406.42,77507.43,UP,1
2026-08-28T20:30:00+00:00,5,K10,DOWN,2026-08-28T20:31:01.964272+00:00,62,77510.71,77331.62,DOWN,1
2026-08-28T20:30:00+00:00,5,K11,DOWN,2026-08-28T20:31:43.379804+00:00,104,77510.71,77331.62,DOWN,1
2026-08-28T20:30:00+00:00,15,K10,DOWN,2026-08-28T20:33:04.978276+00:00,185,77510.71,77402.01,DOWN,1
2026-08-28T20:30:00+00:00,15,K11,DOWN,2026-08-28T20:35:01.455533+00:00,302,77510.71,77402.01,DOWN,1
2026-08-28T20:35:00+00:00,5,K2,UP,2026-08-28T20:35:01.455533+00:00,2,77331.62,77400.01,UP,1
2026-08-28T20:35:00+00:00,5,K7,UP,2026-08-28T20:35:01.455533+00:00,2,77331.62,77400.01,UP,1
2026-08-28T20:35:00+00:00,5,K1,UP,2026-08-28T20:35:01.455533+00:00,2,77331.62,77400.01,UP,1
2026-08-28T20:35:00+00:00,5,K9,UP,2026-08-28T20:35:01.455533+00:00,2,77331.62,77400.01,UP,1
2026-08-28T20:35:00+00:00,5,K4,UP,2026-08-28T20:35:01.455533+00:00,2,77331.62,77400.01,UP,1
2026-08-28T20:35:00+00:00,5,K3,UP,2026-08-28T20:35:01.455533+00:00,2,77331.62,77400.01,UP,1
2026-08-28T20:35:00+00:00,5,K8,UP,2026-08-28T20:35:01.455533+00:00,2,77331.62,77400.01,UP,1
2026-08-28T20:35:00+00:00,5,K5,UP,2026-08-28T20:35:01.455533+00:00,2,77331.62,77400.01,UP,1
2026-08-28T20:40:00+00:00,5,K5,UP,2026-08-28T20:40:01.507495+00:00,2,77400.01,77402.01,UP,1
2026-08-28T20:45:00+00:00,5,K5,UP,2026-08-28T20:45:01.523967+00:00,2,77402.01,77430.02,UP,1
2026-08-28T20:55:00+00:00,5,K5,UP,2026-08-28T20:55:01.503963+00:00,2,77391.74,77407.34,UP,1
2026-08-28T21:00:00+00:00,5,K5,UP,2026-08-28T21:00:01.826345+00:00,2,77407.34,77357.67,DOWN,0
2026-08-28T21:05:00+00:00,5,K5,UP,2026-08-28T21:05:01.581991+00:00,2,77357.67,77344.01,DOWN,0
2026-08-28T21:10:00+00:00,5,K8,UP,2026-08-28T21:10:01.526957+00:00,2,77344.0,77405.15,UP,1
2026-08-28T21:10:00+00:00,5,K5,UP,2026-08-28T21:10:01.526957+00:00,2,77344.0,77405.15,UP,1
2026-08-28T21:30:00+00:00,15,K5,UP,2026-08-28T21:30:01.557497+00:00,2,77412.9,77476.0,UP,1
2026-08-28T22:00:00+00:00,15,K5,UP,2026-08-28T22:00:01.688594+00:00,2,77364.0,77448.8,UP,1
2026-08-28T22:25:00+00:00,5,K10,UP,2026-08-28T22:26:01.913720+00:00,62,77457.25,77573.0,UP,1
2026-08-28T22:25:00+00:00,5,K11,UP,2026-08-28T22:26:43.018012+00:00,104,77457.25,77573.0,UP,1
2026-08-28T22:30:00+00:00,5,K2,DOWN,2026-08-28T22:30:01.567921+00:00,2,77572.99,77605.89,UP,0
2026-08-28T22:30:00+00:00,5,K7,DOWN,2026-08-28T22:30:01.567921+00:00,2,77572.99,77605.89,UP,0
2026-08-28T22:30:00+00:00,5,K1,DOWN,2026-08-28T22:30:01.567921+00:00,2,77572.99,77605.89,UP,0
2026-08-28T22:30:00+00:00,5,K9,DOWN,2026-08-28T22:30:01.567921+00:00,2,77572.99,77605.89,UP,0
2026-08-28T22:30:00+00:00,5,K4,DOWN,2026-08-28T22:30:01.567921+00:00,2,77572.99,77605.89,UP,0
2026-08-28T22:30:00+00:00,5,K3,DOWN,2026-08-28T22:30:01.567921+00:00,2,77572.99,77605.89,UP,0
2026-08-28T22:30:00+00:00,5,K8,DOWN,2026-08-28T22:30:01.567921+00:00,2,77572.99,77605.89,UP,0
2026-08-28T22:30:00+00:00,5,K5,DOWN,2026-08-28T22:30:01.567921+00:00,2,77572.99,77605.89,UP,0
2026-08-28T22:35:00+00:00,5,K2,DOWN,2026-08-28T22:35:01.472933+00:00,2,77605.89,77700.01,UP,0
2026-08-28T22:35:00+00:00,5,K7,DOWN,2026-08-28T22:35:01.472933+00:00,2,77605.89,77700.01,UP,0
2026-08-28T22:35:00+00:00,5,K4,DOWN,2026-08-28T22:35:01.472933+00:00,2,77605.89,77700.01,UP,0
2026-08-28T22:35:00+00:00,5,K8,DOWN,2026-08-28T22:35:01.472933+00:00,2,77605.89,77700.01,UP,0
2026-08-28T22:35:00+00:00,5,K5,DOWN,2026-08-28T22:35:01.472933+00:00,2,77605.89,77700.01,UP,0
2026-08-28T22:40:00+00:00,5,K2,DOWN,2026-08-28T22:40:01.466133+00:00,2,77700.01,77738.72,UP,0
2026-08-28T22:40:00+00:00,5,K7,DOWN,2026-08-28T22:40:01.466133+00:00,2,77700.01,77738.72,UP,0
2026-08-28T22:40:00+00:00,5,K4,DOWN,2026-08-28T22:40:01.466133+00:00,2,77700.01,77738.72,UP,0
2026-08-28T22:40:00+00:00,5,K8,DOWN,2026-08-28T22:40:01.466133+00:00,2,77700.01,77738.72,UP,0
2026-08-28T22:40:00+00:00,5,K5,DOWN,2026-08-28T22:40:01.466133+00:00,2,77700.01,77738.72,UP,0
2026-08-28T22:45:00+00:00,5,K2,DOWN,2026-08-28T22:45:01.534473+00:00,2,77738.73,77756.01,UP,0
2026-08-28T22:45:00+00:00,5,K7,DOWN,2026-08-28T22:45:01.534473+00:00,2,77738.73,77756.01,UP,0
2026-08-28T22:45:00+00:00,5,K4,DOWN,2026-08-28T22:45:01.534473+00:00,2,77738.73,77756.01,UP,0
2026-08-28T22:45:00+00:00,5,K8,DOWN,2026-08-28T22:45:01.534473+00:00,2,77738.73,77756.01,UP,0
2026-08-28T22:45:00+00:00,5,K5,DOWN,2026-08-28T22:45:01.534473+00:00,2,77738.73,77756.01,UP,0
2026-08-28T22:50:00+00:00,5,K2,DOWN,2026-08-28T22:50:01.470526+00:00,2,77756.0,77767.29,UP,0
2026-08-28T22:50:00+00:00,5,K7,DOWN,2026-08-28T22:50:01.470526+00:00,2,77756.0,77767.29,UP,0
2026-08-28T22:50:00+00:00,5,K4,DOWN,2026-08-28T22:50:01.470526+00:00,2,77756.0,77767.29,UP,0
2026-08-28T22:50:00+00:00,5,K8,DOWN,2026-08-28T22:50:01.470526+00:00,2,77756.0,77767.29,UP,0
2026-08-28T22:50:00+00:00,5,K5,DOWN,2026-08-28T22:50:01.470526+00:00,2,77756.0,77767.29,UP,0
2026-08-28T22:55:00+00:00,5,K2,DOWN,2026-08-28T22:55:01.530994+00:00,2,77767.29,77758.69,DOWN,1
2026-08-28T22:55:00+00:00,5,K10,DOWN,2026-08-28T22:56:02.974323+00:00,63,77767.29,77758.69,DOWN,1
2026-08-28T22:55:00+00:00,5,K8,DOWN,2026-08-28T22:55:01.530994+00:00,2,77767.29,77758.69,DOWN,1
2026-08-28T22:55:00+00:00,5,K5,DOWN,2026-08-28T22:55:01.530994+00:00,2,77767.29,77758.69,DOWN,1
2026-08-28T22:55:00+00:00,5,K12,DOWN,2026-08-28T22:55:01.530994+00:00,2,77767.29,77758.69,DOWN,1
2026-08-28T23:00:00+00:00,5,K2,DOWN,2026-08-28T23:00:01.673565+00:00,2,77758.69,77686.05,DOWN,1
2026-08-28T23:00:00+00:00,5,K8,DOWN,2026-08-28T23:00:01.673565+00:00,2,77758.69,77686.05,DOWN,1
2026-08-28T23:00:00+00:00,5,K5,DOWN,2026-08-28T23:00:01.673565+00:00,2,77758.69,77686.05,DOWN,1
2026-08-28T23:00:00+00:00,15,K2,DOWN,2026-08-28T23:00:01.673565+00:00,2,77758.69,77774.76,UP,0
2026-08-28T23:05:00+00:00,5,K5,DOWN,2026-08-28T23:05:01.649056+00:00,2,77686.05,77729.98,UP,0
2026-08-28T23:10:00+00:00,5,K8,DOWN,2026-08-28T23:10:01.672043+00:00,2,77729.97,77774.76,UP,0
2026-08-28T23:10:00+00:00,5,K5,DOWN,2026-08-28T23:10:01.672043+00:00,2,77729.97,77774.76,UP,0
2026-08-28T23:15:00+00:00,5,K10,DOWN,2026-08-28T23:16:04.131199+00:00,65,77774.76,77706.01,DOWN,1
2026-08-28T23:15:00+00:00,5,K8,DOWN,2026-08-28T23:15:01.580644+00:00,2,77774.76,77706.01,DOWN,1
2026-08-28T23:15:00+00:00,5,K5,DOWN,2026-08-28T23:15:01.580644+00:00,2,77774.76,77706.01,DOWN,1
2026-08-28T23:15:00+00:00,15,K2,DOWN,2026-08-28T23:15:01.580644+00:00,2,77774.76,77684.41,DOWN,1
2026-08-28T23:15:00+00:00,15,K8,DOWN,2026-08-28T23:15:01.580644+00:00,2,77774.76,77684.41,DOWN,1
2026-08-28T23:15:00+00:00,15,K5,DOWN,2026-08-28T23:15:01.580644+00:00,2,77774.76,77684.41,DOWN,1
2026-08-28T23:20:00+00:00,5,K5,DOWN,2026-08-28T23:20:01.486690+00:00,2,77706.01,77703.28,DOWN,1
2026-08-28T23:25:00+00:00,5,K5,DOWN,2026-08-28T23:25:01.486658+00:00,2,77703.27,77684.41,DOWN,1
2026-08-28T23:35:00+00:00,5,K5,DOWN,2026-08-28T23:35:01.467351+00:00,2,77711.96,77685.99,DOWN,1
2026-08-28T23:50:00+00:00,5,K10,UP,2026-08-28T23:51:01.937693+00:00,62,77643.01,77755.8,UP,1
2026-08-28T23:55:00+00:00,5,K9,DOWN,2026-08-28T23:55:01.622734+00:00,2,77755.8,77845.87,UP,0
2026-08-28T23:55:00+00:00,5,K4,DOWN,2026-08-28T23:55:01.622734+00:00,2,77755.8,77845.87,UP,0
2026-08-28T23:55:00+00:00,5,K5,DOWN,2026-08-28T23:55:01.622734+00:00,2,77755.8,77845.87,UP,0
2026-08-29T00:00:00+00:00,5,K2,DOWN,2026-08-29T00:00:01.802833+00:00,2,77845.88,77814.0,DOWN,1
2026-08-29T00:00:00+00:00,5,K8,DOWN,2026-08-29T00:00:01.802833+00:00,2,77845.88,77814.0,DOWN,1
2026-08-29T00:00:00+00:00,5,K5,DOWN,2026-08-29T00:00:01.802833+00:00,2,77845.88,77814.0,DOWN,1
2026-08-29T00:00:00+00:00,15,K2,DOWN,2026-08-29T00:00:01.802833+00:00,2,77845.88,77818.24,DOWN,1
2026-08-29T00:00:00+00:00,15,K8,DOWN,2026-08-29T00:00:01.802833+00:00,2,77845.88,77818.24,DOWN,1
2026-08-29T00:00:00+00:00,15,K5,DOWN,2026-08-29T00:00:01.802833+00:00,2,77845.88,77818.24,DOWN,1
2026-08-29T00:05:00+00:00,5,K5,DOWN,2026-08-29T00:05:01.500776+00:00,2,77814.0,77881.78,UP,0
2026-08-29T00:10:00+00:00,5,K2,DOWN,2026-08-29T00:10:01.504731+00:00,2,77881.78,77818.24,DOWN,1
2026-08-29T00:10:00+00:00,5,K7,DOWN,2026-08-29T00:10:01.504731+00:00,2,77881.78,77818.24,DOWN,1
2026-08-29T00:10:00+00:00,5,K4,DOWN,2026-08-29T00:10:01.504731+00:00,2,77881.78,77818.24,DOWN,1
2026-08-29T00:10:00+00:00,5,K8,DOWN,2026-08-29T00:10:01.504731+00:00,2,77881.78,77818.24,DOWN,1
2026-08-29T00:10:00+00:00,5,K5,DOWN,2026-08-29T00:10:01.504731+00:00,2,77881.78,77818.24,DOWN,1
2026-08-29T00:15:00+00:00,5,K11,UP,2026-08-29T00:17:04.170787+00:00,125,77818.24,77895.89,UP,1
2026-08-29T00:15:00+00:00,15,K5,DOWN,2026-08-29T00:15:01.571348+00:00,2,77818.24,77903.85,UP,0
2026-08-29T00:20:00+00:00,5,K2,DOWN,2026-08-29T00:20:01.467800+00:00,2,77895.9,77901.92,UP,0
2026-08-29T00:20:00+00:00,5,K7,DOWN,2026-08-29T00:20:01.467800+00:00,2,77895.9,77901.92,UP,0
2026-08-29T00:20:00+00:00,5,K4,DOWN,2026-08-29T00:20:01.467800+00:00,2,77895.9,77901.92,UP,0
2026-08-29T00:20:00+00:00,5,K8,DOWN,2026-08-29T00:20:01.467800+00:00,2,77895.9,77901.92,UP,0
2026-08-29T00:20:00+00:00,5,K5,DOWN,2026-08-29T00:20:01.467800+00:00,2,77895.9,77901.92,UP,0
2026-08-29T00:25:00+00:00,5,K2,DOWN,2026-08-29T00:25:01.483020+00:00,2,77901.93,77903.85,UP,0
2026-08-29T00:25:00+00:00,5,K5,DOWN,2026-08-29T00:25:01.483020+00:00,2,77901.93,77903.85,UP,0
2026-08-29T00:30:00+00:00,5,K2,DOWN,2026-08-29T00:30:01.525170+00:00,2,77903.86,77786.36,DOWN,1
2026-08-29T00:30:00+00:00,5,K5,DOWN,2026-08-29T00:30:01.525170+00:00,2,77903.86,77786.36,DOWN,1
2026-08-29T00:30:00+00:00,15,K2,DOWN,2026-08-29T00:30:01.525170+00:00,2,77903.86,77788.72,DOWN,1
2026-08-29T00:30:00+00:00,15,K11,DOWN,2026-08-29T00:35:01.608159+00:00,302,77903.86,77788.72,DOWN,1
2026-08-29T00:30:00+00:00,15,K8,DOWN,2026-08-29T00:30:01.525170+00:00,2,77903.86,77788.72,DOWN,1
2026-08-29T00:30:00+00:00,15,K5,DOWN,2026-08-29T00:30:01.525170+00:00,2,77903.86,77788.72,DOWN,1
2026-08-29T00:35:00+00:00,5,K9,UP,2026-08-29T00:35:01.608159+00:00,2,77786.36,77792.0,UP,1
2026-08-29T00:35:00+00:00,5,K4,UP,2026-08-29T00:35:01.608159+00:00,2,77786.36,77792.0,UP,1
2026-08-29T01:05:00+00:00,5,K5,UP,2026-08-29T01:05:01.468316+00:00,2,77694.84,77670.53,DOWN,0
2026-08-29T01:10:00+00:00,5,K8,UP,2026-08-29T01:10:01.510086+00:00,2,77670.53,77637.65,DOWN,0
2026-08-29T01:10:00+00:00,5,K5,UP,2026-08-29T01:10:01.510086+00:00,2,77670.53,77637.65,DOWN,0
2026-08-29T01:15:00+00:00,5,K2,UP,2026-08-29T01:15:01.571884+00:00,2,77637.65,77701.8,UP,1
2026-08-29T01:15:00+00:00,5,K8,UP,2026-08-29T01:15:01.571884+00:00,2,77637.65,77701.8,UP,1
2026-08-29T01:15:00+00:00,5,K5,UP,2026-08-29T01:15:01.571884+00:00,2,77637.65,77701.8,UP,1
2026-08-29T01:45:00+00:00,15,K5,DOWN,2026-08-29T01:45:01.511705+00:00,2,77828.39,77794.11,DOWN,1
2026-08-29T02:20:00+00:00,5,K2,UP,2026-08-29T02:20:01.443854+00:00,2,77668.58,77590.58,DOWN,0
2026-08-29T02:20:00+00:00,5,K5,UP,2026-08-29T02:20:01.443854+00:00,2,77668.58,77590.58,DOWN,0
2026-08-29T02:25:00+00:00,5,K2,UP,2026-08-29T02:25:01.469585+00:00,2,77590.57,77629.44,UP,1
2026-08-29T02:25:00+00:00,5,K7,UP,2026-08-29T02:25:01.469585+00:00,2,77590.57,77629.44,UP,1
2026-08-29T02:25:00+00:00,5,K4,UP,2026-08-29T02:25:01.469585+00:00,2,77590.57,77629.44,UP,1
2026-08-29T02:25:00+00:00,5,K8,UP,2026-08-29T02:25:01.469585+00:00,2,77590.57,77629.44,UP,1
2026-08-29T02:25:00+00:00,5,K5,UP,2026-08-29T02:25:01.469585+00:00,2,77590.57,77629.44,UP,1
2026-08-29T02:30:00+00:00,5,K2,UP,2026-08-29T02:30:01.538426+00:00,2,77629.43,77596.02,DOWN,0
2026-08-29T02:30:00+00:00,5,K5,UP,2026-08-29T02:30:01.538426+00:00,2,77629.43,77596.02,DOWN,0
2026-08-29T02:35:00+00:00,5,K2,UP,2026-08-29T02:35:01.457475+00:00,2,77596.01,77661.31,UP,1
2026-08-29T02:35:00+00:00,5,K8,UP,2026-08-29T02:35:01.457475+00:00,2,77596.01,77661.31,UP,1
2026-08-29T02:35:00+00:00,5,K5,UP,2026-08-29T02:35:01.457475+00:00,2,77596.01,77661.31,UP,1
2026-08-29T02:45:00+00:00,5,K5,UP,2026-08-29T02:45:01.488674+00:00,2,77618.04,77640.21,UP,1
2026-08-29T03:40:00+00:00,5,K5,UP,2026-08-29T03:40:01.445358+00:00,2,77607.12,77622.73,UP,1
2026-08-29T03:45:00+00:00,5,K5,UP,2026-08-29T03:45:01.483273+00:00,2,77622.72,77584.3,DOWN,0
2026-08-29T03:45:00+00:00,15,K5,UP,2026-08-29T03:45:01.483273+00:00,2,77622.72,77507.17,DOWN,0
2026-08-29T03:50:00+00:00,5,K2,UP,2026-08-29T03:50:01.608254+00:00,2,77584.3,77539.03,DOWN,0
2026-08-29T03:50:00+00:00,5,K8,UP,2026-08-29T03:50:01.608254+00:00,2,77584.3,77539.03,DOWN,0
2026-08-29T03:50:00+00:00,5,K5,UP,2026-08-29T03:50:01.608254+00:00,2,77584.3,77539.03,DOWN,0
2026-08-29T03:55:00+00:00,5,K2,UP,2026-08-29T03:55:01.599333+00:00,2,77539.04,77507.17,DOWN,0
2026-08-29T03:55:00+00:00,5,K7,UP,2026-08-29T03:55:01.599333+00:00,2,77539.04,77507.17,DOWN,0
2026-08-29T03:55:00+00:00,5,K4,UP,2026-08-29T03:55:01.599333+00:00,2,77539.04,77507.17,DOWN,0
2026-08-29T03:55:00+00:00,5,K8,UP,2026-08-29T03:55:01.599333+00:00,2,77539.04,77507.17,DOWN,0
2026-08-29T03:55:00+00:00,5,K5,UP,2026-08-29T03:55:01.599333+00:00,2,77539.04,77507.17,DOWN,0
2026-08-29T04:00:00+00:00,5,K2,UP,2026-08-29T04:00:01.665121+00:00,2,77507.17,77576.89,UP,1
2026-08-29T04:00:00+00:00,5,K7,UP,2026-08-29T04:00:01.665121+00:00,2,77507.17,77576.89,UP,1
2026-08-29T04:00:00+00:00,5,K4,UP,2026-08-29T04:00:01.665121+00:00,2,77507.17,77576.89,UP,1
2026-08-29T04:00:00+00:00,5,K8,UP,2026-08-29T04:00:01.665121+00:00,2,77507.17,77576.89,UP,1
2026-08-29T04:00:00+00:00,5,K5,UP,2026-08-29T04:00:01.665121+00:00,2,77507.17,77576.89,UP,1
2026-08-29T04:00:00+00:00,15,K2,UP,2026-08-29T04:00:01.665121+00:00,2,77507.17,77583.76,UP,1
2026-08-29T04:00:00+00:00,15,K7,UP,2026-08-29T04:00:01.665121+00:00,2,77507.17,77583.76,UP,1
2026-08-29T04:00:00+00:00,15,K4,UP,2026-08-29T04:00:01.665121+00:00,2,77507.17,77583.76,UP,1
2026-08-29T04:00:00+00:00,15,K8,UP,2026-08-29T04:00:01.665121+00:00,2,77507.17,77583.76,UP,1
2026-08-29T04:00:00+00:00,15,K5,UP,2026-08-29T04:00:01.665121+00:00,2,77507.17,77583.76,UP,1
2026-08-29T04:15:00+00:00,15,K5,UP,2026-08-29T04:15:01.544223+00:00,2,77583.76,77602.46,UP,1
2026-08-29T05:10:00+00:00,5,K2,DOWN,2026-08-29T05:10:01.459363+00:00,2,77676.9,77701.35,UP,0
2026-08-29T05:10:00+00:00,5,K5,DOWN,2026-08-29T05:10:01.459363+00:00,2,77676.9,77701.35,UP,0
2026-08-29T05:15:00+00:00,5,K2,DOWN,2026-08-29T05:15:01.556529+00:00,2,77701.36,77693.06,DOWN,1
2026-08-29T05:15:00+00:00,5,K8,DOWN,2026-08-29T05:15:01.556529+00:00,2,77701.36,77693.06,DOWN,1
2026-08-29T05:15:00+00:00,5,K5,DOWN,2026-08-29T05:15:01.556529+00:00,2,77701.36,77693.06,DOWN,1
2026-08-29T05:20:00+00:00,5,K2,DOWN,2026-08-29T05:20:01.632293+00:00,2,77693.06,77670.27,DOWN,1
2026-08-29T05:20:00+00:00,5,K5,DOWN,2026-08-29T05:20:01.632293+00:00,2,77693.06,77670.27,DOWN,1
2026-08-29T05:40:00+00:00,5,K2,DOWN,2026-08-29T05:40:01.454185+00:00,2,77705.12,77688.35,DOWN,1
2026-08-29T05:40:00+00:00,5,K8,DOWN,2026-08-29T05:40:01.454185+00:00,2,77705.12,77688.35,DOWN,1
2026-08-29T05:40:00+00:00,5,K5,DOWN,2026-08-29T05:40:01.454185+00:00,2,77705.12,77688.35,DOWN,1
2026-08-29T05:45:00+00:00,5,K5,DOWN,2026-08-29T05:45:01.510356+00:00,2,77688.35,77682.94,DOWN,1
2026-08-29T06:05:00+00:00,5,K2,UP,2026-08-29T06:05:01.464736+00:00,2,77574.67,77573.27,DOWN,0
2026-08-29T06:05:00+00:00,5,K7,UP,2026-08-29T06:05:01.464736+00:00,2,77574.67,77573.27,DOWN,0
2026-08-29T06:05:00+00:00,5,K4,UP,2026-08-29T06:05:01.464736+00:00,2,77574.67,77573.27,DOWN,0
2026-08-29T06:05:00+00:00,5,K8,UP,2026-08-29T06:05:01.464736+00:00,2,77574.67,77573.27,DOWN,0
2026-08-29T06:05:00+00:00,5,K5,UP,2026-08-29T06:05:01.464736+00:00,2,77574.67,77573.27,DOWN,0
2026-08-29T06:10:00+00:00,5,K2,UP,2026-08-29T06:10:01.544772+00:00,2,77573.28,77478.62,DOWN,0
2026-08-29T06:10:00+00:00,5,K8,UP,2026-08-29T06:10:01.544772+00:00,2,77573.28,77478.62,DOWN,0
2026-08-29T06:10:00+00:00,5,K5,UP,2026-08-29T06:10:01.544772+00:00,2,77573.28,77478.62,DOWN,0
2026-08-29T06:15:00+00:00,5,K2,UP,2026-08-29T06:15:01.538279+00:00,2,77478.61,77462.07,DOWN,0
2026-08-29T06:15:00+00:00,5,K7,UP,2026-08-29T06:15:01.538279+00:00,2,77478.61,77462.07,DOWN,0
2026-08-29T06:15:00+00:00,5,K1,UP,2026-08-29T06:15:01.538279+00:00,2,77478.61,77462.07,DOWN,0
2026-08-29T06:15:00+00:00,5,K4,UP,2026-08-29T06:15:01.538279+00:00,2,77478.61,77462.07,DOWN,0
2026-08-29T06:15:00+00:00,5,K8,UP,2026-08-29T06:15:01.538279+00:00,2,77478.61,77462.07,DOWN,0
2026-08-29T06:15:00+00:00,5,K5,UP,2026-08-29T06:15:01.538279+00:00,2,77478.61,77462.07,DOWN,0
2026-08-29T06:15:00+00:00,5,K12,UP,2026-08-29T06:15:01.538279+00:00,2,77478.61,77462.07,DOWN,0
2026-08-29T06:15:00+00:00,15,K2,UP,2026-08-29T06:15:01.538279+00:00,2,77478.61,77409.86,DOWN,0
2026-08-29T06:15:00+00:00,15,K7,UP,2026-08-29T06:15:01.538279+00:00,2,77478.61,77409.86,DOWN,0
2026-08-29T06:15:00+00:00,15,K4,UP,2026-08-29T06:15:01.538279+00:00,2,77478.61,77409.86,DOWN,0
2026-08-29T06:15:00+00:00,15,K8,UP,2026-08-29T06:15:01.538279+00:00,2,77478.61,77409.86,DOWN,0
2026-08-29T06:15:00+00:00,15,K5,UP,2026-08-29T06:15:01.538279+00:00,2,77478.61,77409.86,DOWN,0
2026-08-29T06:20:00+00:00,5,K2,UP,2026-08-29T06:20:01.650303+00:00,2,77462.07,77411.37,DOWN,0
2026-08-29T06:20:00+00:00,5,K7,UP,2026-08-29T06:20:01.650303+00:00,2,77462.07,77411.37,DOWN,0
2026-08-29T06:20:00+00:00,5,K1,UP,2026-08-29T06:20:01.650303+00:00,2,77462.07,77411.37,DOWN,0
2026-08-29T06:20:00+00:00,5,K4,UP,2026-08-29T06:20:01.650303+00:00,2,77462.07,77411.37,DOWN,0
2026-08-29T06:20:00+00:00,5,K8,UP,2026-08-29T06:20:01.650303+00:00,2,77462.07,77411.37,DOWN,0
2026-08-29T06:20:00+00:00,5,K5,UP,2026-08-29T06:20:01.650303+00:00,2,77462.07,77411.37,DOWN,0
2026-08-29T06:20:00+00:00,5,K12,UP,2026-08-29T06:20:01.650303+00:00,2,77462.07,77411.37,DOWN,0
2026-08-29T06:25:00+00:00,5,K2,UP,2026-08-29T06:25:01.471185+00:00,2,77411.37,77409.86,DOWN,0
2026-08-29T06:25:00+00:00,5,K7,UP,2026-08-29T06:25:01.471185+00:00,2,77411.37,77409.86,DOWN,0
2026-08-29T06:25:00+00:00,5,K1,UP,2026-08-29T06:25:01.471185+00:00,2,77411.37,77409.86,DOWN,0
2026-08-29T06:25:00+00:00,5,K4,UP,2026-08-29T06:25:01.471185+00:00,2,77411.37,77409.86,DOWN,0
2026-08-29T06:25:00+00:00,5,K8,UP,2026-08-29T06:25:01.471185+00:00,2,77411.37,77409.86,DOWN,0
2026-08-29T06:25:00+00:00,5,K5,UP,2026-08-29T06:25:01.471185+00:00,2,77411.37,77409.86,DOWN,0
2026-08-29T06:25:00+00:00,5,K12,UP,2026-08-29T06:25:01.471185+00:00,2,77411.37,77409.86,DOWN,0
2026-08-29T06:30:00+00:00,5,K2,UP,2026-08-29T06:30:01.507363+00:00,2,77409.86,77459.99,UP,1
2026-08-29T06:30:00+00:00,5,K7,UP,2026-08-29T06:30:01.507363+00:00,2,77409.86,77459.99,UP,1
2026-08-29T06:30:00+00:00,5,K1,UP,2026-08-29T06:30:01.507363+00:00,2,77409.86,77459.99,UP,1
2026-08-29T06:30:00+00:00,5,K4,UP,2026-08-29T06:30:01.507363+00:00,2,77409.86,77459.99,UP,1
2026-08-29T06:30:00+00:00,5,K8,UP,2026-08-29T06:30:01.507363+00:00,2,77409.86,77459.99,UP,1
2026-08-29T06:30:00+00:00,5,K5,UP,2026-08-29T06:30:01.507363+00:00,2,77409.86,77459.99,UP,1
2026-08-29T06:30:00+00:00,5,K12,UP,2026-08-29T06:30:01.507363+00:00,2,77409.86,77459.99,UP,1
2026-08-29T06:30:00+00:00,15,K2,UP,2026-08-29T06:30:01.507363+00:00,2,77409.86,77446.12,UP,1
2026-08-29T06:30:00+00:00,15,K7,UP,2026-08-29T06:30:01.507363+00:00,2,77409.86,77446.12,UP,1
2026-08-29T06:30:00+00:00,15,K4,UP,2026-08-29T06:30:01.507363+00:00,2,77409.86,77446.12,UP,1
2026-08-29T06:30:00+00:00,15,K8,UP,2026-08-29T06:30:01.507363+00:00,2,77409.86,77446.12,UP,1
2026-08-29T06:30:00+00:00,15,K5,UP,2026-08-29T06:30:01.507363+00:00,2,77409.86,77446.12,UP,1
2026-08-29T06:40:00+00:00,5,K2,UP,2026-08-29T06:40:01.616029+00:00,2,77422.85,77446.12,UP,1
2026-08-29T06:40:00+00:00,5,K5,UP,2026-08-29T06:40:01.616029+00:00,2,77422.85,77446.12,UP,1
2026-08-29T06:45:00+00:00,5,K5,UP,2026-08-29T06:45:01.489847+00:00,2,77446.13,77458.57,UP,1
2026-08-29T06:45:00+00:00,15,K2,UP,2026-08-29T06:45:01.489847+00:00,2,77446.13,77466.82,UP,1
2026-08-29T06:45:00+00:00,15,K5,UP,2026-08-29T06:45:01.489847+00:00,2,77446.13,77466.82,UP,1
2026-08-29T06:55:00+00:00,5,K5,UP,2026-08-29T06:55:01.441938+00:00,2,77428.61,77466.82,UP,1
2026-08-29T07:00:00+00:00,15,K5,UP,2026-08-29T07:00:03.983450+00:00,4,77466.83,77466.65,DOWN,0
2026-08-29T07:10:00+00:00,5,K5,UP,2026-08-29T07:10:01.478484+00:00,2,77438.01,77466.65,UP,1
2026-08-29T07:40:00+00:00,5,K2,DOWN,2026-08-29T07:40:01.459039+00:00,2,77613.73,77655.14,UP,0
2026-08-29T07:40:00+00:00,5,K7,DOWN,2026-08-29T07:40:01.459039+00:00,2,77613.73,77655.14,UP,0
2026-08-29T07:40:00+00:00,5,K4,DOWN,2026-08-29T07:40:01.459039+00:00,2,77613.73,77655.14,UP,0
2026-08-29T07:40:00+00:00,5,K8,DOWN,2026-08-29T07:40:01.459039+00:00,2,77613.73,77655.14,UP,0
2026-08-29T07:40:00+00:00,5,K5,DOWN,2026-08-29T07:40:01.459039+00:00,2,77613.73,77655.14,UP,0
2026-08-29T07:45:00+00:00,5,K2,DOWN,2026-08-29T07:45:01.483952+00:00,2,77655.15,77631.07,DOWN,1
2026-08-29T07:45:00+00:00,5,K7,DOWN,2026-08-29T07:45:01.483952+00:00,2,77655.15,77631.07,DOWN,1
2026-08-29T07:45:00+00:00,5,K4,DOWN,2026-08-29T07:45:01.483952+00:00,2,77655.15,77631.07,DOWN,1
2026-08-29T07:45:00+00:00,5,K8,DOWN,2026-08-29T07:45:01.483952+00:00,2,77655.15,77631.07,DOWN,1
2026-08-29T07:45:00+00:00,5,K5,DOWN,2026-08-29T07:45:01.483952+00:00,2,77655.15,77631.07,DOWN,1
2026-08-29T07:50:00+00:00,5,K2,DOWN,2026-08-29T07:50:01.408536+00:00,2,77631.07,77634.98,UP,0
2026-08-29T07:50:00+00:00,5,K5,DOWN,2026-08-29T07:50:01.408536+00:00,2,77631.07,77634.98,UP,0
2026-08-29T07:55:00+00:00,5,K2,DOWN,2026-08-29T07:55:01.440306+00:00,2,77634.98,77626.01,DOWN,1
2026-08-29T07:55:00+00:00,5,K5,DOWN,2026-08-29T07:55:01.440306+00:00,2,77634.98,77626.01,DOWN,1
2026-08-29T08:00:00+00:00,5,K5,DOWN,2026-08-29T08:00:01.693109+00:00,2,77626.01,77487.74,DOWN,1
2026-08-29T08:00:00+00:00,15,K10,DOWN,2026-08-29T08:03:05.237070+00:00,186,77626.01,77525.99,DOWN,1
2026-08-29T08:00:00+00:00,15,K11,DOWN,2026-08-29T08:05:01.464940+00:00,302,77626.01,77525.99,DOWN,1
2026-08-29T08:05:00+00:00,5,K9,UP,2026-08-29T08:05:01.464940+00:00,2,77487.74,77505.82,UP,1
2026-08-29T08:05:00+00:00,5,K4,UP,2026-08-29T08:05:01.464940+00:00,2,77487.74,77505.82,UP,1
2026-08-29T09:05:00+00:00,5,K5,DOWN,2026-08-29T09:05:01.473423+00:00,2,77638.87,77602.0,DOWN,1
2026-08-29T09:15:00+00:00,5,K5,DOWN,2026-08-29T09:15:01.544071+00:00,2,77644.0,77654.17,UP,0
2026-08-29T09:20:00+00:00,5,K5,DOWN,2026-08-29T09:20:01.492562+00:00,2,77654.17,77641.99,DOWN,1
2026-08-29T09:25:00+00:00,5,K5,DOWN,2026-08-29T09:25:01.435613+00:00,2,77641.99,77626.5,DOWN,1
2026-08-29T09:35:00+00:00,5,K8,DOWN,2026-08-29T09:35:01.445398+00:00,2,77664.27,77725.99,UP,0
2026-08-29T09:35:00+00:00,5,K5,DOWN,2026-08-29T09:35:01.445398+00:00,2,77664.27,77725.99,UP,0
2026-08-29T09:40:00+00:00,5,K2,DOWN,2026-08-29T09:40:01.447770+00:00,2,77726.0,77661.84,DOWN,1
2026-08-29T09:40:00+00:00,5,K7,DOWN,2026-08-29T09:40:01.447770+00:00,2,77726.0,77661.84,DOWN,1
2026-08-29T09:40:00+00:00,5,K4,DOWN,2026-08-29T09:40:01.447770+00:00,2,77726.0,77661.84,DOWN,1
2026-08-29T09:40:00+00:00,5,K8,DOWN,2026-08-29T09:40:01.447770+00:00,2,77726.0,77661.84,DOWN,1
2026-08-29T09:40:00+00:00,5,K5,DOWN,2026-08-29T09:40:01.447770+00:00,2,77726.0,77661.84,DOWN,1
2026-08-29T10:05:00+00:00,5,K10,DOWN,2026-08-29T10:06:01.951434+00:00,62,77600.0,77552.36,DOWN,1
2026-08-29T10:10:00+00:00,5,K5,UP,2026-08-29T10:10:01.492660+00:00,2,77552.36,77581.67,UP,1
2026-08-29T10:15:00+00:00,5,K10,UP,2026-08-29T10:16:01.942729+00:00,62,77581.67,77704.65,UP,1
2026-08-29T10:15:00+00:00,5,K11,UP,2026-08-29T10:16:43.061108+00:00,104,77581.67,77704.65,UP,1
2026-08-29T10:15:00+00:00,15,K10,UP,2026-08-29T10:18:04.874226+00:00,185,77581.67,77671.51,UP,1
2026-08-29T10:15:00+00:00,15,K11,UP,2026-08-29T10:20:01.587057+00:00,302,77581.67,77671.51,UP,1
2026-08-29T10:20:00+00:00,5,K2,DOWN,2026-08-29T10:20:01.587057+00:00,2,77704.65,77681.81,DOWN,1
2026-08-29T10:20:00+00:00,5,K9,DOWN,2026-08-29T10:20:01.587057+00:00,2,77704.65,77681.81,DOWN,1
2026-08-29T10:20:00+00:00,5,K4,DOWN,2026-08-29T10:20:01.587057+00:00,2,77704.65,77681.81,DOWN,1
2026-08-29T10:45:00+00:00,15,K5,DOWN,2026-08-29T10:45:01.584140+00:00,2,77688.48,77635.17,DOWN,1
2026-08-29T10:50:00+00:00,5,K2,DOWN,2026-08-29T10:50:01.591718+00:00,2,77724.99,77730.12,UP,0
2026-08-29T10:50:00+00:00,5,K5,DOWN,2026-08-29T10:50:01.591718+00:00,2,77724.99,77730.12,UP,0
2026-08-29T10:55:00+00:00,5,K5,DOWN,2026-08-29T10:55:01.444991+00:00,2,77730.11,77635.17,DOWN,1
2026-08-29T11:15:00+00:00,5,K5,DOWN,2026-08-29T11:15:01.550778+00:00,2,77720.0,77706.01,DOWN,1
2026-08-29T11:15:00+00:00,15,K8,DOWN,2026-08-29T11:15:01.550778+00:00,2,77720.0,77700.01,DOWN,1
2026-08-29T11:15:00+00:00,15,K5,DOWN,2026-08-29T11:15:01.550778+00:00,2,77720.0,77700.01,DOWN,1
2026-08-29T11:30:00+00:00,5,K5,DOWN,2026-08-29T11:30:01.518184+00:00,2,77700.0,77680.0,DOWN,1
2026-08-29T11:30:00+00:00,15,K5,DOWN,2026-08-29T11:30:01.518184+00:00,2,77700.0,77643.01,DOWN,1
2026-08-29T11:55:00+00:00,5,K2,UP,2026-08-29T11:55:01.428072+00:00,2,77634.0,77584.67,DOWN,0
2026-08-29T12:00:00+00:00,5,K2,UP,2026-08-29T12:00:01.666185+00:00,2,77584.66,77592.23,UP,1
2026-08-29T12:00:00+00:00,5,K7,UP,2026-08-29T12:00:01.666185+00:00,2,77584.66,77592.23,UP,1
2026-08-29T12:00:00+00:00,5,K4,UP,2026-08-29T12:00:01.666185+00:00,2,77584.66,77592.23,UP,1
2026-08-29T12:00:00+00:00,5,K8,UP,2026-08-29T12:00:01.666185+00:00,2,77584.66,77592.23,UP,1
2026-08-29T12:00:00+00:00,5,K5,UP,2026-08-29T12:00:01.666185+00:00,2,77584.66,77592.23,UP,1
2026-08-29T12:05:00+00:00,5,K2,UP,2026-08-29T12:05:01.492840+00:00,2,77592.23,77581.72,DOWN,0
2026-08-29T12:05:00+00:00,5,K5,UP,2026-08-29T12:05:01.492840+00:00,2,77592.23,77581.72,DOWN,0
2026-08-29T12:10:00+00:00,5,K2,UP,2026-08-29T12:10:01.474843+00:00,2,77581.71,77596.58,UP,1
2026-08-29T12:10:00+00:00,5,K8,UP,2026-08-29T12:10:01.474843+00:00,2,77581.71,77596.58,UP,1
2026-08-29T12:10:00+00:00,5,K5,UP,2026-08-29T12:10:01.474843+00:00,2,77581.71,77596.58,UP,1
2026-08-29T12:15:00+00:00,5,K5,UP,2026-08-29T12:15:01.572361+00:00,2,77596.59,77645.82,UP,1
2026-08-29T12:25:00+00:00,5,K2,UP,2026-08-29T12:25:01.461136+00:00,2,77557.46,77584.0,UP,1
2026-08-29T12:25:00+00:00,5,K8,UP,2026-08-29T12:25:01.461136+00:00,2,77557.46,77584.0,UP,1
2026-08-29T12:25:00+00:00,5,K5,UP,2026-08-29T12:25:01.461136+00:00,2,77557.46,77584.0,UP,1
2026-08-29T12:35:00+00:00,5,K2,UP,2026-08-29T12:35:01.467340+00:00,2,77535.0,77565.08,UP,1
2026-08-29T12:35:00+00:00,5,K5,UP,2026-08-29T12:35:01.467340+00:00,2,77535.0,77565.08,UP,1
2026-08-29T13:20:00+00:00,5,K2,DOWN,2026-08-29T13:20:01.452835+00:00,2,77659.54,77688.93,UP,0
2026-08-29T13:25:00+00:00,5,K2,DOWN,2026-08-29T13:25:01.433934+00:00,2,77688.92,77659.14,DOWN,1
2026-08-29T13:25:00+00:00,5,K7,DOWN,2026-08-29T13:25:01.433934+00:00,2,77688.92,77659.14,DOWN,1
2026-08-29T13:25:00+00:00,5,K4,DOWN,2026-08-29T13:25:01.433934+00:00,2,77688.92,77659.14,DOWN,1
2026-08-29T13:25:00+00:00,5,K5,DOWN,2026-08-29T13:25:01.433934+00:00,2,77688.92,77659.14,DOWN,1
2026-08-29T13:30:00+00:00,5,K14,UP,2026-08-29T13:30:01.521041+00:00,2,77659.14,77644.99,DOWN,0
2026-08-29T13:30:00+00:00,15,K14,UP,2026-08-29T13:30:01.521041+00:00,2,77659.14,77662.0,UP,1
2026-08-29T13:35:00+00:00,5,K14,UP,2026-08-29T13:35:01.452525+00:00,2,77644.99,77662.01,UP,1
2026-08-29T13:40:00+00:00,5,K14,UP,2026-08-29T13:40:01.459146+00:00,2,77662.01,77662.0,DOWN,0
2026-08-29T13:45:00+00:00,5,K14,UP,2026-08-29T13:45:01.509057+00:00,2,77662.01,77711.97,UP,1
2026-08-29T13:45:00+00:00,15,K14,UP,2026-08-29T13:45:01.509057+00:00,2,77662.01,77704.32,UP,1
2026-08-29T13:50:00+00:00,5,K2,DOWN,2026-08-29T13:50:01.455432+00:00,2,77711.97,77697.13,DOWN,1
2026-08-29T13:50:00+00:00,5,K14,DOWN,2026-08-29T13:50:01.455432+00:00,2,77711.97,77697.13,DOWN,1
2026-08-29T13:50:00+00:00,5,K8,DOWN,2026-08-29T13:50:01.455432+00:00,2,77711.97,77697.13,DOWN,1
2026-08-29T13:50:00+00:00,5,K5,DOWN,2026-08-29T13:50:01.455432+00:00,2,77711.97,77697.13,DOWN,1
2026-08-29T13:55:00+00:00,5,K5,DOWN,2026-08-29T13:55:01.455134+00:00,2,77697.12,77704.32,UP,0
2026-08-29T14:00:00+00:00,5,K8,DOWN,2026-08-29T14:00:01.690069+00:00,2,77704.32,77700.01,DOWN,1
2026-08-29T14:00:00+00:00,5,K5,DOWN,2026-08-29T14:00:01.690069+00:00,2,77704.32,77700.01,DOWN,1
2026-08-29T14:05:00+00:00,5,K14,UP,2026-08-29T14:05:01.644056+00:00,2,77700.01,77692.0,DOWN,0
2026-08-29T14:05:00+00:00,5,K5,DOWN,2026-08-29T14:05:01.644056+00:00,2,77700.01,77692.0,DOWN,1
2026-08-29T14:10:00+00:00,5,K5,DOWN,2026-08-29T14:10:01.466936+00:00,2,77692.0,77686.7,DOWN,1
2026-08-29T14:15:00+00:00,5,K5,DOWN,2026-08-29T14:15:02.118877+00:00,3,77686.7,77676.8,DOWN,1
2026-08-29T14:25:00+00:00,5,K8,DOWN,2026-08-29T14:25:01.616802+00:00,2,77727.44,77694.52,DOWN,1
2026-08-29T14:25:00+00:00,5,K5,DOWN,2026-08-29T14:25:01.616802+00:00,2,77727.44,77694.52,DOWN,1
2026-08-29T14:30:00+00:00,5,K14,UP,2026-08-29T14:30:01.522893+00:00,2,77694.52,77696.48,UP,1
2026-08-29T14:30:00+00:00,15,K14,UP,2026-08-29T14:30:01.522893+00:00,2,77694.52,77926.01,UP,1
2026-08-29T14:40:00+00:00,5,K2,DOWN,2026-08-29T14:40:01.473281+00:00,2,77747.99,77926.01,UP,0
2026-08-29T14:40:00+00:00,5,K10,UP,2026-08-29T14:41:03.287749+00:00,64,77747.99,77926.01,UP,1
2026-08-29T14:40:00+00:00,5,K11,UP,2026-08-29T14:41:45.095873+00:00,106,77747.99,77926.01,UP,1
2026-08-29T14:40:00+00:00,5,K8,DOWN,2026-08-29T14:40:01.473281+00:00,2,77747.99,77926.01,UP,0
2026-08-29T14:40:00+00:00,5,K5,DOWN,2026-08-29T14:40:01.473281+00:00,2,77747.99,77926.01,UP,0
2026-08-29T14:45:00+00:00,5,K2,DOWN,2026-08-29T14:45:01.630361+00:00,2,77926.0,78045.47,UP,0
2026-08-29T14:45:00+00:00,5,K7,DOWN,2026-08-29T14:45:01.630361+00:00,2,77926.0,78045.47,UP,0
2026-08-29T14:45:00+00:00,5,K14,DOWN,2026-08-29T14:45:01.630361+00:00,2,77926.0,78045.47,UP,0
2026-08-29T14:45:00+00:00,5,K1,DOWN,2026-08-29T14:45:01.630361+00:00,2,77926.0,78045.47,UP,0
2026-08-29T14:45:00+00:00,5,K6,DOWN,2026-08-29T14:45:01.630361+00:00,2,77926.0,78045.47,UP,0
2026-08-29T14:45:00+00:00,5,K10,UP,2026-08-29T14:46:09.202311+00:00,70,77926.0,78045.47,UP,1
2026-08-29T14:45:00+00:00,5,K11,UP,2026-08-29T14:46:50.814471+00:00,111,77926.0,78045.47,UP,1
2026-08-29T14:45:00+00:00,5,K9,DOWN,2026-08-29T14:45:01.630361+00:00,2,77926.0,78045.47,UP,0
2026-08-29T14:45:00+00:00,5,K4,DOWN,2026-08-29T14:45:01.630361+00:00,2,77926.0,78045.47,UP,0
2026-08-29T14:45:00+00:00,5,K3,DOWN,2026-08-29T14:45:01.630361+00:00,2,77926.0,78045.47,UP,0
2026-08-29T14:45:00+00:00,5,K12,DOWN,2026-08-29T14:45:01.630361+00:00,2,77926.0,78045.47,UP,0
2026-08-29T14:45:00+00:00,15,K2,DOWN,2026-08-29T14:45:06.964217+00:00,7,77926.0,78014.37,UP,0
2026-08-29T14:45:00+00:00,15,K7,DOWN,2026-08-29T14:45:01.630361+00:00,2,77926.0,78014.37,UP,0
2026-08-29T14:45:00+00:00,15,K14,DOWN,2026-08-29T14:45:01.630361+00:00,2,77926.0,78014.37,UP,0
2026-08-29T14:45:00+00:00,15,K1,DOWN,2026-08-29T14:45:06.964217+00:00,7,77926.0,78014.37,UP,0
2026-08-29T14:45:00+00:00,15,K6,DOWN,2026-08-29T14:45:06.964217+00:00,7,77926.0,78014.37,UP,0
2026-08-29T14:45:00+00:00,15,K10,UP,2026-08-29T14:48:11.858826+00:00,192,77926.0,78014.37,UP,1
2026-08-29T14:45:00+00:00,15,K11,UP,2026-08-29T14:50:01.009916+00:00,302,77926.0,78014.37,UP,1
2026-08-29T14:45:00+00:00,15,K9,DOWN,2026-08-29T14:45:06.964217+00:00,7,77926.0,78014.37,UP,0
2026-08-29T14:45:00+00:00,15,K4,DOWN,2026-08-29T14:45:06.964217+00:00,7,77926.0,78014.37,UP,0
2026-08-29T14:45:00+00:00,15,K3,DOWN,2026-08-29T14:45:06.964217+00:00,7,77926.0,78014.37,UP,0
2026-08-29T14:45:00+00:00,15,K12,DOWN,2026-08-29T14:45:06.964217+00:00,7,77926.0,78014.37,UP,0
2026-08-29T14:50:00+00:00,5,K2,DOWN,2026-08-29T14:50:21.487816+00:00,22,78045.47,77987.46,DOWN,1
2026-08-29T14:50:00+00:00,5,K7,DOWN,2026-08-29T14:50:21.487816+00:00,22,78045.47,77987.46,DOWN,1
2026-08-29T14:50:00+00:00,5,K14,DOWN,2026-08-29T14:50:21.487816+00:00,22,78045.47,77987.46,DOWN,1
2026-08-29T14:50:00+00:00,5,K1,DOWN,2026-08-29T14:50:21.487816+00:00,22,78045.47,77987.46,DOWN,1
2026-08-29T14:50:00+00:00,5,K6,DOWN,2026-08-29T14:50:21.487816+00:00,22,78045.47,77987.46,DOWN,1
2026-08-29T14:50:00+00:00,5,K9,DOWN,2026-08-29T14:50:21.487816+00:00,22,78045.47,77987.46,DOWN,1
2026-08-29T14:50:00+00:00,5,K4,DOWN,2026-08-29T14:50:21.487816+00:00,22,78045.47,77987.46,DOWN,1
2026-08-29T14:50:00+00:00,5,K3,DOWN,2026-08-29T14:50:21.487816+00:00,22,78045.47,77987.46,DOWN,1
2026-08-29T14:50:00+00:00,5,K5,DOWN,2026-08-29T14:50:21.487816+00:00,22,78045.47,77987.46,DOWN,1
2026-08-29T14:50:00+00:00,5,K12,DOWN,2026-08-29T14:50:21.487816+00:00,22,78045.47,77987.46,DOWN,1
2026-08-29T14:55:00+00:00,5,K2,DOWN,2026-08-29T14:55:21.051120+00:00,22,77987.45,78014.37,UP,0
2026-08-29T14:55:00+00:00,5,K7,DOWN,2026-08-29T14:55:21.051120+00:00,22,77987.45,78014.37,UP,0
2026-08-29T14:55:00+00:00,5,K14,DOWN,2026-08-29T14:55:21.051120+00:00,22,77987.45,78014.37,UP,0
2026-08-29T14:55:00+00:00,5,K1,DOWN,2026-08-29T14:55:21.051120+00:00,22,77987.45,78014.37,UP,0
2026-08-29T14:55:00+00:00,5,K4,DOWN,2026-08-29T14:55:21.051120+00:00,22,77987.45,78014.37,UP,0
2026-08-29T14:55:00+00:00,5,K12,DOWN,2026-08-29T14:55:21.051120+00:00,22,77987.45,78014.37,UP,0
2026-08-29T15:00:00+00:00,5,K2,DOWN,2026-08-29T15:00:21.056797+00:00,22,78014.37,77884.47,DOWN,1
2026-08-29T15:00:00+00:00,5,K7,DOWN,2026-08-29T15:00:21.056797+00:00,22,78014.37,77884.47,DOWN,1
2026-08-29T15:00:00+00:00,5,K14,DOWN,2026-08-29T15:00:21.056797+00:00,22,78014.37,77884.47,DOWN,1
2026-08-29T15:00:00+00:00,5,K1,DOWN,2026-08-29T15:00:21.056797+00:00,22,78014.37,77884.47,DOWN,1
2026-08-29T15:00:00+00:00,5,K4,DOWN,2026-08-29T15:00:21.056797+00:00,22,78014.37,77884.47,DOWN,1
2026-08-29T15:00:00+00:00,5,K15,DOWN,2026-08-29T15:00:21.056797+00:00,22,78014.37,77884.47,DOWN,1
2026-08-29T15:00:00+00:00,5,K12,DOWN,2026-08-29T15:00:21.056797+00:00,22,78014.37,77884.47,DOWN,1
2026-08-29T15:00:00+00:00,15,K2,DOWN,2026-08-29T15:00:21.056797+00:00,22,78014.37,77935.92,DOWN,1
2026-08-29T15:00:00+00:00,15,K7,DOWN,2026-08-29T15:00:21.056797+00:00,22,78014.37,77935.92,DOWN,1
2026-08-29T15:00:00+00:00,15,K14,DOWN,2026-08-29T15:00:21.056797+00:00,22,78014.37,77935.92,DOWN,1
2026-08-29T15:00:00+00:00,15,K1,DOWN,2026-08-29T15:00:21.056797+00:00,22,78014.37,77935.92,DOWN,1
2026-08-29T15:00:00+00:00,15,K10,DOWN,2026-08-29T15:03:04.728223+00:00,185,78014.37,77935.92,DOWN,1
2026-08-29T15:00:00+00:00,15,K11,DOWN,2026-08-29T15:05:01.008807+00:00,302,78014.37,77935.92,DOWN,1
2026-08-29T15:00:00+00:00,15,K4,DOWN,2026-08-29T15:00:21.056797+00:00,22,78014.37,77935.92,DOWN,1
2026-08-29T15:00:00+00:00,15,K15,DOWN,2026-08-29T15:00:21.056797+00:00,22,78014.37,77935.92,DOWN,1
2026-08-29T15:00:00+00:00,15,K12,DOWN,2026-08-29T15:00:21.056797+00:00,22,78014.37,77935.92,DOWN,1
2026-08-29T15:05:00+00:00,5,K9,UP,2026-08-29T15:05:21.495476+00:00,22,77884.46,77924.22,UP,1
2026-08-29T15:05:00+00:00,5,K4,UP,2026-08-29T15:05:21.495476+00:00,22,77884.46,77924.22,UP,1
2026-08-29T15:15:00+00:00,15,K2,DOWN,2026-08-29T15:15:21.050781+00:00,22,77935.92,77903.95,DOWN,1
2026-08-29T15:30:00+00:00,5,K10,DOWN,2026-08-29T15:31:01.252024+00:00,62,77903.84,77861.13,DOWN,1
2026-08-29T15:30:00+00:00,5,K11,DOWN,2026-08-29T15:31:42.380518+00:00,103,77903.84,77861.13,DOWN,1
2026-08-29T15:50:00+00:00,5,K14,DOWN,2026-08-29T15:50:21.071605+00:00,22,77936.85,77856.45,DOWN,1
2026-08-29T15:50:00+00:00,5,K11,DOWN,2026-08-29T15:51:43.097287+00:00,104,77936.85,77856.45,DOWN,1
2026-08-29T15:50:00+00:00,5,K9,DOWN,2026-08-29T15:50:21.071605+00:00,22,77936.85,77856.45,DOWN,1
2026-08-29T15:50:00+00:00,5,K4,DOWN,2026-08-29T15:50:21.071605+00:00,22,77936.85,77856.45,DOWN,1
2026-08-29T15:55:00+00:00,5,K10,DOWN,2026-08-29T15:56:37.834167+00:00,98,77856.44,77865.36,UP,0
2026-08-29T16:00:00+00:00,5,K14,DOWN,2026-08-29T16:00:21.047299+00:00,22,77865.36,77910.16,UP,0
2026-08-29T16:00:00+00:00,15,K14,DOWN,2026-08-29T16:00:21.047299+00:00,22,77865.36,77987.99,UP,0
2026-08-29T16:15:00+00:00,5,K10,UP,2026-08-29T16:16:02.339377+00:00,63,77988.0,78020.64,UP,1
2026-08-29T16:15:00+00:00,5,K11,UP,2026-08-29T16:16:43.902374+00:00,104,77988.0,78020.64,UP,1
2026-08-29T16:15:00+00:00,15,K2,DOWN,2026-08-29T16:15:01.006741+00:00,2,77988.0,77946.0,DOWN,1
2026-08-29T16:20:00+00:00,5,K2,DOWN,2026-08-29T16:20:21.077504+00:00,22,78020.64,77962.56,DOWN,1
2026-08-29T16:20:00+00:00,5,K16,DOWN,2026-08-29T16:21:22.506899+00:00,83,78020.64,77962.56,DOWN,1
2026-08-29T16:25:00+00:00,5,K16,DOWN,2026-08-29T16:25:21.050009+00:00,22,77962.55,77946.0,DOWN,1
2026-08-29T16:30:00+00:00,5,K16,UP,2026-08-29T16:30:21.048679+00:00,22,77946.0,77984.51,UP,1
2026-08-29T16:30:00+00:00,15,K16,UP,2026-08-29T16:30:21.048679+00:00,22,77946.0,78018.0,UP,1
2026-08-29T16:45:00+00:00,5,K2,DOWN,2026-08-29T16:45:21.048202+00:00,22,78018.0,78027.72,UP,0
2026-08-29T16:45:00+00:00,15,K2,DOWN,2026-08-29T16:45:21.048202+00:00,22,78018.0,78027.17,UP,0
2026-08-29T16:50:00+00:00,5,K2,DOWN,2026-08-29T16:50:21.074959+00:00,22,78027.72,78034.09,UP,0
2026-08-29T16:50:00+00:00,5,K14,UP,2026-08-29T16:50:21.074959+00:00,22,78027.72,78034.09,UP,1
2026-08-29T17:00:00+00:00,15,K5,DOWN,2026-08-29T17:00:21.047592+00:00,22,78027.17,78048.43,UP,0
2026-08-29T17:05:00+00:00,5,K2,DOWN,2026-08-29T17:05:21.071498+00:00,22,78064.41,78026.95,DOWN,1
2026-08-29T17:05:00+00:00,5,K14,DOWN,2026-08-29T17:05:21.071498+00:00,22,78064.41,78026.95,DOWN,1
2026-08-29T17:10:00+00:00,5,K14,DOWN,2026-08-29T17:10:21.048389+00:00,22,78026.95,78048.43,UP,0
2026-08-29T17:15:00+00:00,5,K14,DOWN,2026-08-29T17:15:21.047550+00:00,22,78048.43,78067.69,UP,0
2026-08-29T17:15:00+00:00,15,K14,DOWN,2026-08-29T17:15:21.047550+00:00,22,78048.43,77990.77,DOWN,1
2026-08-29T17:15:00+00:00,15,K5,DOWN,2026-08-29T17:15:21.047550+00:00,22,78048.43,77990.77,DOWN,1
2026-08-29T17:20:00+00:00,5,K5,DOWN,2026-08-29T17:20:21.075275+00:00,22,78067.68,78020.96,DOWN,1
2026-08-29T17:35:00+00:00,5,K14,UP,2026-08-29T17:35:21.071748+00:00,22,77945.0,77947.56,UP,1
2026-08-29T17:40:00+00:00,5,K10,UP,2026-08-29T17:41:01.246728+00:00,62,77947.56,78020.0,UP,1
2026-08-29T17:55:00+00:00,5,K14,UP,2026-08-29T17:55:21.043709+00:00,22,78018.01,78100.0,UP,1
2026-08-29T18:00:00+00:00,5,K2,DOWN,2026-08-29T18:00:21.049024+00:00,22,78099.99,78069.32,DOWN,1
2026-08-29T18:00:00+00:00,5,K7,DOWN,2026-08-29T18:00:21.049024+00:00,22,78099.99,78069.32,DOWN,1
2026-08-29T18:00:00+00:00,5,K4,DOWN,2026-08-29T18:00:21.049024+00:00,22,78099.99,78069.32,DOWN,1
2026-08-29T18:00:00+00:00,5,K8,DOWN,2026-08-29T18:00:21.049024+00:00,22,78099.99,78069.32,DOWN,1
2026-08-29T18:00:00+00:00,5,K5,DOWN,2026-08-29T18:00:21.049024+00:00,22,78099.99,78069.32,DOWN,1
2026-08-29T18:00:00+00:00,15,?,UP,2026-08-29T18:13:47.158998+00:00,828,78099.99,78072.89,DOWN,0
2026-08-29T18:00:00+00:00,15,K8,DOWN,2026-08-29T18:00:21.049024+00:00,22,78099.99,78072.89,DOWN,1
2026-08-29T18:00:00+00:00,15,K5,DOWN,2026-08-29T18:00:21.049024+00:00,22,78099.99,78072.89,DOWN,1
2026-08-29T18:10:00+00:00,5,?,UP,2026-08-29T18:13:47.158998+00:00,228,78086.89,78072.89,DOWN,0
2026-08-29T18:15:00+00:00,5,?,UP,2026-08-29T18:16:53.875460+00:00,114,78072.89,78058.29,DOWN,0
2026-08-29T18:15:00+00:00,15,?,UP,2026-08-29T18:16:53.875460+00:00,114,78072.89,78053.27,DOWN,0
2026-08-29T18:15:00+00:00,15,K5,DOWN,2026-08-29T18:15:21.048307+00:00,22,78072.89,78053.27,DOWN,1
2026-08-29T18:30:00+00:00,5,?,DOWN,2026-08-29T18:31:45.212417+00:00,106,78053.27,78081.84,UP,0
2026-08-29T18:30:00+00:00,15,?,DOWN,2026-08-29T18:31:45.212417+00:00,106,78053.27,78145.99,UP,0
2026-08-29T18:35:00+00:00,5,?,DOWN,2026-08-29T18:36:30.912590+00:00,91,78081.85,78171.93,UP,0
2026-08-29T18:40:00+00:00,5,K2,DOWN,2026-08-29T18:40:21.047012+00:00,22,78171.94,78145.99,DOWN,1
2026-08-29T18:40:00+00:00,5,K7,DOWN,2026-08-29T18:40:21.047012+00:00,22,78171.94,78145.99,DOWN,1
2026-08-29T18:40:00+00:00,5,K14,DOWN,2026-08-29T18:40:21.047012+00:00,22,78171.94,78145.99,DOWN,1
2026-08-29T18:40:00+00:00,5,K4,DOWN,2026-08-29T18:40:21.047012+00:00,22,78171.94,78145.99,DOWN,1
2026-08-29T18:40:00+00:00,5,K5,DOWN,2026-08-29T18:40:21.047012+00:00,22,78171.94,78145.99,DOWN,1
2026-08-29T18:45:00+00:00,5,K2,DOWN,2026-08-29T18:45:21.049497+00:00,22,78145.99,78238.37,UP,0
2026-08-29T18:45:00+00:00,5,K14,DOWN,2026-08-29T18:45:21.049497+00:00,22,78145.99,78238.37,UP,0
2026-08-29T18:45:00+00:00,15,K14,DOWN,2026-08-29T18:45:21.049497+00:00,22,78145.99,78158.01,UP,0
2026-08-29T18:45:00+00:00,15,K5,DOWN,2026-08-29T18:45:21.049497+00:00,22,78145.99,78158.01,UP,0
2026-08-29T18:50:00+00:00,5,K2,DOWN,2026-08-29T18:50:21.076415+00:00,22,78238.38,78210.7,DOWN,1
2026-08-29T18:50:00+00:00,5,K7,DOWN,2026-08-29T18:50:21.076415+00:00,22,78238.38,78210.7,DOWN,1
2026-08-29T18:50:00+00:00,5,K14,DOWN,2026-08-29T18:50:21.076415+00:00,22,78238.38,78210.7,DOWN,1
2026-08-29T18:50:00+00:00,5,K4,DOWN,2026-08-29T18:50:21.076415+00:00,22,78238.38,78210.7,DOWN,1
2026-08-29T18:50:00+00:00,5,K8,DOWN,2026-08-29T18:50:21.076415+00:00,22,78238.38,78210.7,DOWN,1
2026-08-29T18:50:00+00:00,5,K5,DOWN,2026-08-29T18:50:21.076415+00:00,22,78238.38,78210.7,DOWN,1
2026-08-29T18:55:00+00:00,5,K2,DOWN,2026-08-29T18:55:21.048817+00:00,22,78210.7,78158.01,DOWN,1
2026-08-29T18:55:00+00:00,5,K5,DOWN,2026-08-29T18:55:21.048817+00:00,22,78210.7,78158.01,DOWN,1
2026-08-29T19:00:00+00:00,5,?,UP,2026-08-29T19:04:15.677366+00:00,256,78158.01,78227.99,UP,1
2026-08-29T19:00:00+00:00,15,?,UP,2026-08-29T19:04:15.677366+00:00,256,78158.01,78309.16,UP,1
2026-08-29T19:00:00+00:00,15,K5,DOWN,2026-08-29T19:00:21.053770+00:00,22,78158.01,78309.16,UP,0
2026-08-29T19:05:00+00:00,5,K2,DOWN,2026-08-29T19:05:01.004863+00:00,2,78227.98,78245.86,UP,0
2026-08-29T19:05:00+00:00,5,K14,UP,2026-08-29T19:05:01.004863+00:00,2,78227.98,78245.86,UP,1
2026-08-29T19:05:00+00:00,5,?,DOWN,2026-08-29T19:05:17.277092+00:00,18,78227.98,78245.86,UP,0
2026-08-29T19:05:00+00:00,5,K8,DOWN,2026-08-29T19:05:01.004863+00:00,2,78227.98,78245.86,UP,0
2026-08-29T19:05:00+00:00,5,K5,DOWN,2026-08-29T19:05:01.004863+00:00,2,78227.98,78245.86,UP,0
2026-08-29T19:10:00+00:00,5,K2,DOWN,2026-08-29T19:10:21.047916+00:00,22,78245.85,78309.16,UP,0
2026-08-29T19:10:00+00:00,5,?,DOWN,2026-08-29T19:12:13.390689+00:00,134,78245.85,78309.16,UP,0
2026-08-29T19:10:00+00:00,5,K8,DOWN,2026-08-29T19:10:21.047916+00:00,22,78245.85,78309.16,UP,0
2026-08-29T19:10:00+00:00,5,K5,DOWN,2026-08-29T19:10:21.047916+00:00,22,78245.85,78309.16,UP,0
2026-08-29T19:15:00+00:00,5,K2,DOWN,2026-08-29T19:15:21.048532+00:00,22,78309.15,78291.78,DOWN,1
2026-08-29T19:15:00+00:00,5,K7,DOWN,2026-08-29T19:15:21.048532+00:00,22,78309.15,78291.78,DOWN,1
2026-08-29T19:15:00+00:00,5,K14,DOWN,2026-08-29T19:15:21.048532+00:00,22,78309.15,78291.78,DOWN,1
2026-08-29T19:15:00+00:00,5,?,DOWN,2026-08-29T19:15:11.103234+00:00,12,78309.15,78291.78,DOWN,1
2026-08-29T19:15:00+00:00,5,K4,DOWN,2026-08-29T19:15:21.048532+00:00,22,78309.15,78291.78,DOWN,1
2026-08-29T19:15:00+00:00,5,K8,DOWN,2026-08-29T19:15:21.048532+00:00,22,78309.15,78291.78,DOWN,1
2026-08-29T19:15:00+00:00,5,K5,DOWN,2026-08-29T19:15:21.048532+00:00,22,78309.15,78291.78,DOWN,1
2026-08-29T19:15:00+00:00,15,K2,DOWN,2026-08-29T19:15:21.048532+00:00,22,78309.15,78240.9,DOWN,1
2026-08-29T19:15:00+00:00,15,K7,DOWN,2026-08-29T19:15:21.048532+00:00,22,78309.15,78240.9,DOWN,1
2026-08-29T19:15:00+00:00,15,K14,DOWN,2026-08-29T19:15:21.048532+00:00,22,78309.15,78240.9,DOWN,1
2026-08-29T19:15:00+00:00,15,K1,DOWN,2026-08-29T19:15:21.048532+00:00,22,78309.15,78240.9,DOWN,1
2026-08-29T19:15:00+00:00,15,?,DOWN,2026-08-29T19:15:11.103234+00:00,12,78309.15,78240.9,DOWN,1
2026-08-29T19:15:00+00:00,15,K4,DOWN,2026-08-29T19:15:21.048532+00:00,22,78309.15,78240.9,DOWN,1
2026-08-29T19:15:00+00:00,15,K8,DOWN,2026-08-29T19:15:21.048532+00:00,22,78309.15,78240.9,DOWN,1
2026-08-29T19:15:00+00:00,15,K5,DOWN,2026-08-29T19:15:21.048532+00:00,22,78309.15,78240.9,DOWN,1
2026-08-29T19:15:00+00:00,15,K12,DOWN,2026-08-29T19:15:21.048532+00:00,22,78309.15,78240.9,DOWN,1
2026-08-29T19:20:00+00:00,5,K2,DOWN,2026-08-29T19:20:21.076584+00:00,22,78291.79,78266.0,DOWN,1
2026-08-29T19:20:00+00:00,5,?,UP,2026-08-29T19:23:50.835198+00:00,231,78291.79,78266.0,DOWN,0
2026-08-29T19:20:00+00:00,5,K8,DOWN,2026-08-29T19:20:21.076584+00:00,22,78291.79,78266.0,DOWN,1
2026-08-29T19:20:00+00:00,5,K5,DOWN,2026-08-29T19:20:21.076584+00:00,22,78291.79,78266.0,DOWN,1
2026-08-29T19:25:00+00:00,5,?,DOWN,2026-08-29T19:25:57.327171+00:00,58,78265.99,78240.9,DOWN,1
2026-08-29T19:25:00+00:00,5,K5,DOWN,2026-08-29T19:25:21.048448+00:00,22,78265.99,78240.9,DOWN,1
2026-08-29T19:30:00+00:00,15,K2,DOWN,2026-08-29T19:30:21.050697+00:00,22,78240.9,78252.29,UP,0
2026-08-29T19:30:00+00:00,15,?,UP,2026-08-29T19:38:11.359268+00:00,492,78240.9,78252.29,UP,1
2026-08-29T19:30:00+00:00,15,K5,DOWN,2026-08-29T19:30:21.050697+00:00,22,78240.9,78252.29,UP,0
2026-08-29T19:35:00+00:00,5,?,UP,2026-08-29T19:38:11.359268+00:00,192,78224.14,78202.0,DOWN,0
2026-08-29T19:40:00+00:00,5,K14,UP,2026-08-29T19:40:21.046532+00:00,22,78202.01,78252.29,UP,1
2026-08-29T19:40:00+00:00,5,?,DOWN,2026-08-29T19:40:57.759225+00:00,58,78202.01,78252.29,UP,0
2026-08-29T19:45:00+00:00,5,?,UP,2026-08-29T19:46:33.332021+00:00,94,78252.3,78250.54,DOWN,0
2026-08-29T19:45:00+00:00,15,K2,DOWN,2026-08-29T19:45:21.048697+00:00,22,78252.3,78182.0,DOWN,1
2026-08-29T19:45:00+00:00,15,?,UP,2026-08-29T19:46:33.332021+00:00,94,78252.3,78182.0,DOWN,0
2026-08-29T19:45:00+00:00,15,K5,DOWN,2026-08-29T19:45:21.048697+00:00,22,78252.3,78182.0,DOWN,1
2026-08-29T20:00:00+00:00,5,?,DOWN,2026-08-29T20:03:10.459176+00:00,191,78181.99,78246.0,UP,0
2026-08-29T20:00:00+00:00,15,?,DOWN,2026-08-29T20:03:10.459176+00:00,191,78181.99,78227.99,UP,0
2026-08-29T20:15:00+00:00,15,?,UP,2026-08-29T20:21:26.336383+00:00,387,78227.99,78182.01,DOWN,0
2026-08-29T20:15:00+00:00,15,K5,DOWN,2026-08-29T20:15:21.047484+00:00,22,78227.99,78182.01,DOWN,1
2026-08-29T20:20:00+00:00,5,?,UP,2026-08-29T20:21:26.336383+00:00,87,78260.01,78210.01,DOWN,0
2026-08-29T20:30:00+00:00,5,?,UP,2026-08-29T20:31:30.338034+00:00,91,78182.0,78122.84,DOWN,0
2026-08-29T20:30:00+00:00,15,?,UP,2026-08-29T20:31:30.338034+00:00,91,78182.0,78137.64,DOWN,0
2026-08-29T20:35:00+00:00,5,K2,UP,2026-08-29T20:35:21.075183+00:00,22,78122.84,78142.94,UP,1
2026-08-29T20:35:00+00:00,5,K7,UP,2026-08-29T20:35:21.075183+00:00,22,78122.84,78142.94,UP,1
2026-08-29T20:35:00+00:00,5,K14,UP,2026-08-29T20:35:21.075183+00:00,22,78122.84,78142.94,UP,1
2026-08-29T20:35:00+00:00,5,?,DOWN,2026-08-29T20:35:27.660112+00:00,28,78122.84,78142.94,UP,0
2026-08-29T20:35:00+00:00,5,K4,UP,2026-08-29T20:35:21.075183+00:00,22,78122.84,78142.94,UP,1
2026-08-29T20:35:00+00:00,5,K8,UP,2026-08-29T20:35:21.075183+00:00,22,78122.84,78142.94,UP,1
2026-08-29T20:35:00+00:00,5,K5,UP,2026-08-29T20:35:21.075183+00:00,22,78122.84,78142.94,UP,1
2026-08-29T20:40:00+00:00,5,K2,UP,2026-08-29T20:40:21.048258+00:00,22,78142.94,78137.64,DOWN,0
2026-08-29T20:40:00+00:00,5,K5,UP,2026-08-29T20:40:21.048258+00:00,22,78142.94,78137.64,DOWN,0
2026-08-29T20:45:00+00:00,5,K2,UP,2026-08-29T20:45:21.047855+00:00,22,78137.63,78145.05,UP,1
2026-08-29T20:45:00+00:00,5,K8,UP,2026-08-29T20:45:21.047855+00:00,22,78137.63,78145.05,UP,1
2026-08-29T20:45:00+00:00,5,K5,UP,2026-08-29T20:45:21.047855+00:00,22,78137.63,78145.05,UP,1
2026-08-29T20:50:00+00:00,5,K5,UP,2026-08-29T20:50:21.075975+00:00,22,78145.05,78142.36,DOWN,0
2026-08-29T20:55:00+00:00,5,K5,UP,2026-08-29T20:55:21.046312+00:00,22,78142.36,78129.92,DOWN,0
2026-08-29T21:00:00+00:00,5,K14,UP,2026-08-29T21:00:21.052660+00:00,22,78129.92,78062.01,DOWN,0
2026-08-29T21:00:00+00:00,5,?,DOWN,2026-08-29T21:01:06.144538+00:00,67,78129.92,78062.01,DOWN,1
2026-08-29T21:00:00+00:00,5,K8,UP,2026-08-29T21:00:21.052660+00:00,22,78129.92,78062.01,DOWN,0
2026-08-29T21:00:00+00:00,5,K5,UP,2026-08-29T21:00:21.052660+00:00,22,78129.92,78062.01,DOWN,0
2026-08-29T21:00:00+00:00,15,K14,UP,2026-08-29T21:00:21.052660+00:00,22,78129.92,78154.91,UP,1
2026-08-29T21:00:00+00:00,15,?,DOWN,2026-08-29T21:01:06.144538+00:00,67,78129.92,78154.91,UP,0
2026-08-29T21:05:00+00:00,5,K2,UP,2026-08-29T21:05:21.075937+00:00,22,78062.0,78129.99,UP,1
2026-08-29T21:05:00+00:00,5,K7,UP,2026-08-29T21:05:21.075937+00:00,22,78062.0,78129.99,UP,1
2026-08-29T21:05:00+00:00,5,K4,UP,2026-08-29T21:05:21.075937+00:00,22,78062.0,78129.99,UP,1
2026-08-29T21:05:00+00:00,5,K8,UP,2026-08-29T21:05:21.075937+00:00,22,78062.0,78129.99,UP,1
2026-08-29T21:05:00+00:00,5,K5,UP,2026-08-29T21:05:21.075937+00:00,22,78062.0,78129.99,UP,1
2026-08-29T21:15:00+00:00,5,K14,DOWN,2026-08-29T21:15:21.047612+00:00,22,78154.92,78175.0,UP,0
2026-08-29T21:15:00+00:00,15,K14,DOWN,2026-08-29T21:15:21.047612+00:00,22,78154.92,78107.61,DOWN,1
2026-08-29T21:15:00+00:00,15,?,UP,2026-08-29T21:25:03.872120+00:00,604,78154.92,78107.61,DOWN,0
2026-08-29T21:25:00+00:00,5,?,UP,2026-08-29T21:25:03.872120+00:00,4,78148.0,78107.61,DOWN,0
2026-08-29T21:25:00+00:00,5,K10,DOWN,2026-08-29T21:26:01.246930+00:00,62,78148.0,78107.61,DOWN,1
2026-08-29T21:30:00+00:00,5,K14,UP,2026-08-29T21:30:21.047316+00:00,22,78107.61,78104.34,DOWN,0
2026-08-29T21:30:00+00:00,5,K5,UP,2026-08-29T21:30:21.047316+00:00,22,78107.61,78104.34,DOWN,0
2026-08-29T21:30:00+00:00,15,K14,UP,2026-08-29T21:30:21.047316+00:00,22,78107.61,78098.96,DOWN,0
2026-08-29T21:35:00+00:00,5,K14,UP,2026-08-29T21:35:21.075052+00:00,22,78104.33,78089.77,DOWN,0
2026-08-29T21:35:00+00:00,5,K5,UP,2026-08-29T21:35:21.075052+00:00,22,78104.33,78089.77,DOWN,0
2026-08-29T21:40:00+00:00,5,K14,UP,2026-08-29T21:40:21.047271+00:00,22,78089.76,78098.96,UP,1
2026-08-29T21:40:00+00:00,5,K5,UP,2026-08-29T21:40:21.047271+00:00,22,78089.76,78098.96,UP,1
2026-08-29T21:45:00+00:00,5,K14,UP,2026-08-29T21:45:21.047806+00:00,22,78098.97,78154.8,UP,1
2026-08-29T21:45:00+00:00,5,?,DOWN,2026-08-29T21:48:03.243209+00:00,184,78098.97,78154.8,UP,0
2026-08-29T21:45:00+00:00,5,K5,UP,2026-08-29T21:45:21.047806+00:00,22,78098.97,78154.8,UP,1
2026-08-29T21:45:00+00:00,15,K14,UP,2026-08-29T21:45:21.047806+00:00,22,78098.97,78161.63,UP,1
2026-08-29T21:45:00+00:00,15,?,DOWN,2026-08-29T21:48:03.243209+00:00,184,78098.97,78161.63,UP,0
2026-08-29T22:00:00+00:00,15,?,UP,2026-08-29T22:05:00.096802+00:00,301,78161.62,78137.37,DOWN,0
2026-08-29T22:05:00+00:00,5,?,UP,2026-08-29T22:05:00.096802+00:00,1,78187.76,78205.24,UP,1
2026-08-29T22:05:00+00:00,5,K5,DOWN,2026-08-29T22:05:21.072038+00:00,22,78187.76,78205.24,UP,0
2026-08-29T22:10:00+00:00,5,K2,DOWN,2026-08-29T22:10:21.048009+00:00,22,78205.25,78137.37,DOWN,1
2026-08-29T22:10:00+00:00,5,?,UP,2026-08-29T22:13:25.449049+00:00,206,78205.25,78137.37,DOWN,0
2026-08-29T22:10:00+00:00,5,K8,DOWN,2026-08-29T22:10:21.048009+00:00,22,78205.25,78137.37,DOWN,1
2026-08-29T22:10:00+00:00,5,K5,DOWN,2026-08-29T22:10:21.048009+00:00,22,78205.25,78137.37,DOWN,1
2026-08-29T22:15:00+00:00,5,K14,UP,2026-08-29T22:15:21.047120+00:00,22,78137.38,78086.01,DOWN,0
2026-08-29T22:15:00+00:00,15,K14,UP,2026-08-29T22:15:21.047120+00:00,22,78137.38,78146.78,UP,1
2026-08-29T22:15:00+00:00,15,?,DOWN,2026-08-29T22:28:51.355915+00:00,832,78137.38,78146.78,UP,0
2026-08-29T22:20:00+00:00,5,K14,UP,2026-08-29T22:20:21.073635+00:00,22,78086.01,78100.61,UP,1
2026-08-29T22:20:00+00:00,5,K5,UP,2026-08-29T22:20:21.073635+00:00,22,78086.01,78100.61,UP,1
2026-08-29T22:25:00+00:00,5,K14,UP,2026-08-29T22:25:21.047221+00:00,22,78100.6,78146.78,UP,1
2026-08-29T22:25:00+00:00,5,?,DOWN,2026-08-29T22:28:51.355915+00:00,232,78100.6,78146.78,UP,0
2026-08-29T22:30:00+00:00,5,K14,DOWN,2026-08-29T22:30:21.047536+00:00,22,78146.79,78135.0,DOWN,1
2026-08-29T22:30:00+00:00,5,?,UP,2026-08-29T22:33:59.062193+00:00,240,78146.79,78135.0,DOWN,0
2026-08-29T22:30:00+00:00,15,K14,DOWN,2026-08-29T22:30:21.047536+00:00,22,78146.79,78180.0,UP,0
2026-08-29T22:30:00+00:00,15,?,UP,2026-08-29T22:33:59.062193+00:00,240,78146.79,78180.0,UP,1
2026-08-29T22:35:00+00:00,5,?,UP,2026-08-29T22:35:00.117621+00:00,1,78135.0,78180.8,UP,1
2026-08-29T22:40:00+00:00,5,K14,DOWN,2026-08-29T22:40:21.046070+00:00,22,78180.8,78180.0,DOWN,1
2026-08-29T22:50:00+00:00,5,K14,DOWN,2026-08-29T22:50:21.072726+00:00,22,78193.0,78213.32,UP,0
2026-08-29T22:50:00+00:00,5,K5,DOWN,2026-08-29T22:50:21.072726+00:00,22,78193.0,78213.32,UP,0
2026-08-29T22:55:00+00:00,5,K2,DOWN,2026-08-29T22:55:21.046075+00:00,22,78213.32,78228.34,UP,0
2026-08-29T22:55:00+00:00,5,K8,DOWN,2026-08-29T22:55:21.046075+00:00,22,78213.32,78228.34,UP,0
2026-08-29T22:55:00+00:00,5,K5,DOWN,2026-08-29T22:55:21.046075+00:00,22,78213.32,78228.34,UP,0
2026-08-29T23:00:00+00:00,5,K2,DOWN,2026-08-29T23:00:21.046521+00:00,22,78228.33,78228.77,UP,0
2026-08-29T23:00:00+00:00,5,K14,DOWN,2026-08-29T23:00:21.046521+00:00,22,78228.33,78228.77,UP,0
2026-08-29T23:00:00+00:00,5,K8,DOWN,2026-08-29T23:00:21.046521+00:00,22,78228.33,78228.77,UP,0
2026-08-29T23:00:00+00:00,5,K5,DOWN,2026-08-29T23:00:21.046521+00:00,22,78228.33,78228.77,UP,0
2026-08-29T23:00:00+00:00,15,K14,DOWN,2026-08-29T23:00:21.046521+00:00,22,78228.33,78241.68,UP,0
2026-08-29T23:00:00+00:00,15,?,UP,2026-08-29T23:08:02.581429+00:00,483,78228.33,78241.68,UP,1
2026-08-29T23:05:00+00:00,5,K2,DOWN,2026-08-29T23:05:21.074057+00:00,22,78228.77,78218.18,DOWN,1
2026-08-29T23:05:00+00:00,5,K14,DOWN,2026-08-29T23:05:21.074057+00:00,22,78228.77,78218.18,DOWN,1
2026-08-29T23:05:00+00:00,5,?,UP,2026-08-29T23:08:02.581429+00:00,183,78228.77,78218.18,DOWN,0
2026-08-29T23:05:00+00:00,5,K5,DOWN,2026-08-29T23:05:21.074057+00:00,22,78228.77,78218.18,DOWN,1
2026-08-29T23:10:00+00:00,5,K14,DOWN,2026-08-29T23:10:21.047185+00:00,22,78218.19,78241.68,UP,0
2026-08-29T23:10:00+00:00,5,?,DOWN,2026-08-29T23:13:16.623242+00:00,197,78218.19,78241.68,UP,0
2026-08-29T23:10:00+00:00,5,K5,DOWN,2026-08-29T23:10:21.047185+00:00,22,78218.19,78241.68,UP,0
2026-08-29T23:15:00+00:00,5,?,DOWN,2026-08-29T23:18:56.536269+00:00,237,78241.67,78247.68,UP,0
2026-08-29T23:15:00+00:00,5,K8,DOWN,2026-08-29T23:15:21.047578+00:00,22,78241.67,78247.68,UP,0
2026-08-29T23:15:00+00:00,5,K5,DOWN,2026-08-29T23:15:21.047578+00:00,22,78241.67,78247.68,UP,0
2026-08-29T23:15:00+00:00,15,?,DOWN,2026-08-29T23:18:56.536269+00:00,237,78241.67,78261.43,UP,0
2026-08-29T23:20:00+00:00,5,K14,DOWN,2026-08-29T23:20:21.074643+00:00,22,78247.68,78200.0,DOWN,1
2026-08-29T23:20:00+00:00,5,K8,DOWN,2026-08-29T23:20:21.074643+00:00,22,78247.68,78200.0,DOWN,1
2026-08-29T23:20:00+00:00,5,K5,DOWN,2026-08-29T23:20:21.074643+00:00,22,78247.68,78200.0,DOWN,1
2026-08-29T23:25:00+00:00,5,?,UP,2026-08-29T23:25:56.915339+00:00,57,78200.0,78261.43,UP,1
2026-08-29T23:30:00+00:00,5,K2,DOWN,2026-08-29T23:30:21.046143+00:00,22,78261.44,78234.01,DOWN,1
2026-08-29T23:30:00+00:00,5,K14,DOWN,2026-08-29T23:30:21.046143+00:00,22,78261.44,78234.01,DOWN,1
2026-08-29T23:30:00+00:00,5,?,DOWN,2026-08-29T23:30:19.943023+00:00,20,78261.44,78234.01,DOWN,1
2026-08-29T23:30:00+00:00,5,K8,DOWN,2026-08-29T23:30:21.046143+00:00,22,78261.44,78234.01,DOWN,1
2026-08-29T23:30:00+00:00,5,K5,DOWN,2026-08-29T23:30:21.046143+00:00,22,78261.44,78234.01,DOWN,1
2026-08-29T23:30:00+00:00,15,K14,DOWN,2026-08-29T23:30:21.046143+00:00,22,78261.44,78218.49,DOWN,1
2026-08-29T23:30:00+00:00,15,?,DOWN,2026-08-29T23:30:19.943023+00:00,20,78261.44,78218.49,DOWN,1
2026-08-29T23:35:00+00:00,5,K14,DOWN,2026-08-29T23:35:21.074553+00:00,22,78234.0,78258.34,UP,0
2026-08-29T23:40:00+00:00,5,K14,DOWN,2026-08-29T23:40:21.045614+00:00,22,78258.35,78218.49,DOWN,1
2026-08-29T23:40:00+00:00,5,?,DOWN,2026-08-29T23:44:02.963358+00:00,243,78258.35,78218.49,DOWN,1
2026-08-29T23:40:00+00:00,5,K5,DOWN,2026-08-29T23:40:21.045614+00:00,22,78258.35,78218.49,DOWN,1
2026-08-29T23:45:00+00:00,5,K14,UP,2026-08-29T23:45:21.046851+00:00,22,78218.49,78282.52,UP,1
2026-08-29T23:45:00+00:00,5,?,UP,2026-08-29T23:45:03.680289+00:00,4,78218.49,78282.52,UP,1
2026-08-29T23:45:00+00:00,15,K14,UP,2026-08-29T23:45:21.046851+00:00,22,78218.49,78230.0,UP,1
2026-08-29T23:45:00+00:00,15,?,UP,2026-08-29T23:45:03.680289+00:00,4,78218.49,78230.0,UP,1
2026-08-29T23:50:00+00:00,5,K2,DOWN,2026-08-29T23:50:21.073294+00:00,22,78282.52,78248.58,DOWN,1
2026-08-29T23:50:00+00:00,5,K8,DOWN,2026-08-29T23:50:21.073294+00:00,22,78282.52,78248.58,DOWN,1
2026-08-29T23:50:00+00:00,5,K5,DOWN,2026-08-29T23:50:21.073294+00:00,22,78282.52,78248.58,DOWN,1
2026-08-29T23:55:00+00:00,5,K14,UP,2026-08-29T23:55:21.046117+00:00,22,78248.59,78230.0,DOWN,0
2026-08-29T23:55:00+00:00,5,?,UP,2026-08-29T23:59:10.284834+00:00,251,78248.59,78230.0,DOWN,0
2026-08-29T23:55:00+00:00,5,K5,DOWN,2026-08-29T23:55:21.046117+00:00,22,78248.59,78230.0,DOWN,1
2026-08-30T00:00:00+00:00,5,?,UP,2026-08-30T00:00:10.582025+00:00,11,78230.0,78205.15,DOWN,0
2026-08-30T00:00:00+00:00,15,?,UP,2026-08-30T00:00:10.582025+00:00,11,78230.0,78177.5,DOWN,0
2026-08-30T00:05:00+00:00,5,K14,UP,2026-08-30T00:05:21.073475+00:00,22,78205.16,78186.01,DOWN,0
2026-08-30T00:10:00+00:00,5,K14,UP,2026-08-30T00:10:21.046579+00:00,22,78186.01,78177.5,DOWN,0
2026-08-30T00:10:00+00:00,5,?,UP,2026-08-30T00:10:16.302598+00:00,17,78186.01,78177.5,DOWN,0
2026-08-30T00:15:00+00:00,5,K14,UP,2026-08-30T00:15:21.049434+00:00,22,78177.5,78284.84,UP,1
2026-08-30T00:15:00+00:00,5,?,DOWN,2026-08-30T00:17:40.602354+00:00,161,78177.5,78284.84,UP,0
2026-08-30T00:15:00+00:00,15,K14,UP,2026-08-30T00:15:21.049434+00:00,22,78177.5,78216.52,UP,1
2026-08-30T00:15:00+00:00,15,?,DOWN,2026-08-30T00:17:40.602354+00:00,161,78177.5,78216.52,UP,0
2026-08-30T00:15:00+00:00,15,K10,UP,2026-08-30T00:18:04.170512+00:00,185,78177.5,78216.52,UP,1
2026-08-30T00:15:00+00:00,15,K11,UP,2026-08-30T00:20:01.004174+00:00,302,78177.5,78216.52,UP,1
2026-08-30T00:20:00+00:00,5,K2,DOWN,2026-08-30T00:20:21.392999+00:00,22,78284.85,78213.08,DOWN,1
2026-08-30T00:20:00+00:00,5,?,DOWN,2026-08-30T00:23:21.535733+00:00,202,78284.85,78213.08,DOWN,1
2026-08-30T00:20:00+00:00,5,K10,DOWN,2026-08-30T00:21:02.599950+00:00,63,78284.85,78213.08,DOWN,1
2026-08-30T00:20:00+00:00,5,K11,DOWN,2026-08-30T00:21:44.071710+00:00,105,78284.85,78213.08,DOWN,1
2026-08-30T00:20:00+00:00,5,K9,DOWN,2026-08-30T00:20:21.392999+00:00,22,78284.85,78213.08,DOWN,1
2026-08-30T00:20:00+00:00,5,K4,DOWN,2026-08-30T00:20:21.392999+00:00,22,78284.85,78213.08,DOWN,1
2026-08-30T00:30:00+00:00,5,K14,DOWN,2026-08-30T00:30:21.053795+00:00,22,78216.52,78214.1,DOWN,1
2026-08-30T00:30:00+00:00,15,K14,DOWN,2026-08-30T00:30:21.053795+00:00,22,78216.52,78209.3,DOWN,1
2026-08-30T00:30:00+00:00,15,?,DOWN,2026-08-30T00:37:32.189687+00:00,453,78216.52,78209.3,DOWN,1
2026-08-30T00:35:00+00:00,5,?,DOWN,2026-08-30T00:37:32.189687+00:00,153,78214.1,78238.01,UP,0
2026-08-30T00:35:00+00:00,5,K11,UP,2026-08-30T00:37:01.872831+00:00,122,78214.1,78238.01,UP,1
2026-08-30T00:40:00+00:00,5,?,DOWN,2026-08-30T00:44:10.937092+00:00,251,78238.01,78209.3,DOWN,1
2026-08-30T00:45:00+00:00,15,?,UP,2026-08-30T00:50:58.517966+00:00,359,78209.29,78179.86,DOWN,0
2026-08-30T00:50:00+00:00,5,?,UP,2026-08-30T00:50:58.517966+00:00,59,78239.99,78221.46,DOWN,0
2026-08-30T01:00:00+00:00,5,K2,UP,2026-08-30T01:00:21.051895+00:00,22,78179.86,78190.0,UP,1
2026-08-30T01:00:00+00:00,5,K14,UP,2026-08-30T01:00:21.051895+00:00,22,78179.86,78190.0,UP,1
2026-08-30T01:00:00+00:00,5,?,DOWN,2026-08-30T01:00:28.323366+00:00,29,78179.86,78190.0,UP,0
2026-08-30T01:00:00+00:00,5,K5,UP,2026-08-30T01:00:21.051895+00:00,22,78179.86,78190.0,UP,1
2026-08-30T01:00:00+00:00,15,K14,UP,2026-08-30T01:00:21.051895+00:00,22,78179.86,78072.01,DOWN,0
2026-08-30T01:00:00+00:00,15,?,DOWN,2026-08-30T01:00:28.323366+00:00,29,78179.86,78072.01,DOWN,1
2026-08-30T01:05:00+00:00,5,?,UP,2026-08-30T01:07:47.543536+00:00,168,78189.99,78113.77,DOWN,0
2026-08-30T01:10:00+00:00,5,K2,UP,2026-08-30T01:10:21.045929+00:00,22,78113.77,78072.01,DOWN,0
2026-08-30T01:10:00+00:00,5,K7,UP,2026-08-30T01:10:21.045929+00:00,22,78113.77,78072.01,DOWN,0
2026-08-30T01:10:00+00:00,5,K14,UP,2026-08-30T01:10:21.045929+00:00,22,78113.77,78072.01,DOWN,0
2026-08-30T01:10:00+00:00,5,?,DOWN,2026-08-30T01:11:02.590448+00:00,63,78113.77,78072.01,DOWN,1
2026-08-30T01:10:00+00:00,5,K4,UP,2026-08-30T01:10:21.045929+00:00,22,78113.77,78072.01,DOWN,0
2026-08-30T01:10:00+00:00,5,K8,UP,2026-08-30T01:10:21.045929+00:00,22,78113.77,78072.01,DOWN,0
2026-08-30T01:10:00+00:00,5,K5,UP,2026-08-30T01:10:21.045929+00:00,22,78113.77,78072.01,DOWN,0
2026-08-30T01:15:00+00:00,5,K2,UP,2026-08-30T01:15:21.048191+00:00,22,78072.01,78043.82,DOWN,0
2026-08-30T01:15:00+00:00,5,K7,UP,2026-08-30T01:15:21.048191+00:00,22,78072.01,78043.82,DOWN,0
2026-08-30T01:15:00+00:00,5,K14,UP,2026-08-30T01:15:21.048191+00:00,22,78072.01,78043.82,DOWN,0
2026-08-30T01:15:00+00:00,5,?,UP,2026-08-30T01:15:25.581605+00:00,26,78072.01,78043.82,DOWN,0
2026-08-30T01:15:00+00:00,5,K4,UP,2026-08-30T01:15:21.048191+00:00,22,78072.01,78043.82,DOWN,0
2026-08-30T01:15:00+00:00,5,K8,UP,2026-08-30T01:15:21.048191+00:00,22,78072.01,78043.82,DOWN,0
2026-08-30T01:15:00+00:00,5,K5,UP,2026-08-30T01:15:21.048191+00:00,22,78072.01,78043.82,DOWN,0
2026-08-30T01:15:00+00:00,15,K2,UP,2026-08-30T01:15:21.048191+00:00,22,78072.01,78016.17,DOWN,0
2026-08-30T01:15:00+00:00,15,K14,UP,2026-08-30T01:15:21.048191+00:00,22,78072.01,78016.17,DOWN,0
2026-08-30T01:15:00+00:00,15,?,UP,2026-08-30T01:15:25.581605+00:00,26,78072.01,78016.17,DOWN,0
2026-08-30T01:15:00+00:00,15,K8,UP,2026-08-30T01:15:21.048191+00:00,22,78072.01,78016.17,DOWN,0
2026-08-30T01:15:00+00:00,15,K5,UP,2026-08-30T01:15:21.048191+00:00,22,78072.01,78016.17,DOWN,0
2026-08-30T01:20:00+00:00,5,K2,UP,2026-08-30T01:20:21.076192+00:00,22,78043.82,78048.28,UP,1
2026-08-30T01:20:00+00:00,5,K7,UP,2026-08-30T01:20:21.076192+00:00,22,78043.82,78048.28,UP,1
2026-08-30T01:20:00+00:00,5,K14,UP,2026-08-30T01:20:21.076192+00:00,22,78043.82,78048.28,UP,1
2026-08-30T01:20:00+00:00,5,K4,UP,2026-08-30T01:20:21.076192+00:00,22,78043.82,78048.28,UP,1
2026-08-30T01:20:00+00:00,5,K5,UP,2026-08-30T01:20:21.076192+00:00,22,78043.82,78048.28,UP,1
2026-08-30T01:25:00+00:00,5,K2,UP,2026-08-30T01:25:21.047663+00:00,22,78048.27,78016.17,DOWN,0
2026-08-30T01:25:00+00:00,5,K7,UP,2026-08-30T01:25:21.047663+00:00,22,78048.27,78016.17,DOWN,0
2026-08-30T01:25:00+00:00,5,K4,UP,2026-08-30T01:25:21.047663+00:00,22,78048.27,78016.17,DOWN,0
2026-08-30T01:25:00+00:00,5,K5,UP,2026-08-30T01:25:21.047663+00:00,22,78048.27,78016.17,DOWN,0
2026-08-30T01:30:00+00:00,5,K2,UP,2026-08-30T01:30:21.054737+00:00,22,78016.17,78009.18,DOWN,0
2026-08-30T01:30:00+00:00,5,K7,UP,2026-08-30T01:30:21.054737+00:00,22,78016.17,78009.18,DOWN,0
2026-08-30T01:30:00+00:00,5,K4,UP,2026-08-30T01:30:21.054737+00:00,22,78016.17,78009.18,DOWN,0
2026-08-30T01:30:00+00:00,5,K8,UP,2026-08-30T01:30:21.054737+00:00,22,78016.17,78009.18,DOWN,0
2026-08-30T01:30:00+00:00,5,K5,UP,2026-08-30T01:30:21.054737+00:00,22,78016.17,78009.18,DOWN,0
2026-08-30T01:30:00+00:00,15,K2,UP,2026-08-30T01:30:21.054737+00:00,22,78016.17,78061.66,UP,1
2026-08-30T01:30:00+00:00,15,K7,UP,2026-08-30T01:30:21.054737+00:00,22,78016.17,78061.66,UP,1
2026-08-30T01:30:00+00:00,15,?,UP,2026-08-30T01:38:19.320820+00:00,500,78016.17,78061.66,UP,1
2026-08-30T01:30:00+00:00,15,K4,UP,2026-08-30T01:30:21.054737+00:00,22,78016.17,78061.66,UP,1
2026-08-30T01:30:00+00:00,15,K8,UP,2026-08-30T01:30:21.054737+00:00,22,78016.17,78061.66,UP,1
2026-08-30T01:30:00+00:00,15,K5,UP,2026-08-30T01:30:21.054737+00:00,22,78016.17,78061.66,UP,1
2026-08-30T01:35:00+00:00,5,K2,UP,2026-08-30T01:35:21.076965+00:00,22,78009.18,78055.35,UP,1
2026-08-30T01:35:00+00:00,5,?,UP,2026-08-30T01:38:19.320820+00:00,200,78009.18,78055.35,UP,1
2026-08-30T01:35:00+00:00,5,K8,UP,2026-08-30T01:35:21.076965+00:00,22,78009.18,78055.35,UP,1
2026-08-30T01:35:00+00:00,5,K5,UP,2026-08-30T01:35:21.076965+00:00,22,78009.18,78055.35,UP,1
2026-08-30T01:40:00+00:00,5,K14,UP,2026-08-30T01:40:21.047774+00:00,22,78055.36,78061.66,UP,1
2026-08-30T01:40:00+00:00,5,?,UP,2026-08-30T01:43:18.284307+00:00,199,78055.36,78061.66,UP,1
2026-08-30T01:40:00+00:00,5,K5,UP,2026-08-30T01:40:21.047774+00:00,22,78055.36,78061.66,UP,1
2026-08-30T01:45:00+00:00,5,K14,UP,2026-08-30T01:45:21.048522+00:00,22,78061.65,78112.57,UP,1
2026-08-30T01:45:00+00:00,5,?,DOWN,2026-08-30T01:45:09.326193+00:00,10,78061.65,78112.57,UP,0
2026-08-30T01:45:00+00:00,5,K10,UP,2026-08-30T01:46:02.443034+00:00,63,78061.65,78112.57,UP,1
2026-08-30T01:45:00+00:00,5,K11,UP,2026-08-30T01:47:04.849899+00:00,125,78061.65,78112.57,UP,1
2026-08-30T01:45:00+00:00,15,K2,UP,2026-08-30T01:45:21.048522+00:00,22,78061.65,78081.5,UP,1
2026-08-30T01:45:00+00:00,15,K14,UP,2026-08-30T01:45:21.048522+00:00,22,78061.65,78081.5,UP,1
2026-08-30T01:45:00+00:00,15,?,DOWN,2026-08-30T01:45:09.326193+00:00,10,78061.65,78081.5,UP,0
2026-08-30T01:50:00+00:00,5,?,UP,2026-08-30T01:51:55.105808+00:00,116,78112.56,78078.97,DOWN,0
2026-08-30T01:55:00+00:00,5,?,UP,2026-08-30T01:57:22.652271+00:00,143,78078.97,78081.5,UP,1
2026-08-30T02:00:00+00:00,15,?,UP,2026-08-30T02:06:38.439866+00:00,399,78081.49,78086.33,UP,1
2026-08-30T02:05:00+00:00,5,?,UP,2026-08-30T02:06:38.439866+00:00,99,78127.03,78083.07,DOWN,0
2026-08-30T02:20:00+00:00,5,K14,UP,2026-08-30T02:20:21.071793+00:00,22,78070.51,78048.38,DOWN,0
2026-08-30T02:25:00+00:00,5,K14,UP,2026-08-30T02:25:21.045997+00:00,22,78048.38,78042.5,DOWN,0
2026-08-30T02:30:00+00:00,5,K5,UP,2026-08-30T02:30:21.046108+00:00,22,78042.49,78036.88,DOWN,0
2026-08-30T02:30:00+00:00,15,?,DOWN,2026-08-30T02:40:59.623308+00:00,660,78042.49,78102.45,UP,0
2026-08-30T02:30:00+00:00,15,K5,UP,2026-08-30T02:30:21.046108+00:00,22,78042.49,78102.45,UP,1
2026-08-30T02:35:00+00:00,5,K5,UP,2026-08-30T02:35:21.073563+00:00,22,78036.88,78066.68,UP,1
2026-08-30T02:40:00+00:00,5,?,DOWN,2026-08-30T02:40:59.623308+00:00,60,78066.68,78102.45,UP,0
2026-08-30T02:45:00+00:00,5,?,UP,2026-08-30T02:46:15.375236+00:00,76,78102.45,78109.53,UP,1
2026-08-30T02:45:00+00:00,15,?,UP,2026-08-30T02:46:15.375236+00:00,76,78102.45,78106.01,UP,1
2026-08-30T02:50:00+00:00,5,?,DOWN,2026-08-30T02:53:25.561245+00:00,206,78109.53,78145.48,UP,0
2026-08-30T02:50:00+00:00,5,K5,DOWN,2026-08-30T02:50:21.074163+00:00,22,78109.53,78145.48,UP,0
2026-08-30T02:55:00+00:00,5,K2,DOWN,2026-08-30T02:55:21.046951+00:00,22,78145.47,78106.01,DOWN,1
2026-08-30T02:55:00+00:00,5,K7,DOWN,2026-08-30T02:55:21.046951+00:00,22,78145.47,78106.01,DOWN,1
2026-08-30T02:55:00+00:00,5,K4,DOWN,2026-08-30T02:55:21.046951+00:00,22,78145.47,78106.01,DOWN,1
2026-08-30T02:55:00+00:00,5,K5,DOWN,2026-08-30T02:55:21.046951+00:00,22,78145.47,78106.01,DOWN,1
2026-08-30T03:00:00+00:00,5,?,DOWN,2026-08-30T03:01:27.622864+00:00,88,78106.0,78084.36,DOWN,1
2026-08-30T03:00:00+00:00,15,?,DOWN,2026-08-30T03:01:27.622864+00:00,88,78106.0,78084.93,DOWN,1
2026-08-30T03:05:00+00:00,5,?,UP,2026-08-30T03:07:02.685824+00:00,123,78084.36,78084.94,UP,1
2026-08-30T03:15:00+00:00,5,K14,DOWN,2026-08-30T03:15:21.048626+00:00,22,78084.93,78083.9,DOWN,1
2026-08-30T03:15:00+00:00,5,?,DOWN,2026-08-30T03:16:37.626560+00:00,98,78084.93,78083.9,DOWN,1
2026-08-30T03:15:00+00:00,15,K14,DOWN,2026-08-30T03:15:21.048626+00:00,22,78084.93,78168.0,UP,0
2026-08-30T03:15:00+00:00,15,?,DOWN,2026-08-30T03:16:37.626560+00:00,98,78084.93,78168.0,UP,0
2026-08-30T03:20:00+00:00,5,K14,DOWN,2026-08-30T03:20:21.074133+00:00,22,78083.91,78099.56,UP,0
2026-08-30T03:20:00+00:00,5,?,UP,2026-08-30T03:20:58.778810+00:00,59,78083.91,78099.56,UP,1
2026-08-30T03:25:00+00:00,5,K14,DOWN,2026-08-30T03:25:21.046288+00:00,22,78099.56,78168.0,UP,0
2026-08-30T03:30:00+00:00,5,K2,DOWN,2026-08-30T03:30:21.047224+00:00,22,78168.0,78233.7,UP,0
2026-08-30T03:30:00+00:00,5,K7,DOWN,2026-08-30T03:30:21.047224+00:00,22,78168.0,78233.7,UP,0
2026-08-30T03:30:00+00:00,5,K14,DOWN,2026-08-30T03:30:21.047224+00:00,22,78168.0,78233.7,UP,0
2026-08-30T03:30:00+00:00,5,K4,DOWN,2026-08-30T03:30:21.047224+00:00,22,78168.0,78233.7,UP,0
2026-08-30T03:30:00+00:00,5,K8,DOWN,2026-08-30T03:30:21.047224+00:00,22,78168.0,78233.7,UP,0
2026-08-30T03:30:00+00:00,5,K5,DOWN,2026-08-30T03:30:21.047224+00:00,22,78168.0,78233.7,UP,0
2026-08-30T03:30:00+00:00,15,K14,DOWN,2026-08-30T03:30:21.047224+00:00,22,78168.0,78190.43,UP,0
2026-08-30T03:35:00+00:00,5,K2,DOWN,2026-08-30T03:35:21.075194+00:00,22,78233.7,78189.04,DOWN,1
2026-08-30T03:35:00+00:00,5,K7,DOWN,2026-08-30T03:35:21.075194+00:00,22,78233.7,78189.04,DOWN,1
2026-08-30T03:35:00+00:00,5,K14,DOWN,2026-08-30T03:35:21.075194+00:00,22,78233.7,78189.04,DOWN,1
2026-08-30T03:35:00+00:00,5,K4,DOWN,2026-08-30T03:35:21.075194+00:00,22,78233.7,78189.04,DOWN,1
2026-08-30T03:35:00+00:00,5,K8,DOWN,2026-08-30T03:35:21.075194+00:00,22,78233.7,78189.04,DOWN,1
2026-08-30T03:35:00+00:00,5,K5,DOWN,2026-08-30T03:35:21.075194+00:00,22,78233.7,78189.04,DOWN,1
2026-08-30T03:40:00+00:00,5,K2,DOWN,2026-08-30T03:40:21.047508+00:00,22,78189.05,78190.43,UP,0
2026-08-30T03:40:00+00:00,5,K14,DOWN,2026-08-30T03:40:21.047508+00:00,22,78189.05,78190.43,UP,0
2026-08-30T03:45:00+00:00,5,K2,DOWN,2026-08-30T03:45:21.046932+00:00,22,78190.44,78167.3,DOWN,1
2026-08-30T03:45:00+00:00,5,K14,DOWN,2026-08-30T03:45:21.046932+00:00,22,78190.44,78167.3,DOWN,1
2026-08-30T03:45:00+00:00,5,?,UP,2026-08-30T03:45:16.654573+00:00,17,78190.44,78167.3,DOWN,0
2026-08-30T03:45:00+00:00,5,K5,DOWN,2026-08-30T03:45:21.046932+00:00,22,78190.44,78167.3,DOWN,1
2026-08-30T03:45:00+00:00,15,K14,DOWN,2026-08-30T03:45:21.046932+00:00,22,78190.44,78144.68,DOWN,1
2026-08-30T03:45:00+00:00,15,?,UP,2026-08-30T03:45:16.654573+00:00,17,78190.44,78144.68,DOWN,0
2026-08-30T03:50:00+00:00,5,K14,DOWN,2026-08-30T03:50:21.073916+00:00,22,78167.31,78150.0,DOWN,1
2026-08-30T03:50:00+00:00,5,?,UP,2026-08-30T03:51:14.956890+00:00,75,78167.31,78150.0,DOWN,0
2026-08-30T03:55:00+00:00,5,K14,DOWN,2026-08-30T03:55:21.045998+00:00,22,78150.0,78144.68,DOWN,1
2026-08-30T03:55:00+00:00,5,?,DOWN,2026-08-30T03:55:38.246088+00:00,39,78150.0,78144.68,DOWN,1
2026-08-30T04:00:00+00:00,5,?,DOWN,2026-08-30T04:02:31.957920+00:00,152,78144.68,78220.0,UP,0
2026-08-30T04:00:00+00:00,15,?,DOWN,2026-08-30T04:02:31.957920+00:00,152,78144.68,78157.21,UP,0
2026-08-30T04:05:00+00:00,5,K2,DOWN,2026-08-30T04:05:21.073469+00:00,22,78220.0,78162.72,DOWN,1
2026-08-30T04:05:00+00:00,5,K8,DOWN,2026-08-30T04:05:21.073469+00:00,22,78220.0,78162.72,DOWN,1
2026-08-30T04:05:00+00:00,5,K5,DOWN,2026-08-30T04:05:21.073469+00:00,22,78220.0,78162.72,DOWN,1
2026-08-30T04:10:00+00:00,5,K14,DOWN,2026-08-30T04:10:21.047489+00:00,22,78162.72,78157.21,DOWN,1
2026-08-30T04:15:00+00:00,15,?,UP,2026-08-30T04:24:41.524632+00:00,582,78157.22,78122.04,DOWN,0
2026-08-30T04:20:00+00:00,5,?,UP,2026-08-30T04:24:41.524632+00:00,282,78146.35,78113.06,DOWN,0
2026-08-30T04:25:00+00:00,5,?,DOWN,2026-08-30T04:25:42.676100+00:00,43,78113.07,78122.04,UP,0
2026-08-30T04:30:00+00:00,5,?,UP,2026-08-30T04:34:47.703467+00:00,288,78122.03,78093.0,DOWN,0
2026-08-30T04:30:00+00:00,15,?,UP,2026-08-30T04:34:47.703467+00:00,288,78122.03,78021.62,DOWN,0
2026-08-30T04:35:00+00:00,5,?,UP,2026-08-30T04:36:52.417365+00:00,113,78093.0,78031.62,DOWN,0
2026-08-30T04:35:00+00:00,5,K5,UP,2026-08-30T04:35:21.073852+00:00,22,78093.0,78031.62,DOWN,0
2026-08-30T04:40:00+00:00,5,K2,UP,2026-08-30T04:40:21.047051+00:00,22,78031.63,78021.62,DOWN,0
2026-08-30T04:40:00+00:00,5,K7,UP,2026-08-30T04:40:21.047051+00:00,22,78031.63,78021.62,DOWN,0
2026-08-30T04:40:00+00:00,5,K14,UP,2026-08-30T04:40:21.047051+00:00,22,78031.63,78021.62,DOWN,0
2026-08-30T04:40:00+00:00,5,?,UP,2026-08-30T04:44:36.075686+00:00,277,78031.63,78021.62,DOWN,0
2026-08-30T04:40:00+00:00,5,K4,UP,2026-08-30T04:40:21.047051+00:00,22,78031.63,78021.62,DOWN,0
2026-08-30T04:40:00+00:00,5,K8,UP,2026-08-30T04:40:21.047051+00:00,22,78031.63,78021.62,DOWN,0
2026-08-30T04:40:00+00:00,5,K5,UP,2026-08-30T04:40:21.047051+00:00,22,78031.63,78021.62,DOWN,0
2026-08-30T04:45:00+00:00,5,K2,UP,2026-08-30T04:45:21.047828+00:00,22,78021.63,78009.99,DOWN,0
2026-08-30T04:45:00+00:00,5,K14,UP,2026-08-30T04:45:21.047828+00:00,22,78021.63,78009.99,DOWN,0
2026-08-30T04:45:00+00:00,5,K8,UP,2026-08-30T04:45:21.047828+00:00,22,78021.63,78009.99,DOWN,0
2026-08-30T04:45:00+00:00,5,K5,UP,2026-08-30T04:45:21.047828+00:00,22,78021.63,78009.99,DOWN,0
2026-08-30T04:45:00+00:00,15,K2,UP,2026-08-30T04:45:21.047828+00:00,22,78021.63,78109.75,UP,1
2026-08-30T04:45:00+00:00,15,K14,UP,2026-08-30T04:45:21.047828+00:00,22,78021.63,78109.75,UP,1
2026-08-30T04:45:00+00:00,15,?,DOWN,2026-08-30T04:54:04.145303+00:00,545,78021.63,78109.75,UP,0
2026-08-30T04:45:00+00:00,15,K8,UP,2026-08-30T04:45:21.047828+00:00,22,78021.63,78109.75,UP,1
2026-08-30T04:45:00+00:00,15,K5,UP,2026-08-30T04:45:21.047828+00:00,22,78021.63,78109.75,UP,1
2026-08-30T04:50:00+00:00,5,K2,UP,2026-08-30T04:50:21.075692+00:00,22,78009.99,78073.85,UP,1
2026-08-30T04:50:00+00:00,5,K14,UP,2026-08-30T04:50:21.075692+00:00,22,78009.99,78073.85,UP,1
2026-08-30T04:50:00+00:00,5,?,DOWN,2026-08-30T04:54:04.145303+00:00,245,78009.99,78073.85,UP,0
2026-08-30T04:50:00+00:00,5,K8,UP,2026-08-30T04:50:21.075692+00:00,22,78009.99,78073.85,UP,1
2026-08-30T04:50:00+00:00,5,K5,UP,2026-08-30T04:50:21.075692+00:00,22,78009.99,78073.85,UP,1
2026-08-30T05:00:00+00:00,5,K14,DOWN,2026-08-30T05:00:21.053388+00:00,22,78109.74,78199.99,UP,0
2026-08-30T05:00:00+00:00,5,?,DOWN,2026-08-30T05:02:35.541383+00:00,156,78109.74,78199.99,UP,0
2026-08-30T05:00:00+00:00,15,K14,DOWN,2026-08-30T05:00:21.053388+00:00,22,78109.74,78146.01,UP,0
2026-08-30T05:00:00+00:00,15,?,DOWN,2026-08-30T05:02:35.541383+00:00,156,78109.74,78146.01,UP,0
2026-08-30T05:05:00+00:00,5,K14,DOWN,2026-08-30T05:05:01.004261+00:00,2,78199.99,78169.49,DOWN,1
2026-08-30T05:05:00+00:00,5,?,DOWN,2026-08-30T05:05:37.877618+00:00,38,78199.99,78169.49,DOWN,1
2026-08-30T05:05:00+00:00,5,K5,DOWN,2026-08-30T05:05:01.004261+00:00,2,78199.99,78169.49,DOWN,1
2026-08-30T05:10:00+00:00,5,K14,DOWN,2026-08-30T05:10:21.047517+00:00,22,78169.49,78146.01,DOWN,1
2026-08-30T05:20:00+00:00,5,K14,UP,2026-08-30T05:20:21.072543+00:00,22,78136.88,78140.0,UP,1
2026-08-30T05:30:00+00:00,15,?,UP,2026-08-30T05:36:59.255444+00:00,420,78140.0,78126.23,DOWN,0
2026-08-30T05:35:00+00:00,5,K14,DOWN,2026-08-30T05:35:21.072701+00:00,22,78136.89,78122.01,DOWN,1
2026-08-30T05:35:00+00:00,5,?,UP,2026-08-30T05:36:59.255444+00:00,120,78136.89,78122.01,DOWN,0
2026-08-30T05:40:00+00:00,5,K14,UP,2026-08-30T05:40:21.046346+00:00,22,78122.0,78126.23,UP,1
2026-08-30T05:45:00+00:00,5,K14,UP,2026-08-30T05:45:21.046622+00:00,22,78126.23,78126.23,DOWN,0
2026-08-30T05:45:00+00:00,15,K14,UP,2026-08-30T05:45:21.046622+00:00,22,78126.23,78127.71,UP,1
2026-08-30T05:45:00+00:00,15,?,DOWN,2026-08-30T05:51:35.659892+00:00,396,78126.23,78127.71,UP,0
2026-08-30T05:50:00+00:00,5,K14,UP,2026-08-30T05:50:21.074563+00:00,22,78126.22,78127.71,UP,1
2026-08-30T05:50:00+00:00,5,?,DOWN,2026-08-30T05:51:35.659892+00:00,96,78126.22,78127.71,UP,0
2026-08-30T05:55:00+00:00,5,?,UP,2026-08-30T05:55:13.244129+00:00,14,78127.72,78127.71,DOWN,0
2026-08-30T06:00:00+00:00,5,?,DOWN,2026-08-30T06:04:36.762150+00:00,277,78127.72,78144.73,UP,0
2026-08-30T06:00:00+00:00,15,?,DOWN,2026-08-30T06:04:36.762150+00:00,277,78127.72,78123.32,DOWN,1
2026-08-30T06:10:00+00:00,5,?,UP,2026-08-30T06:11:16.003495+00:00,77,78119.23,78123.32,UP,1
2026-08-30T06:15:00+00:00,5,?,DOWN,2026-08-30T06:18:47.708712+00:00,228,78123.33,78141.76,UP,0
2026-08-30T06:15:00+00:00,15,?,DOWN,2026-08-30T06:18:47.708712+00:00,228,78123.33,78177.41,UP,0
2026-08-30T06:20:00+00:00,5,K13,DOWN,2026-08-30T06:20:21.073638+00:00,22,78141.77,78194.0,UP,0
2026-08-30T06:25:00+00:00,5,K2,DOWN,2026-08-30T06:25:21.046674+00:00,22,78193.99,78177.41,DOWN,1
2026-08-30T06:25:00+00:00,5,K14,DOWN,2026-08-30T06:25:21.046674+00:00,22,78193.99,78177.41,DOWN,1
2026-08-30T06:25:00+00:00,5,K8,DOWN,2026-08-30T06:25:21.046674+00:00,22,78193.99,78177.41,DOWN,1
2026-08-30T06:25:00+00:00,5,K5,DOWN,2026-08-30T06:25:21.046674+00:00,22,78193.99,78177.41,DOWN,1
2026-08-30T06:30:00+00:00,5,K14,DOWN,2026-08-30T06:30:21.053492+00:00,22,78177.41,78199.28,UP,0
2026-08-30T06:30:00+00:00,5,K5,DOWN,2026-08-30T06:30:21.053492+00:00,22,78177.41,78199.28,UP,0
2026-08-30T06:30:00+00:00,15,K14,DOWN,2026-08-30T06:30:21.053492+00:00,22,78177.41,78245.91,UP,0
2026-08-30T06:30:00+00:00,15,?,DOWN,2026-08-30T06:36:33.539033+00:00,394,78177.41,78245.91,UP,0
2026-08-30T06:35:00+00:00,5,K2,DOWN,2026-08-30T06:35:21.074099+00:00,22,78199.27,78244.35,UP,0
2026-08-30T06:35:00+00:00,5,K14,DOWN,2026-08-30T06:35:21.074099+00:00,22,78199.27,78244.35,UP,0
2026-08-30T06:35:00+00:00,5,?,DOWN,2026-08-30T06:36:33.539033+00:00,94,78199.27,78244.35,UP,0
2026-08-30T06:35:00+00:00,5,K5,DOWN,2026-08-30T06:35:21.074099+00:00,22,78199.27,78244.35,UP,0
2026-08-30T06:40:00+00:00,5,K2,DOWN,2026-08-30T06:40:21.047033+00:00,22,78244.35,78245.91,UP,0
2026-08-30T06:40:00+00:00,5,K7,DOWN,2026-08-30T06:40:21.047033+00:00,22,78244.35,78245.91,UP,0
2026-08-30T06:40:00+00:00,5,K14,DOWN,2026-08-30T06:40:21.047033+00:00,22,78244.35,78245.91,UP,0
2026-08-30T06:40:00+00:00,5,?,DOWN,2026-08-30T06:41:22.055097+00:00,83,78244.35,78245.91,UP,0
2026-08-30T06:40:00+00:00,5,K4,DOWN,2026-08-30T06:40:21.047033+00:00,22,78244.35,78245.91,UP,0
2026-08-30T06:40:00+00:00,5,K5,DOWN,2026-08-30T06:40:21.047033+00:00,22,78244.35,78245.91,UP,0
2026-08-30T06:45:00+00:00,5,K2,DOWN,2026-08-30T06:45:21.049655+00:00,22,78245.91,78297.1,UP,0
2026-08-30T06:45:00+00:00,5,K7,DOWN,2026-08-30T06:45:21.049655+00:00,22,78245.91,78297.1,UP,0
2026-08-30T06:45:00+00:00,5,K14,DOWN,2026-08-30T06:45:21.049655+00:00,22,78245.91,78297.1,UP,0
2026-08-30T06:45:00+00:00,5,?,DOWN,2026-08-30T06:48:11.127380+00:00,192,78245.91,78297.1,UP,0
2026-08-30T06:45:00+00:00,5,K4,DOWN,2026-08-30T06:45:21.049655+00:00,22,78245.91,78297.1,UP,0
2026-08-30T06:45:00+00:00,15,K2,DOWN,2026-08-30T06:45:21.049655+00:00,22,78245.91,78280.34,UP,0
2026-08-30T06:45:00+00:00,15,K7,DOWN,2026-08-30T06:45:21.049655+00:00,22,78245.91,78280.34,UP,0
2026-08-30T06:45:00+00:00,15,K14,DOWN,2026-08-30T06:45:21.049655+00:00,22,78245.91,78280.34,UP,0
2026-08-30T06:45:00+00:00,15,?,DOWN,2026-08-30T06:48:11.127380+00:00,192,78245.91,78280.34,UP,0
2026-08-30T06:45:00+00:00,15,K4,DOWN,2026-08-30T06:45:21.049655+00:00,22,78245.91,78280.34,UP,0
2026-08-30T06:45:00+00:00,15,K5,DOWN,2026-08-30T06:45:21.049655+00:00,22,78245.91,78280.34,UP,0
2026-08-30T06:50:00+00:00,5,K2,DOWN,2026-08-30T06:50:21.076928+00:00,22,78297.09,78276.0,DOWN,1
2026-08-30T06:50:00+00:00,5,K7,DOWN,2026-08-30T06:50:21.076928+00:00,22,78297.09,78276.0,DOWN,1
2026-08-30T06:50:00+00:00,5,K14,DOWN,2026-08-30T06:50:21.076928+00:00,22,78297.09,78276.0,DOWN,1
2026-08-30T06:50:00+00:00,5,K1,DOWN,2026-08-30T06:50:21.076928+00:00,22,78297.09,78276.0,DOWN,1
2026-08-30T06:50:00+00:00,5,?,DOWN,2026-08-30T06:50:04.829424+00:00,5,78297.09,78276.0,DOWN,1
2026-08-30T06:50:00+00:00,5,K10,DOWN,2026-08-30T06:51:02.522720+00:00,63,78297.09,78276.0,DOWN,1
2026-08-30T06:50:00+00:00,5,K4,DOWN,2026-08-30T06:50:21.076928+00:00,22,78297.09,78276.0,DOWN,1
2026-08-30T06:50:00+00:00,5,K8,DOWN,2026-08-30T06:50:21.076928+00:00,22,78297.09,78276.0,DOWN,1
2026-08-30T06:50:00+00:00,5,K5,DOWN,2026-08-30T06:50:21.076928+00:00,22,78297.09,78276.0,DOWN,1
2026-08-30T06:50:00+00:00,5,K12,DOWN,2026-08-30T06:50:21.076928+00:00,22,78297.09,78276.0,DOWN,1
2026-08-30T06:55:00+00:00,5,K2,DOWN,2026-08-30T06:55:21.049427+00:00,22,78276.01,78280.34,UP,0
2026-08-30T06:55:00+00:00,5,K14,DOWN,2026-08-30T06:55:21.049427+00:00,22,78276.01,78280.34,UP,0
2026-08-30T06:55:00+00:00,5,K5,DOWN,2026-08-30T06:55:21.049427+00:00,22,78276.01,78280.34,UP,0
2026-08-30T07:00:00+00:00,5,K2,DOWN,2026-08-30T07:00:21.055030+00:00,22,78280.34,78264.47,DOWN,1
2026-08-30T07:00:00+00:00,5,K14,DOWN,2026-08-30T07:00:21.055030+00:00,22,78280.34,78264.47,DOWN,1
2026-08-30T07:00:00+00:00,5,K5,DOWN,2026-08-30T07:00:21.055030+00:00,22,78280.34,78264.47,DOWN,1
2026-08-30T07:00:00+00:00,15,K2,DOWN,2026-08-30T07:00:21.055030+00:00,22,78280.34,78256.01,DOWN,1
2026-08-30T07:00:00+00:00,15,K7,DOWN,2026-08-30T07:00:21.055030+00:00,22,78280.34,78256.01,DOWN,1
2026-08-30T07:00:00+00:00,15,K14,DOWN,2026-08-30T07:00:21.055030+00:00,22,78280.34,78256.01,DOWN,1
2026-08-30T07:00:00+00:00,15,K4,DOWN,2026-08-30T07:00:21.055030+00:00,22,78280.34,78256.01,DOWN,1
2026-08-30T07:00:00+00:00,15,K8,DOWN,2026-08-30T07:00:21.055030+00:00,22,78280.34,78256.01,DOWN,1
2026-08-30T07:00:00+00:00,15,K5,DOWN,2026-08-30T07:00:21.055030+00:00,22,78280.34,78256.01,DOWN,1
2026-08-30T07:15:00+00:00,15,K2,DOWN,2026-08-30T07:15:21.048815+00:00,22,78256.01,78230.0,DOWN,1
2026-08-30T07:15:00+00:00,15,K5,DOWN,2026-08-30T07:15:21.048815+00:00,22,78256.01,78230.0,DOWN,1
2026-08-30T07:20:00+00:00,5,K14,UP,2026-08-30T07:20:21.072936+00:00,22,78244.01,78232.74,DOWN,0
2026-08-30T07:25:00+00:00,5,K14,UP,2026-08-30T07:25:21.046537+00:00,22,78232.73,78230.0,DOWN,0
2026-08-30T07:30:00+00:00,15,?,DOWN,2026-08-30T07:37:43.053821+00:00,464,78230.01,78146.01,DOWN,1
2026-08-30T07:35:00+00:00,5,K14,UP,2026-08-30T07:35:21.071548+00:00,22,78178.05,78186.91,UP,1
2026-08-30T07:35:00+00:00,5,?,DOWN,2026-08-30T07:37:43.053821+00:00,164,78178.05,78186.91,UP,0
2026-08-30T07:45:00+00:00,5,?,UP,2026-08-30T07:48:28.270552+00:00,209,78146.01,78158.84,UP,1
2026-08-30T07:45:00+00:00,5,K5,UP,2026-08-30T07:45:01.003846+00:00,2,78146.01,78158.84,UP,1
2026-08-30T07:45:00+00:00,15,?,UP,2026-08-30T07:48:28.270552+00:00,209,78146.01,78118.0,DOWN,0
2026-08-30T08:00:00+00:00,5,K2,UP,2026-08-30T08:00:21.053855+00:00,22,78118.0,78137.99,UP,1
2026-08-30T08:00:00+00:00,5,?,DOWN,2026-08-30T08:03:28.537208+00:00,209,78118.0,78137.99,UP,0
2026-08-30T08:00:00+00:00,5,K8,UP,2026-08-30T08:00:21.053855+00:00,22,78118.0,78137.99,UP,1
2026-08-30T08:00:00+00:00,5,K5,UP,2026-08-30T08:00:21.053855+00:00,22,78118.0,78137.99,UP,1
2026-08-30T08:00:00+00:00,15,?,DOWN,2026-08-30T08:03:28.537208+00:00,209,78118.0,78148.07,UP,0
2026-08-30T08:05:00+00:00,5,?,DOWN,2026-08-30T08:07:30.971156+00:00,151,78138.0,78191.52,UP,0
2026-08-30T08:05:00+00:00,5,K5,UP,2026-08-30T08:05:21.075107+00:00,22,78138.0,78191.52,UP,1
2026-08-30T08:10:00+00:00,5,K14,DOWN,2026-08-30T08:10:21.047315+00:00,22,78191.52,78148.07,DOWN,1
2026-08-30T08:10:00+00:00,5,?,DOWN,2026-08-30T08:10:09.120837+00:00,10,78191.52,78148.07,DOWN,1
2026-08-30T08:15:00+00:00,5,K14,DOWN,2026-08-30T08:15:21.047359+00:00,22,78148.06,78196.5,UP,0
2026-08-30T08:15:00+00:00,5,K5,UP,2026-08-30T08:15:21.047359+00:00,22,78148.06,78196.5,UP,1
2026-08-30T08:15:00+00:00,15,K14,DOWN,2026-08-30T08:15:21.047359+00:00,22,78148.06,78154.09,UP,0
2026-08-30T08:15:00+00:00,15,?,UP,2026-08-30T08:22:06.748014+00:00,427,78148.06,78154.09,UP,1
2026-08-30T08:20:00+00:00,5,?,UP,2026-08-30T08:22:06.748014+00:00,127,78196.5,78156.52,DOWN,0
2026-08-30T08:25:00+00:00,5,K14,UP,2026-08-30T08:25:21.046311+00:00,22,78156.52,78154.09,DOWN,0
2026-08-30T08:25:00+00:00,5,K5,UP,2026-08-30T08:25:21.046311+00:00,22,78156.52,78154.09,DOWN,0
2026-08-30T08:30:00+00:00,5,K14,UP,2026-08-30T08:30:21.053490+00:00,22,78154.09,78138.01,DOWN,0
2026-08-30T08:30:00+00:00,15,K14,UP,2026-08-30T08:30:21.053490+00:00,22,78154.09,78062.0,DOWN,0
2026-08-30T08:30:00+00:00,15,?,UP,2026-08-30T08:37:12.846931+00:00,433,78154.09,78062.0,DOWN,0
2026-08-30T08:35:00+00:00,5,K14,UP,2026-08-30T08:35:21.074054+00:00,22,78138.01,78042.19,DOWN,0
2026-08-30T08:35:00+00:00,5,?,UP,2026-08-30T08:37:12.846931+00:00,133,78138.01,78042.19,DOWN,0
2026-08-30T08:35:00+00:00,5,K5,UP,2026-08-30T08:35:21.074054+00:00,22,78138.01,78042.19,DOWN,0
2026-08-30T08:40:00+00:00,5,K2,UP,2026-08-30T08:40:21.047019+00:00,22,78042.19,78062.0,UP,1
2026-08-30T08:40:00+00:00,5,K7,UP,2026-08-30T08:40:21.047019+00:00,22,78042.19,78062.0,UP,1
2026-08-30T08:40:00+00:00,5,K14,UP,2026-08-30T08:40:21.047019+00:00,22,78042.19,78062.0,UP,1
2026-08-30T08:40:00+00:00,5,K1,UP,2026-08-30T08:40:21.047019+00:00,22,78042.19,78062.0,UP,1
2026-08-30T08:40:00+00:00,5,K9,UP,2026-08-30T08:40:21.047019+00:00,22,78042.19,78062.0,UP,1
2026-08-30T08:40:00+00:00,5,K4,UP,2026-08-30T08:40:21.047019+00:00,22,78042.19,78062.0,UP,1
2026-08-30T08:40:00+00:00,5,K3,UP,2026-08-30T08:40:21.047019+00:00,22,78042.19,78062.0,UP,1
2026-08-30T08:40:00+00:00,5,K8,UP,2026-08-30T08:40:21.047019+00:00,22,78042.19,78062.0,UP,1
2026-08-30T08:40:00+00:00,5,K5,UP,2026-08-30T08:40:21.047019+00:00,22,78042.19,78062.0,UP,1
2026-08-30T08:45:00+00:00,5,K2,UP,2026-08-30T08:45:21.051397+00:00,22,78061.99,78063.19,UP,1
2026-08-30T08:45:00+00:00,5,K14,UP,2026-08-30T08:45:21.051397+00:00,22,78061.99,78063.19,UP,1
2026-08-30T08:45:00+00:00,5,K8,UP,2026-08-30T08:45:21.051397+00:00,22,78061.99,78063.19,UP,1
2026-08-30T08:45:00+00:00,5,K5,UP,2026-08-30T08:45:21.051397+00:00,22,78061.99,78063.19,UP,1
2026-08-30T08:45:00+00:00,15,K14,UP,2026-08-30T08:45:21.051397+00:00,22,78061.99,78074.01,UP,1
2026-08-30T08:50:00+00:00,5,K2,UP,2026-08-30T08:50:21.075900+00:00,22,78063.19,78054.29,DOWN,0
2026-08-30T08:50:00+00:00,5,K14,UP,2026-08-30T08:50:21.075900+00:00,22,78063.19,78054.29,DOWN,0
2026-08-30T08:50:00+00:00,5,K5,UP,2026-08-30T08:50:21.075900+00:00,22,78063.19,78054.29,DOWN,0
2026-08-30T08:55:00+00:00,5,K2,UP,2026-08-30T08:55:21.046593+00:00,22,78054.29,78074.01,UP,1
2026-08-30T08:55:00+00:00,5,K8,UP,2026-08-30T08:55:21.046593+00:00,22,78054.29,78074.01,UP,1
2026-08-30T08:55:00+00:00,5,K5,UP,2026-08-30T08:55:21.046593+00:00,22,78054.29,78074.01,UP,1
2026-08-30T09:00:00+00:00,5,K5,UP,2026-08-30T09:00:21.047258+00:00,22,78074.01,78084.28,UP,1
2026-08-30T09:15:00+00:00,15,?,UP,2026-08-30T09:22:39.191564+00:00,460,78099.99,77991.65,DOWN,0
2026-08-30T09:20:00+00:00,5,?,UP,2026-08-30T09:22:39.191564+00:00,160,78074.01,78050.94,DOWN,0
2026-08-30T09:25:00+00:00,5,?,DOWN,2026-08-30T09:28:22.286707+00:00,203,78050.94,77991.65,DOWN,1
2026-08-30T09:25:00+00:00,5,K8,UP,2026-08-30T09:25:21.046249+00:00,22,78050.94,77991.65,DOWN,0
2026-08-30T09:25:00+00:00,5,K5,UP,2026-08-30T09:25:21.046249+00:00,22,78050.94,77991.65,DOWN,0
2026-08-30T09:30:00+00:00,5,K2,UP,2026-08-30T09:30:21.046890+00:00,22,77991.65,78004.13,UP,1
2026-08-30T09:30:00+00:00,5,K7,UP,2026-08-30T09:30:21.046890+00:00,22,77991.65,78004.13,UP,1
2026-08-30T09:30:00+00:00,5,K14,UP,2026-08-30T09:30:21.046890+00:00,22,77991.65,78004.13,UP,1
2026-08-30T09:30:00+00:00,5,?,UP,2026-08-30T09:30:49.202395+00:00,50,77991.65,78004.13,UP,1
2026-08-30T09:30:00+00:00,5,K4,UP,2026-08-30T09:30:21.046890+00:00,22,77991.65,78004.13,UP,1
2026-08-30T09:30:00+00:00,5,K8,UP,2026-08-30T09:30:21.046890+00:00,22,77991.65,78004.13,UP,1
2026-08-30T09:30:00+00:00,5,K5,UP,2026-08-30T09:30:21.046890+00:00,22,77991.65,78004.13,UP,1
2026-08-30T09:30:00+00:00,15,K2,UP,2026-08-30T09:30:21.046890+00:00,22,77991.65,78035.03,UP,1
2026-08-30T09:30:00+00:00,15,K14,UP,2026-08-30T09:30:21.046890+00:00,22,77991.65,78035.03,UP,1
2026-08-30T09:30:00+00:00,15,?,UP,2026-08-30T09:30:49.202395+00:00,50,77991.65,78035.03,UP,1
2026-08-30T09:30:00+00:00,15,K8,UP,2026-08-30T09:30:21.046890+00:00,22,77991.65,78035.03,UP,1
2026-08-30T09:30:00+00:00,15,K5,UP,2026-08-30T09:30:21.046890+00:00,22,77991.65,78035.03,UP,1
2026-08-30T09:35:00+00:00,5,K2,UP,2026-08-30T09:35:21.077729+00:00,22,78004.13,78009.49,UP,1
2026-08-30T09:35:00+00:00,5,K14,UP,2026-08-30T09:35:21.077729+00:00,22,78004.13,78009.49,UP,1
2026-08-30T09:35:00+00:00,5,K8,UP,2026-08-30T09:35:21.077729+00:00,22,78004.13,78009.49,UP,1
2026-08-30T09:35:00+00:00,5,K5,UP,2026-08-30T09:35:21.077729+00:00,22,78004.13,78009.49,UP,1
2026-08-30T09:40:00+00:00,5,K14,UP,2026-08-30T09:40:21.046944+00:00,22,78009.49,78035.03,UP,1
2026-08-30T09:40:00+00:00,5,K5,UP,2026-08-30T09:40:21.046944+00:00,22,78009.49,78035.03,UP,1
2026-08-30T09:45:00+00:00,5,?,UP,2026-08-30T09:49:40.383592+00:00,281,78035.02,78014.01,DOWN,0
2026-08-30T09:45:00+00:00,15,?,UP,2026-08-30T09:49:40.383592+00:00,281,78035.02,78000.01,DOWN,0
2026-08-30T09:45:00+00:00,15,K5,UP,2026-08-30T09:45:21.070692+00:00,22,78035.02,78000.01,DOWN,0
2026-08-30T09:50:00+00:00,5,K5,UP,2026-08-30T09:50:21.073726+00:00,22,78014.0,78000.01,DOWN,0
2026-08-30T09:55:00+00:00,5,K8,UP,2026-08-30T09:55:21.046448+00:00,22,78000.01,78000.01,DOWN,0
2026-08-30T09:55:00+00:00,5,K5,UP,2026-08-30T09:55:21.046448+00:00,22,78000.01,78000.01,DOWN,0
2026-08-30T10:00:00+00:00,5,K14,UP,2026-08-30T10:00:21.054690+00:00,22,78000.01,77968.96,DOWN,0
2026-08-30T10:00:00+00:00,5,?,UP,2026-08-30T10:00:02.135562+00:00,3,78000.01,77968.96,DOWN,0
2026-08-30T10:00:00+00:00,5,K8,UP,2026-08-30T10:00:21.054690+00:00,22,78000.01,77968.96,DOWN,0
2026-08-30T10:00:00+00:00,5,K5,UP,2026-08-30T10:00:21.054690+00:00,22,78000.01,77968.96,DOWN,0
2026-08-30T10:00:00+00:00,15,K2,UP,2026-08-30T10:00:21.054690+00:00,22,78000.01,78017.51,UP,1
2026-08-30T10:00:00+00:00,15,K14,UP,2026-08-30T10:00:21.054690+00:00,22,78000.01,78017.51,UP,1
2026-08-30T10:00:00+00:00,15,?,UP,2026-08-30T10:00:02.135562+00:00,3,78000.01,78017.51,UP,1
2026-08-30T10:00:00+00:00,15,K8,UP,2026-08-30T10:00:21.054690+00:00,22,78000.01,78017.51,UP,1
2026-08-30T10:00:00+00:00,15,K5,UP,2026-08-30T10:00:21.054690+00:00,22,78000.01,78017.51,UP,1
2026-08-30T10:05:00+00:00,5,K2,UP,2026-08-30T10:05:21.076636+00:00,22,77968.97,78043.27,UP,1
2026-08-30T10:05:00+00:00,5,K14,UP,2026-08-30T10:05:21.076636+00:00,22,77968.97,78043.27,UP,1
2026-08-30T10:05:00+00:00,5,?,DOWN,2026-08-30T10:06:01.068401+00:00,62,77968.97,78043.27,UP,0
2026-08-30T10:05:00+00:00,5,K8,UP,2026-08-30T10:05:21.076636+00:00,22,77968.97,78043.27,UP,1
2026-08-30T10:05:00+00:00,5,K5,UP,2026-08-30T10:05:21.076636+00:00,22,77968.97,78043.27,UP,1
2026-08-30T10:10:00+00:00,5,?,UP,2026-08-30T10:11:17.738776+00:00,78,78043.28,78017.51,DOWN,0
2026-08-30T10:15:00+00:00,15,?,DOWN,2026-08-30T10:20:04.574401+00:00,305,78017.51,78050.0,UP,0
2026-08-30T10:15:00+00:00,15,K5,UP,2026-08-30T10:15:21.047888+00:00,22,78017.51,78050.0,UP,1
2026-08-30T10:20:00+00:00,5,?,DOWN,2026-08-30T10:20:04.574401+00:00,5,78015.99,78062.99,UP,0
2026-08-30T10:25:00+00:00,5,?,DOWN,2026-08-30T10:28:34.565889+00:00,215,78062.98,78050.0,DOWN,1
2026-08-30T10:30:00+00:00,15,?,DOWN,2026-08-30T10:41:29.530172+00:00,690,78050.01,78112.5,UP,0
2026-08-30T10:40:00+00:00,5,?,DOWN,2026-08-30T10:41:29.530172+00:00,90,78080.0,78112.5,UP,0
2026-08-30T10:45:00+00:00,5,K2,DOWN,2026-08-30T10:45:21.046861+00:00,22,78112.51,78145.29,UP,0
2026-08-30T10:45:00+00:00,5,K14,DOWN,2026-08-30T10:45:21.046861+00:00,22,78112.51,78145.29,UP,0
2026-08-30T10:45:00+00:00,5,K8,DOWN,2026-08-30T10:45:21.046861+00:00,22,78112.51,78145.29,UP,0
2026-08-30T10:45:00+00:00,5,K5,DOWN,2026-08-30T10:45:21.046861+00:00,22,78112.51,78145.29,UP,0
2026-08-30T10:45:00+00:00,15,K14,DOWN,2026-08-30T10:45:21.046861+00:00,22,78112.51,78145.29,UP,0
2026-08-30T10:50:00+00:00,5,K2,DOWN,2026-08-30T10:50:21.074883+00:00,22,78145.28,78145.29,UP,0
2026-08-30T10:50:00+00:00,5,K7,DOWN,2026-08-30T10:50:21.074883+00:00,22,78145.28,78145.29,UP,0
2026-08-30T10:50:00+00:00,5,K14,DOWN,2026-08-30T10:50:21.074883+00:00,22,78145.28,78145.29,UP,0
2026-08-30T10:50:00+00:00,5,K4,DOWN,2026-08-30T10:50:21.074883+00:00,22,78145.28,78145.29,UP,0
2026-08-30T10:50:00+00:00,5,K8,DOWN,2026-08-30T10:50:21.074883+00:00,22,78145.28,78145.29,UP,0
2026-08-30T10:50:00+00:00,5,K5,DOWN,2026-08-30T10:50:21.074883+00:00,22,78145.28,78145.29,UP,0
2026-08-30T10:55:00+00:00,5,K2,DOWN,2026-08-30T10:55:21.048139+00:00,22,78145.28,78145.29,UP,0
2026-08-30T10:55:00+00:00,5,K7,DOWN,2026-08-30T10:55:21.048139+00:00,22,78145.28,78145.29,UP,0
2026-08-30T10:55:00+00:00,5,K14,DOWN,2026-08-30T10:55:21.048139+00:00,22,78145.28,78145.29,UP,0
2026-08-30T10:55:00+00:00,5,K4,DOWN,2026-08-30T10:55:21.048139+00:00,22,78145.28,78145.29,UP,0
2026-08-30T10:55:00+00:00,5,K8,DOWN,2026-08-30T10:55:21.048139+00:00,22,78145.28,78145.29,UP,0
2026-08-30T10:55:00+00:00,5,K5,DOWN,2026-08-30T10:55:21.048139+00:00,22,78145.28,78145.29,UP,0
2026-08-30T11:00:00+00:00,5,K2,DOWN,2026-08-30T11:00:21.054843+00:00,22,78145.29,78153.98,UP,0
2026-08-30T11:00:00+00:00,5,K8,DOWN,2026-08-30T11:00:21.054843+00:00,22,78145.29,78153.98,UP,0
2026-08-30T11:00:00+00:00,5,K5,DOWN,2026-08-30T11:00:21.054843+00:00,22,78145.29,78153.98,UP,0
2026-08-30T11:00:00+00:00,15,?,DOWN,2026-08-30T11:06:19.476882+00:00,380,78145.29,78167.75,UP,0
2026-08-30T11:05:00+00:00,5,K2,DOWN,2026-08-30T11:05:21.074282+00:00,22,78153.99,78198.26,UP,0
2026-08-30T11:05:00+00:00,5,?,DOWN,2026-08-30T11:06:19.476882+00:00,80,78153.99,78198.26,UP,0
2026-08-30T11:05:00+00:00,5,K8,DOWN,2026-08-30T11:05:21.074282+00:00,22,78153.99,78198.26,UP,0
2026-08-30T11:05:00+00:00,5,K5,DOWN,2026-08-30T11:05:21.074282+00:00,22,78153.99,78198.26,UP,0
2026-08-30T11:10:00+00:00,5,K2,DOWN,2026-08-30T11:10:21.047476+00:00,22,78198.25,78167.75,DOWN,1
2026-08-30T11:10:00+00:00,5,K7,DOWN,2026-08-30T11:10:21.047476+00:00,22,78198.25,78167.75,DOWN,1
2026-08-30T11:10:00+00:00,5,K14,DOWN,2026-08-30T11:10:21.047476+00:00,22,78198.25,78167.75,DOWN,1
2026-08-30T11:10:00+00:00,5,?,UP,2026-08-30T11:11:04.222683+00:00,65,78198.25,78167.75,DOWN,0
2026-08-30T11:10:00+00:00,5,K4,DOWN,2026-08-30T11:10:21.047476+00:00,22,78198.25,78167.75,DOWN,1
2026-08-30T11:10:00+00:00,5,K8,DOWN,2026-08-30T11:10:21.047476+00:00,22,78198.25,78167.75,DOWN,1
2026-08-30T11:10:00+00:00,5,K5,DOWN,2026-08-30T11:10:21.047476+00:00,22,78198.25,78167.75,DOWN,1
2026-08-30T11:15:00+00:00,5,K14,DOWN,2026-08-30T11:15:21.048964+00:00,22,78167.76,78174.74,UP,0
2026-08-30T11:15:00+00:00,5,K5,DOWN,2026-08-30T11:15:21.048964+00:00,22,78167.76,78174.74,UP,0
2026-08-30T11:15:00+00:00,15,K14,DOWN,2026-08-30T11:15:21.048964+00:00,22,78167.76,78220.0,UP,0
2026-08-30T11:20:00+00:00,5,K8,DOWN,2026-08-30T11:20:21.074850+00:00,22,78174.74,78187.22,UP,0
2026-08-30T11:20:00+00:00,5,K5,DOWN,2026-08-30T11:20:21.074850+00:00,22,78174.74,78187.22,UP,0
2026-08-30T11:25:00+00:00,5,K8,DOWN,2026-08-30T11:25:21.047592+00:00,22,78187.22,78220.0,UP,0
2026-08-30T11:25:00+00:00,5,K5,DOWN,2026-08-30T11:25:21.047592+00:00,22,78187.22,78220.0,UP,0
2026-08-30T11:30:00+00:00,5,K2,DOWN,2026-08-30T11:30:21.053856+00:00,22,78219.99,78214.7,DOWN,1
2026-08-30T11:30:00+00:00,5,?,UP,2026-08-30T11:30:26.056089+00:00,27,78219.99,78214.7,DOWN,0
2026-08-30T11:30:00+00:00,5,K8,DOWN,2026-08-30T11:30:21.053856+00:00,22,78219.99,78214.7,DOWN,1
2026-08-30T11:30:00+00:00,5,K5,DOWN,2026-08-30T11:30:21.053856+00:00,22,78219.99,78214.7,DOWN,1
2026-08-30T11:30:00+00:00,15,?,UP,2026-08-30T11:30:26.056089+00:00,27,78219.99,78190.9,DOWN,0
2026-08-30T11:35:00+00:00,5,?,UP,2026-08-30T11:35:35.856987+00:00,36,78214.7,78171.23,DOWN,0
2026-08-30T11:35:00+00:00,5,K8,DOWN,2026-08-30T11:35:21.075959+00:00,22,78214.7,78171.23,DOWN,1
2026-08-30T11:35:00+00:00,5,K5,DOWN,2026-08-30T11:35:21.075959+00:00,22,78214.7,78171.23,DOWN,1
2026-08-30T11:40:00+00:00,5,?,UP,2026-08-30T11:43:49.581480+00:00,230,78171.23,78190.9,UP,1
2026-08-30T11:45:00+00:00,5,?,DOWN,2026-08-30T11:46:55.226054+00:00,116,78190.9,78156.01,DOWN,1
2026-08-30T11:45:00+00:00,5,K5,DOWN,2026-08-30T11:45:21.047626+00:00,22,78190.9,78156.01,DOWN,1
2026-08-30T11:45:00+00:00,15,?,DOWN,2026-08-30T11:46:55.226054+00:00,116,78190.9,78166.0,DOWN,1
2026-08-30T11:50:00+00:00,5,K14,UP,2026-08-30T11:50:21.074560+00:00,22,78156.0,78146.84,DOWN,0
2026-08-30T11:50:00+00:00,5,?,DOWN,2026-08-30T11:52:11.686872+00:00,132,78156.0,78146.84,DOWN,1
2026-08-30T12:00:00+00:00,5,?,DOWN,2026-08-30T12:00:50.334058+00:00,51,78165.99,78286.15,UP,0
2026-08-30T12:00:00+00:00,15,?,DOWN,2026-08-30T12:00:50.334058+00:00,51,78165.99,78660.0,UP,0
2026-08-30T12:00:00+00:00,15,K11,UP,2026-08-30T12:05:01.004074+00:00,302,78165.99,78660.0,UP,1
2026-08-30T12:05:00+00:00,5,K2,DOWN,2026-08-30T12:05:21.459709+00:00,22,78286.16,78608.85,UP,0
2026-08-30T12:05:00+00:00,5,K7,DOWN,2026-08-30T12:05:21.459709+00:00,22,78286.16,78608.85,UP,0
2026-08-30T12:05:00+00:00,5,K1,DOWN,2026-08-30T12:05:21.459709+00:00,22,78286.16,78608.85,UP,0
2026-08-30T12:05:00+00:00,5,?,DOWN,2026-08-30T12:05:31.253789+00:00,32,78286.16,78608.85,UP,0
2026-08-30T12:05:00+00:00,5,K10,UP,2026-08-30T12:06:02.658304+00:00,63,78286.16,78608.85,UP,1
2026-08-30T12:05:00+00:00,5,K11,UP,2026-08-30T12:06:44.348346+00:00,105,78286.16,78608.85,UP,1
2026-08-30T12:05:00+00:00,5,K9,DOWN,2026-08-30T12:05:21.459709+00:00,22,78286.16,78608.85,UP,0
2026-08-30T12:05:00+00:00,5,K4,DOWN,2026-08-30T12:05:21.459709+00:00,22,78286.16,78608.85,UP,0
2026-08-30T12:05:00+00:00,5,K3,DOWN,2026-08-30T12:05:21.459709+00:00,22,78286.16,78608.85,UP,0
2026-08-30T12:05:00+00:00,5,K5,DOWN,2026-08-30T12:05:21.459709+00:00,22,78286.16,78608.85,UP,0
2026-08-30T12:10:00+00:00,5,K2,DOWN,2026-08-30T12:10:21.049537+00:00,22,78608.86,78660.0,UP,0
2026-08-30T12:10:00+00:00,5,K7,DOWN,2026-08-30T12:10:21.049537+00:00,22,78608.86,78660.0,UP,0
2026-08-30T12:10:00+00:00,5,K1,DOWN,2026-08-30T12:10:21.049537+00:00,22,78608.86,78660.0,UP,0
2026-08-30T12:10:00+00:00,5,K6,DOWN,2026-08-30T12:10:21.049537+00:00,22,78608.86,78660.0,UP,0
2026-08-30T12:10:00+00:00,5,?,DOWN,2026-08-30T12:11:47.449261+00:00,108,78608.86,78660.0,UP,0
2026-08-30T12:10:00+00:00,5,K9,DOWN,2026-08-30T12:10:21.049537+00:00,22,78608.86,78660.0,UP,0
2026-08-30T12:10:00+00:00,5,K4,DOWN,2026-08-30T12:10:21.049537+00:00,22,78608.86,78660.0,UP,0
2026-08-30T12:10:00+00:00,5,K3,DOWN,2026-08-30T12:10:21.049537+00:00,22,78608.86,78660.0,UP,0
2026-08-30T12:10:00+00:00,5,K15,DOWN,2026-08-30T12:11:22.386912+00:00,83,78608.86,78660.0,UP,0
2026-08-30T12:10:00+00:00,5,K8,DOWN,2026-08-30T12:10:21.049537+00:00,22,78608.86,78660.0,UP,0
2026-08-30T12:10:00+00:00,5,K5,DOWN,2026-08-30T12:10:21.049537+00:00,22,78608.86,78660.0,UP,0
2026-08-30T12:10:00+00:00,5,K12,DOWN,2026-08-30T12:10:21.049537+00:00,22,78608.86,78660.0,UP,0
2026-08-30T12:15:00+00:00,5,K2,DOWN,2026-08-30T12:15:21.050725+00:00,22,78660.0,78522.01,DOWN,1
2026-08-30T12:15:00+00:00,5,K7,DOWN,2026-08-30T12:15:21.050725+00:00,22,78660.0,78522.01,DOWN,1
2026-08-30T12:15:00+00:00,5,K14,DOWN,2026-08-30T12:15:21.050725+00:00,22,78660.0,78522.01,DOWN,1
2026-08-30T12:15:00+00:00,5,K1,DOWN,2026-08-30T12:15:21.050725+00:00,22,78660.0,78522.01,DOWN,1
2026-08-30T12:15:00+00:00,5,K10,DOWN,2026-08-30T12:16:02.482280+00:00,63,78660.0,78522.01,DOWN,1
2026-08-30T12:15:00+00:00,5,K11,DOWN,2026-08-30T12:16:45.331404+00:00,106,78660.0,78522.01,DOWN,1
2026-08-30T12:15:00+00:00,5,K4,DOWN,2026-08-30T12:15:21.050725+00:00,22,78660.0,78522.01,DOWN,1
2026-08-30T12:15:00+00:00,5,K15,DOWN,2026-08-30T12:15:21.050725+00:00,22,78660.0,78522.01,DOWN,1
2026-08-30T12:15:00+00:00,5,K8,DOWN,2026-08-30T12:15:21.050725+00:00,22,78660.0,78522.01,DOWN,1
2026-08-30T12:15:00+00:00,5,K5,DOWN,2026-08-30T12:15:21.050725+00:00,22,78660.0,78522.01,DOWN,1
2026-08-30T12:15:00+00:00,5,K12,DOWN,2026-08-30T12:15:21.050725+00:00,22,78660.0,78522.01,DOWN,1
2026-08-30T12:15:00+00:00,15,K2,DOWN,2026-08-30T12:15:21.050725+00:00,22,78660.0,78627.99,DOWN,1
2026-08-30T12:15:00+00:00,15,K7,DOWN,2026-08-30T12:15:21.050725+00:00,22,78660.0,78627.99,DOWN,1
2026-08-30T12:15:00+00:00,15,K14,DOWN,2026-08-30T12:15:21.050725+00:00,22,78660.0,78627.99,DOWN,1
2026-08-30T12:15:00+00:00,15,K1,DOWN,2026-08-30T12:15:21.050725+00:00,22,78660.0,78627.99,DOWN,1
2026-08-30T12:15:00+00:00,15,K6,DOWN,2026-08-30T12:15:21.050725+00:00,22,78660.0,78627.99,DOWN,1
2026-08-30T12:15:00+00:00,15,K11,DOWN,2026-08-30T12:20:01.010026+00:00,302,78660.0,78627.99,DOWN,1
2026-08-30T12:15:00+00:00,15,K9,DOWN,2026-08-30T12:15:21.050725+00:00,22,78660.0,78627.99,DOWN,1
2026-08-30T12:15:00+00:00,15,K4,DOWN,2026-08-30T12:15:21.050725+00:00,22,78660.0,78627.99,DOWN,1
2026-08-30T12:15:00+00:00,15,K3,DOWN,2026-08-30T12:15:21.050725+00:00,22,78660.0,78627.99,DOWN,1
2026-08-30T12:15:00+00:00,15,K15,DOWN,2026-08-30T12:15:21.050725+00:00,22,78660.0,78627.99,DOWN,1
2026-08-30T12:15:00+00:00,15,K8,DOWN,2026-08-30T12:15:21.050725+00:00,22,78660.0,78627.99,DOWN,1
2026-08-30T12:15:00+00:00,15,K5,DOWN,2026-08-30T12:15:21.050725+00:00,22,78660.0,78627.99,DOWN,1
2026-08-30T12:15:00+00:00,15,K12,DOWN,2026-08-30T12:15:21.050725+00:00,22,78660.0,78627.99,DOWN,1
2026-08-30T12:20:00+00:00,5,K2,DOWN,2026-08-30T12:20:21.449219+00:00,22,78522.0,78531.42,UP,0
2026-08-30T12:20:00+00:00,5,K9,UP,2026-08-30T12:20:21.449219+00:00,22,78522.0,78531.42,UP,1
2026-08-30T12:20:00+00:00,5,K4,UP,2026-08-30T12:20:21.449219+00:00,22,78522.0,78531.42,UP,1
2026-08-30T12:20:00+00:00,5,K15,DOWN,2026-08-30T12:20:21.449219+00:00,22,78522.0,78531.42,UP,0
2026-08-30T12:25:00+00:00,5,K2,DOWN,2026-08-30T12:25:21.047773+00:00,22,78531.41,78627.99,UP,0
2026-08-30T12:30:00+00:00,5,K2,DOWN,2026-08-30T12:30:21.056984+00:00,22,78627.99,78584.68,DOWN,1
2026-08-30T12:30:00+00:00,5,K1,DOWN,2026-08-30T12:30:21.056984+00:00,22,78627.99,78584.68,DOWN,1
2026-08-30T12:30:00+00:00,5,?,DOWN,2026-08-30T12:32:14.221743+00:00,135,78627.99,78584.68,DOWN,1
2026-08-30T12:30:00+00:00,5,K9,DOWN,2026-08-30T12:30:21.056984+00:00,22,78627.99,78584.68,DOWN,1
2026-08-30T12:30:00+00:00,5,K4,DOWN,2026-08-30T12:30:21.056984+00:00,22,78627.99,78584.68,DOWN,1
2026-08-30T12:30:00+00:00,5,K5,DOWN,2026-08-30T12:30:21.056984+00:00,22,78627.99,78584.68,DOWN,1
2026-08-30T12:30:00+00:00,5,K12,DOWN,2026-08-30T12:30:21.056984+00:00,22,78627.99,78584.68,DOWN,1
2026-08-30T12:30:00+00:00,15,K2,DOWN,2026-08-30T12:30:21.056984+00:00,22,78627.99,78658.01,UP,0
2026-08-30T12:30:00+00:00,15,K7,DOWN,2026-08-30T12:30:21.056984+00:00,22,78627.99,78658.01,UP,0
2026-08-30T12:30:00+00:00,15,K1,DOWN,2026-08-30T12:30:21.056984+00:00,22,78627.99,78658.01,UP,0
2026-08-30T12:30:00+00:00,15,?,DOWN,2026-08-30T12:32:14.221743+00:00,135,78627.99,78658.01,UP,0
2026-08-30T12:30:00+00:00,15,K10,UP,2026-08-30T12:33:04.444892+00:00,185,78627.99,78658.01,UP,1
2026-08-30T12:30:00+00:00,15,K4,DOWN,2026-08-30T12:30:21.056984+00:00,22,78627.99,78658.01,UP,0
2026-08-30T12:30:00+00:00,15,K5,DOWN,2026-08-30T12:30:21.056984+00:00,22,78627.99,78658.01,UP,0
2026-08-30T12:30:00+00:00,15,K12,DOWN,2026-08-30T12:30:21.056984+00:00,22,78627.99,78658.01,UP,0
2026-08-30T12:40:00+00:00,5,K12,DOWN,2026-08-30T12:40:21.050351+00:00,22,78625.99,78658.01,UP,0
2026-08-30T12:45:00+00:00,5,K12,DOWN,2026-08-30T12:45:21.050423+00:00,22,78658.01,78618.9,DOWN,1
2026-08-30T12:45:00+00:00,15,K2,DOWN,2026-08-30T12:45:21.050423+00:00,22,78658.01,78785.06,UP,0
2026-08-30T12:45:00+00:00,15,K7,DOWN,2026-08-30T12:45:21.050423+00:00,22,78658.01,78785.06,UP,0
2026-08-30T12:45:00+00:00,15,K1,DOWN,2026-08-30T12:45:21.050423+00:00,22,78658.01,78785.06,UP,0
2026-08-30T12:45:00+00:00,15,?,DOWN,2026-08-30T12:51:47.385179+00:00,408,78658.01,78785.06,UP,0
2026-08-30T12:45:00+00:00,15,K4,DOWN,2026-08-30T12:45:21.050423+00:00,22,78658.01,78785.06,UP,0
2026-08-30T12:45:00+00:00,15,K12,DOWN,2026-08-30T12:45:21.050423+00:00,22,78658.01,78785.06,UP,0
2026-08-30T12:50:00+00:00,5,?,DOWN,2026-08-30T12:51:47.385179+00:00,108,78618.9,78636.1,UP,0
2026-08-30T12:55:00+00:00,5,?,DOWN,2026-08-30T12:56:20.324606+00:00,81,78636.1,78785.06,UP,0
2026-08-30T12:55:00+00:00,5,K10,UP,2026-08-30T12:56:01.251352+00:00,62,78636.1,78785.06,UP,1
2026-08-30T12:55:00+00:00,5,K11,UP,2026-08-30T12:56:42.260335+00:00,103,78636.1,78785.06,UP,1
2026-08-30T13:00:00+00:00,5,K2,DOWN,2026-08-30T13:00:21.049973+00:00,22,78785.06,78738.02,DOWN,1
2026-08-30T13:00:00+00:00,5,K1,DOWN,2026-08-30T13:00:21.049973+00:00,22,78785.06,78738.02,DOWN,1
2026-08-30T13:00:00+00:00,5,?,DOWN,2026-08-30T13:00:57.957535+00:00,58,78785.06,78738.02,DOWN,1
2026-08-30T13:00:00+00:00,5,K11,DOWN,2026-08-30T13:01:44.332586+00:00,105,78785.06,78738.02,DOWN,1
2026-08-30T13:00:00+00:00,5,K9,DOWN,2026-08-30T13:00:21.049973+00:00,22,78785.06,78738.02,DOWN,1
2026-08-30T13:00:00+00:00,5,K4,DOWN,2026-08-30T13:00:21.049973+00:00,22,78785.06,78738.02,DOWN,1
2026-08-30T13:00:00+00:00,5,K8,DOWN,2026-08-30T13:00:21.049973+00:00,22,78785.06,78738.02,DOWN,1
2026-08-30T13:00:00+00:00,5,K5,DOWN,2026-08-30T13:00:21.049973+00:00,22,78785.06,78738.02,DOWN,1
2026-08-30T13:00:00+00:00,5,K12,DOWN,2026-08-30T13:00:21.049973+00:00,22,78785.06,78738.02,DOWN,1
2026-08-30T13:00:00+00:00,15,K2,DOWN,2026-08-30T13:00:21.049973+00:00,22,78785.06,78633.85,DOWN,1
2026-08-30T13:00:00+00:00,15,K7,DOWN,2026-08-30T13:00:21.049973+00:00,22,78785.06,78633.85,DOWN,1
2026-08-30T13:00:00+00:00,15,K1,DOWN,2026-08-30T13:00:21.049973+00:00,22,78785.06,78633.85,DOWN,1
2026-08-30T13:00:00+00:00,15,?,DOWN,2026-08-30T13:00:57.957535+00:00,58,78785.06,78633.85,DOWN,1
2026-08-30T13:00:00+00:00,15,K4,DOWN,2026-08-30T13:00:21.049973+00:00,22,78785.06,78633.85,DOWN,1
2026-08-30T13:00:00+00:00,15,K8,DOWN,2026-08-30T13:00:21.049973+00:00,22,78785.06,78633.85,DOWN,1
2026-08-30T13:00:00+00:00,15,K5,DOWN,2026-08-30T13:00:21.049973+00:00,22,78785.06,78633.85,DOWN,1
2026-08-30T13:00:00+00:00,15,K12,DOWN,2026-08-30T13:00:21.049973+00:00,22,78785.06,78633.85,DOWN,1
2026-08-30T13:05:00+00:00,5,K5,DOWN,2026-08-30T13:05:21.076679+00:00,22,78738.02,78682.04,DOWN,1
2026-08-30T13:05:00+00:00,5,K12,DOWN,2026-08-30T13:05:21.076679+00:00,22,78738.02,78682.04,DOWN,1
2026-08-30T13:15:00+00:00,15,?,DOWN,2026-08-30T13:22:48.175224+00:00,469,78633.86,78729.9,UP,0
2026-08-30T13:20:00+00:00,5,K14,UP,2026-08-30T13:20:21.072856+00:00,22,78678.45,78717.67,UP,1
2026-08-30T13:20:00+00:00,5,?,DOWN,2026-08-30T13:22:48.175224+00:00,169,78678.45,78717.67,UP,0
2026-08-30T13:25:00+00:00,5,K5,DOWN,2026-08-30T13:25:21.047080+00:00,22,78717.67,78729.9,UP,0
2026-08-30T13:30:00+00:00,5,K5,DOWN,2026-08-30T13:30:21.054536+00:00,22,78729.89,78698.01,DOWN,1
2026-08-30T13:30:00+00:00,15,K2,DOWN,2026-08-30T13:30:21.054536+00:00,22,78729.89,78790.92,UP,0
2026-08-30T13:30:00+00:00,15,?,UP,2026-08-30T13:36:11.250589+00:00,372,78729.89,78790.92,UP,1
2026-08-30T13:30:00+00:00,15,K5,DOWN,2026-08-30T13:30:21.054536+00:00,22,78729.89,78790.92,UP,0
2026-08-30T13:30:00+00:00,15,K12,DOWN,2026-08-30T13:30:21.054536+00:00,22,78729.89,78790.92,UP,0
2026-08-30T13:35:00+00:00,5,?,UP,2026-08-30T13:36:11.250589+00:00,72,78698.01,78711.7,UP,1
2026-08-30T13:40:00+00:00,5,?,DOWN,2026-08-30T13:44:42.053388+00:00,283,78711.91,78790.92,UP,0
2026-08-30T13:45:00+00:00,5,K2,DOWN,2026-08-30T13:45:21.048003+00:00,22,78790.93,78949.99,UP,0
2026-08-30T13:45:00+00:00,5,?,DOWN,2026-08-30T13:46:04.142669+00:00,65,78790.93,78949.99,UP,0
2026-08-30T13:45:00+00:00,5,K10,UP,2026-08-30T13:46:02.556944+00:00,63,78790.93,78949.99,UP,1
2026-08-30T13:45:00+00:00,5,K11,UP,2026-08-30T13:46:44.669427+00:00,105,78790.93,78949.99,UP,1
2026-08-30T13:45:00+00:00,5,K5,DOWN,2026-08-30T13:45:21.048003+00:00,22,78790.93,78949.99,UP,0
2026-08-30T13:45:00+00:00,15,K2,DOWN,2026-08-30T13:45:21.048003+00:00,22,78790.93,78860.0,UP,0
2026-08-30T13:45:00+00:00,15,?,DOWN,2026-08-30T13:46:04.142669+00:00,65,78790.93,78860.0,UP,0
2026-08-30T13:45:00+00:00,15,K11,UP,2026-08-30T13:50:01.005460+00:00,302,78790.93,78860.0,UP,1
2026-08-30T13:45:00+00:00,15,K8,DOWN,2026-08-30T13:45:21.048003+00:00,22,78790.93,78860.0,UP,0
2026-08-30T13:45:00+00:00,15,K5,DOWN,2026-08-30T13:45:21.048003+00:00,22,78790.93,78860.0,UP,0
2026-08-30T13:45:00+00:00,15,K12,DOWN,2026-08-30T13:45:21.048003+00:00,22,78790.93,78860.0,UP,0
2026-08-30T13:50:00+00:00,5,K2,DOWN,2026-08-30T13:50:21.411248+00:00,22,78950.0,78902.59,DOWN,1
2026-08-30T13:50:00+00:00,5,K7,DOWN,2026-08-30T13:50:21.411248+00:00,22,78950.0,78902.59,DOWN,1
2026-08-30T13:50:00+00:00,5,K1,DOWN,2026-08-30T13:50:21.411248+00:00,22,78950.0,78902.59,DOWN,1
2026-08-30T13:50:00+00:00,5,K6,DOWN,2026-08-30T13:50:21.411248+00:00,22,78950.0,78902.59,DOWN,1
2026-08-30T13:50:00+00:00,5,?,UP,2026-08-30T13:53:00.164711+00:00,181,78950.0,78902.59,DOWN,0
2026-08-30T13:50:00+00:00,5,K9,DOWN,2026-08-30T13:50:21.411248+00:00,22,78950.0,78902.59,DOWN,1
2026-08-30T13:50:00+00:00,5,K4,DOWN,2026-08-30T13:50:21.411248+00:00,22,78950.0,78902.59,DOWN,1
2026-08-30T13:50:00+00:00,5,K3,DOWN,2026-08-30T13:50:21.411248+00:00,22,78950.0,78902.59,DOWN,1
2026-08-30T13:50:00+00:00,5,K8,DOWN,2026-08-30T13:50:21.411248+00:00,22,78950.0,78902.59,DOWN,1
2026-08-30T13:50:00+00:00,5,K5,DOWN,2026-08-30T13:50:21.411248+00:00,22,78950.0,78902.59,DOWN,1
2026-08-30T13:50:00+00:00,5,K12,DOWN,2026-08-30T13:50:21.411248+00:00,22,78950.0,78902.59,DOWN,1
2026-08-30T13:55:00+00:00,5,K2,DOWN,2026-08-30T13:55:21.050844+00:00,22,78902.59,78860.0,DOWN,1
2026-08-30T13:55:00+00:00,5,K5,DOWN,2026-08-30T13:55:21.050844+00:00,22,78902.59,78860.0,DOWN,1
2026-08-30T14:00:00+00:00,15,K2,DOWN,2026-08-30T14:00:21.057736+00:00,22,78860.01,78929.01,UP,0
2026-08-30T14:00:00+00:00,15,?,UP,2026-08-30T14:06:03.961143+00:00,364,78860.01,78929.01,UP,1
2026-08-30T14:00:00+00:00,15,K10,UP,2026-08-30T14:03:03.567174+00:00,184,78860.01,78929.01,UP,1
2026-08-30T14:00:00+00:00,15,K5,DOWN,2026-08-30T14:00:21.057736+00:00,22,78860.01,78929.01,UP,0
2026-08-30T14:00:00+00:00,15,K12,DOWN,2026-08-30T14:00:21.057736+00:00,22,78860.01,78929.01,UP,0
2026-08-30T14:05:00+00:00,5,K2,DOWN,2026-08-30T14:05:21.074077+00:00,22,78891.12,78891.99,UP,0
2026-08-30T14:05:00+00:00,5,?,UP,2026-08-30T14:06:03.961143+00:00,64,78891.12,78891.99,UP,1
2026-08-30T14:05:00+00:00,5,K10,DOWN,2026-08-30T14:06:02.589125+00:00,63,78891.12,78891.99,UP,0
2026-08-30T14:05:00+00:00,5,K11,DOWN,2026-08-30T14:06:44.188829+00:00,105,78891.12,78891.99,UP,0
2026-08-30T14:05:00+00:00,5,K5,DOWN,2026-08-30T14:05:21.074077+00:00,22,78891.12,78891.99,UP,0
2026-08-30T14:10:00+00:00,5,K5,DOWN,2026-08-30T14:10:21.048874+00:00,22,78891.99,78929.01,UP,0
2026-08-30T14:15:00+00:00,5,K2,DOWN,2026-08-30T14:15:21.047873+00:00,22,78929.02,78800.05,DOWN,1
2026-08-30T14:15:00+00:00,5,?,UP,2026-08-30T14:16:04.118619+00:00,65,78929.02,78800.05,DOWN,0
2026-08-30T14:15:00+00:00,5,K8,DOWN,2026-08-30T14:15:21.047873+00:00,22,78929.02,78800.05,DOWN,1
2026-08-30T14:15:00+00:00,5,K5,DOWN,2026-08-30T14:15:21.047873+00:00,22,78929.02,78800.05,DOWN,1
2026-08-30T14:15:00+00:00,15,K2,DOWN,2026-08-30T14:15:21.047873+00:00,22,78929.02,78868.74,DOWN,1
2026-08-30T14:15:00+00:00,15,?,UP,2026-08-30T14:16:04.118619+00:00,65,78929.02,78868.74,DOWN,0
2026-08-30T14:15:00+00:00,15,K11,DOWN,2026-08-30T14:20:01.006055+00:00,302,78929.02,78868.74,DOWN,1
2026-08-30T14:15:00+00:00,15,K8,DOWN,2026-08-30T14:15:21.047873+00:00,22,78929.02,78868.74,DOWN,1
2026-08-30T14:15:00+00:00,15,K5,DOWN,2026-08-30T14:15:21.047873+00:00,22,78929.02,78868.74,DOWN,1
2026-08-30T14:15:00+00:00,15,K12,DOWN,2026-08-30T14:15:21.047873+00:00,22,78929.02,78868.74,DOWN,1
2026-08-30T14:20:00+00:00,5,K9,UP,2026-08-30T14:20:21.479060+00:00,22,78800.04,78834.55,UP,1
2026-08-30T14:20:00+00:00,5,K4,UP,2026-08-30T14:20:21.479060+00:00,22,78800.04,78834.55,UP,1
2026-08-30T14:30:00+00:00,5,?,UP,2026-08-30T14:33:41.997627+00:00,222,78868.75,78836.37,DOWN,0
2026-08-30T14:30:00+00:00,15,?,UP,2026-08-30T14:33:41.997627+00:00,222,78868.75,78761.96,DOWN,0
2026-08-30T14:30:00+00:00,15,K8,DOWN,2026-08-30T14:30:21.055574+00:00,22,78868.75,78761.96,DOWN,1
2026-08-30T14:30:00+00:00,15,K5,DOWN,2026-08-30T14:30:21.055574+00:00,22,78868.75,78761.96,DOWN,1
2026-08-30T14:30:00+00:00,15,K12,DOWN,2026-08-30T14:30:21.055574+00:00,22,78868.75,78761.96,DOWN,1
2026-08-30T14:35:00+00:00,5,?,UP,2026-08-30T14:38:31.835734+00:00,212,78836.37,78732.65,DOWN,0
2026-08-30T14:40:00+00:00,5,K9,UP,2026-08-30T14:40:21.049181+00:00,22,78732.65,78761.96,UP,1
2026-08-30T14:40:00+00:00,5,K4,UP,2026-08-30T14:40:21.049181+00:00,22,78732.65,78761.96,UP,1
2026-08-30T14:45:00+00:00,5,K14,UP,2026-08-30T14:45:21.070750+00:00,22,78761.96,78772.16,UP,1
2026-08-30T14:45:00+00:00,15,K14,UP,2026-08-30T14:45:21.070750+00:00,22,78761.96,78783.71,UP,1
2026-08-30T14:45:00+00:00,15,?,UP,2026-08-30T14:55:59.147766+00:00,660,78761.96,78783.71,UP,1
2026-08-30T14:50:00+00:00,5,K14,UP,2026-08-30T14:50:21.076647+00:00,22,78772.16,78808.68,UP,1
2026-08-30T14:55:00+00:00,5,?,UP,2026-08-30T14:55:59.147766+00:00,60,78808.68,78783.71,DOWN,0
2026-08-30T15:00:00+00:00,5,?,UP,2026-08-30T15:01:55.060459+00:00,116,78783.7,78690.01,DOWN,0
2026-08-30T15:00:00+00:00,15,?,UP,2026-08-30T15:01:55.060459+00:00,116,78783.7,78665.63,DOWN,0
2026-08-30T15:00:00+00:00,15,K5,DOWN,2026-08-30T15:00:21.054428+00:00,22,78783.7,78665.63,DOWN,1
2026-08-30T15:05:00+00:00,5,K2,UP,2026-08-30T15:05:21.074835+00:00,22,78690.01,78793.16,UP,1
2026-08-30T15:05:00+00:00,5,?,DOWN,2026-08-30T15:08:09.422307+00:00,190,78690.01,78793.16,UP,0
2026-08-30T15:05:00+00:00,5,K9,UP,2026-08-30T15:05:21.074835+00:00,22,78690.01,78793.16,UP,1
2026-08-30T15:05:00+00:00,5,K4,UP,2026-08-30T15:05:21.074835+00:00,22,78690.01,78793.16,UP,1
2026-08-30T15:05:00+00:00,5,K8,UP,2026-08-30T15:05:21.074835+00:00,22,78690.01,78793.16,UP,1
2026-08-30T15:05:00+00:00,5,K5,UP,2026-08-30T15:05:21.074835+00:00,22,78690.01,78793.16,UP,1
2026-08-30T15:10:00+00:00,5,K9,DOWN,2026-08-30T15:10:21.049125+00:00,22,78793.16,78665.63,DOWN,1
2026-08-30T15:10:00+00:00,5,K4,DOWN,2026-08-30T15:10:21.049125+00:00,22,78793.16,78665.63,DOWN,1
2026-08-30T15:15:00+00:00,5,K2,UP,2026-08-30T15:15:21.052060+00:00,22,78665.64,78692.69,UP,1
2026-08-30T15:15:00+00:00,5,K9,UP,2026-08-30T15:15:21.052060+00:00,22,78665.64,78692.69,UP,1
2026-08-30T15:15:00+00:00,5,K4,UP,2026-08-30T15:15:21.052060+00:00,22,78665.64,78692.69,UP,1
2026-08-30T15:15:00+00:00,5,K8,UP,2026-08-30T15:15:21.052060+00:00,22,78665.64,78692.69,UP,1
2026-08-30T15:15:00+00:00,5,K5,UP,2026-08-30T15:15:21.052060+00:00,22,78665.64,78692.69,UP,1
2026-08-30T15:15:00+00:00,15,K10,UP,2026-08-30T15:18:03.629570+00:00,184,78665.64,78791.68,UP,1
2026-08-30T15:20:00+00:00,5,K5,UP,2026-08-30T15:20:21.099720+00:00,22,78692.68,78770.0,UP,1
2026-08-30T15:25:00+00:00,5,K14,UP,2026-08-30T15:25:21.047331+00:00,22,78769.99,78791.68,UP,1
2026-08-30T15:25:00+00:00,5,K10,UP,2026-08-30T15:26:01.930280+00:00,62,78769.99,78791.68,UP,1
2026-08-30T15:30:00+00:00,15,K5,DOWN,2026-08-30T15:30:21.053798+00:00,22,78791.67,78859.99,UP,0
2026-08-30T15:45:00+00:00,5,?,DOWN,2026-08-30T15:48:07.405669+00:00,188,78860.0,78820.03,DOWN,1
2026-08-30T15:45:00+00:00,15,?,DOWN,2026-08-30T15:48:07.405669+00:00,188,78860.0,78823.63,DOWN,1
2026-08-30T15:45:00+00:00,15,K5,DOWN,2026-08-30T15:45:21.047886+00:00,22,78860.0,78823.63,DOWN,1
2026-08-30T15:55:00+00:00,5,K14,UP,2026-08-30T15:55:21.045288+00:00,22,78808.0,78823.63,UP,1
2026-08-30T15:55:00+00:00,5,?,UP,2026-08-30T15:55:01.603450+00:00,2,78808.0,78823.63,UP,1
2026-08-30T16:00:00+00:00,5,K14,UP,2026-08-30T16:00:21.047182+00:00,22,78823.62,78964.2,UP,1
2026-08-30T16:00:00+00:00,5,?,DOWN,2026-08-30T16:03:36.756155+00:00,217,78823.62,78964.2,UP,0
2026-08-30T16:00:00+00:00,15,K14,UP,2026-08-30T16:00:21.047182+00:00,22,78823.62,79124.0,UP,1
2026-08-30T16:00:00+00:00,15,?,DOWN,2026-08-30T16:03:36.756155+00:00,217,78823.62,79124.0,UP,0
2026-08-30T16:00:00+00:00,15,K11,UP,2026-08-30T16:05:01.004554+00:00,302,78823.62,79124.0,UP,1
2026-08-30T16:00:00+00:00,15,K5,DOWN,2026-08-30T16:00:21.047182+00:00,22,78823.62,79124.0,UP,0
2026-08-30T16:05:00+00:00,5,K2,DOWN,2026-08-30T16:05:21.498929+00:00,22,78964.2,78818.01,DOWN,1
2026-08-30T16:05:00+00:00,5,K7,DOWN,2026-08-30T16:05:21.498929+00:00,22,78964.2,78818.01,DOWN,1
2026-08-30T16:05:00+00:00,5,K1,DOWN,2026-08-30T16:05:21.498929+00:00,22,78964.2,78818.01,DOWN,1
2026-08-30T16:05:00+00:00,5,?,DOWN,2026-08-30T16:05:37.118274+00:00,38,78964.2,78818.01,DOWN,1
2026-08-30T16:05:00+00:00,5,K11,DOWN,2026-08-30T16:06:43.760933+00:00,104,78964.2,78818.01,DOWN,1
2026-08-30T16:05:00+00:00,5,K9,DOWN,2026-08-30T16:05:21.498929+00:00,22,78964.2,78818.01,DOWN,1
2026-08-30T16:05:00+00:00,5,K4,DOWN,2026-08-30T16:05:21.498929+00:00,22,78964.2,78818.01,DOWN,1
2026-08-30T16:05:00+00:00,5,K3,DOWN,2026-08-30T16:05:21.498929+00:00,22,78964.2,78818.01,DOWN,1
2026-08-30T16:05:00+00:00,5,K8,DOWN,2026-08-30T16:05:21.498929+00:00,22,78964.2,78818.01,DOWN,1
2026-08-30T16:05:00+00:00,5,K5,DOWN,2026-08-30T16:05:21.498929+00:00,22,78964.2,78818.01,DOWN,1
2026-08-30T16:10:00+00:00,5,?,DOWN,2026-08-30T16:13:12.539569+00:00,193,78818.0,79124.0,UP,0
2026-08-30T16:10:00+00:00,5,K9,UP,2026-08-30T16:10:21.049678+00:00,22,78818.0,79124.0,UP,1
2026-08-30T16:10:00+00:00,5,K4,UP,2026-08-30T16:10:21.049678+00:00,22,78818.0,79124.0,UP,1
2026-08-30T16:15:00+00:00,5,K2,DOWN,2026-08-30T16:15:21.048729+00:00,22,79124.0,79107.87,DOWN,1
2026-08-30T16:15:00+00:00,5,K7,DOWN,2026-08-30T16:15:21.048729+00:00,22,79124.0,79107.87,DOWN,1
2026-08-30T16:15:00+00:00,5,K14,DOWN,2026-08-30T16:15:21.048729+00:00,22,79124.0,79107.87,DOWN,1
2026-08-30T16:15:00+00:00,5,K1,DOWN,2026-08-30T16:15:21.048729+00:00,22,79124.0,79107.87,DOWN,1
2026-08-30T16:15:00+00:00,5,?,DOWN,2026-08-30T16:15:28.209275+00:00,29,79124.0,79107.87,DOWN,1
2026-08-30T16:15:00+00:00,5,K10,UP,2026-08-30T16:16:02.438482+00:00,63,79124.0,79107.87,DOWN,0
2026-08-30T16:15:00+00:00,5,K9,DOWN,2026-08-30T16:15:21.048729+00:00,22,79124.0,79107.87,DOWN,1
2026-08-30T16:15:00+00:00,5,K4,DOWN,2026-08-30T16:15:21.048729+00:00,22,79124.0,79107.87,DOWN,1
2026-08-30T16:15:00+00:00,5,K3,DOWN,2026-08-30T16:15:21.048729+00:00,22,79124.0,79107.87,DOWN,1
2026-08-30T16:15:00+00:00,5,K15,DOWN,2026-08-30T16:15:21.048729+00:00,22,79124.0,79107.87,DOWN,1
2026-08-30T16:15:00+00:00,5,K5,DOWN,2026-08-30T16:15:21.048729+00:00,22,79124.0,79107.87,DOWN,1
2026-08-30T16:15:00+00:00,15,K2,DOWN,2026-08-30T16:15:21.048729+00:00,22,79124.0,79043.77,DOWN,1
2026-08-30T16:15:00+00:00,15,K14,DOWN,2026-08-30T16:15:21.048729+00:00,22,79124.0,79043.77,DOWN,1
2026-08-30T16:15:00+00:00,15,K1,DOWN,2026-08-30T16:15:21.048729+00:00,22,79124.0,79043.77,DOWN,1
2026-08-30T16:15:00+00:00,15,?,DOWN,2026-08-30T16:15:28.209275+00:00,29,79124.0,79043.77,DOWN,1
2026-08-30T16:15:00+00:00,15,K9,DOWN,2026-08-30T16:15:21.048729+00:00,22,79124.0,79043.77,DOWN,1
2026-08-30T16:15:00+00:00,15,K4,DOWN,2026-08-30T16:15:21.048729+00:00,22,79124.0,79043.77,DOWN,1
2026-08-30T16:15:00+00:00,15,K15,DOWN,2026-08-30T16:15:21.048729+00:00,22,79124.0,79043.77,DOWN,1
2026-08-30T16:15:00+00:00,15,K8,DOWN,2026-08-30T16:15:21.048729+00:00,22,79124.0,79043.77,DOWN,1
2026-08-30T16:15:00+00:00,15,K5,DOWN,2026-08-30T16:15:21.048729+00:00,22,79124.0,79043.77,DOWN,1
2026-08-30T16:15:00+00:00,15,K12,DOWN,2026-08-30T16:15:21.048729+00:00,22,79124.0,79043.77,DOWN,1
2026-08-30T16:20:00+00:00,5,K2,DOWN,2026-08-30T16:20:21.078881+00:00,22,79107.87,79119.35,UP,0
2026-08-30T16:20:00+00:00,5,K7,DOWN,2026-08-30T16:20:21.078881+00:00,22,79107.87,79119.35,UP,0
2026-08-30T16:20:00+00:00,5,K10,DOWN,2026-08-30T16:21:02.101827+00:00,63,79107.87,79119.35,UP,0
2026-08-30T16:20:00+00:00,5,K4,DOWN,2026-08-30T16:20:21.078881+00:00,22,79107.87,79119.35,UP,0
2026-08-30T16:20:00+00:00,5,K15,DOWN,2026-08-30T16:20:21.078881+00:00,22,79107.87,79119.35,UP,0
2026-08-30T16:25:00+00:00,5,K2,DOWN,2026-08-30T16:25:21.048590+00:00,22,79119.35,79043.77,DOWN,1
2026-08-30T16:25:00+00:00,5,K7,DOWN,2026-08-30T16:25:21.048590+00:00,22,79119.35,79043.77,DOWN,1
2026-08-30T16:25:00+00:00,5,?,UP,2026-08-30T16:29:50.846818+00:00,291,79119.35,79043.77,DOWN,0
2026-08-30T16:25:00+00:00,5,K4,DOWN,2026-08-30T16:25:21.048590+00:00,22,79119.35,79043.77,DOWN,1
2026-08-30T16:25:00+00:00,5,K15,DOWN,2026-08-30T16:25:21.048590+00:00,22,79119.35,79043.77,DOWN,1
2026-08-30T16:30:00+00:00,15,?,DOWN,2026-08-30T16:41:24.961588+00:00,685,79043.78,79204.0,UP,0
2026-08-30T16:30:00+00:00,15,K11,UP,2026-08-30T16:35:01.002805+00:00,302,79043.78,79204.0,UP,1
2026-08-30T16:30:00+00:00,15,K5,DOWN,2026-08-30T16:30:21.051158+00:00,22,79043.78,79204.0,UP,0
2026-08-30T16:35:00+00:00,5,K2,DOWN,2026-08-30T16:35:21.388112+00:00,22,79166.0,79124.51,DOWN,1
2026-08-30T16:35:00+00:00,5,K9,DOWN,2026-08-30T16:35:21.388112+00:00,22,79166.0,79124.51,DOWN,1
2026-08-30T16:35:00+00:00,5,K4,DOWN,2026-08-30T16:35:21.388112+00:00,22,79166.0,79124.51,DOWN,1
2026-08-30T16:35:00+00:00,5,K5,DOWN,2026-08-30T16:35:21.388112+00:00,22,79166.0,79124.51,DOWN,1
2026-08-30T16:40:00+00:00,5,?,DOWN,2026-08-30T16:41:24.961588+00:00,85,79124.51,79204.0,UP,0
2026-08-30T16:40:00+00:00,5,K10,UP,2026-08-30T16:41:01.282672+00:00,62,79124.51,79204.0,UP,1
2026-08-30T16:40:00+00:00,5,K11,UP,2026-08-30T16:41:42.274388+00:00,103,79124.51,79204.0,UP,1
2026-08-30T16:45:00+00:00,5,K2,DOWN,2026-08-30T16:45:21.050451+00:00,22,79204.0,79186.0,DOWN,1
2026-08-30T16:45:00+00:00,5,K8,DOWN,2026-08-30T16:45:21.050451+00:00,22,79204.0,79186.0,DOWN,1
2026-08-30T16:45:00+00:00,5,K5,DOWN,2026-08-30T16:45:21.050451+00:00,22,79204.0,79186.0,DOWN,1
2026-08-30T16:45:00+00:00,15,K2,DOWN,2026-08-30T16:45:21.050451+00:00,22,79204.0,79337.93,UP,0
2026-08-30T16:45:00+00:00,15,?,DOWN,2026-08-30T16:57:04.464917+00:00,725,79204.0,79337.93,UP,0
2026-08-30T16:45:00+00:00,15,K8,DOWN,2026-08-30T16:45:21.050451+00:00,22,79204.0,79337.93,UP,0
2026-08-30T16:45:00+00:00,15,K5,DOWN,2026-08-30T16:45:21.050451+00:00,22,79204.0,79337.93,UP,0
2026-08-30T16:45:00+00:00,15,K12,DOWN,2026-08-30T16:45:21.050451+00:00,22,79204.0,79337.93,UP,0
2026-08-30T16:50:00+00:00,5,K5,DOWN,2026-08-30T16:50:21.077887+00:00,22,79186.01,79215.71,UP,0
2026-08-30T16:55:00+00:00,5,?,DOWN,2026-08-30T16:57:04.464917+00:00,125,79215.72,79337.93,UP,0
2026-08-30T16:55:00+00:00,5,K15,DOWN,2026-08-30T16:55:21.046849+00:00,22,79215.72,79337.93,UP,0
2026-08-30T16:55:00+00:00,5,K8,DOWN,2026-08-30T16:55:21.046849+00:00,22,79215.72,79337.93,UP,0
2026-08-30T16:55:00+00:00,5,K5,DOWN,2026-08-30T16:55:21.046849+00:00,22,79215.72,79337.93,UP,0
2026-08-30T17:00:00+00:00,5,K2,DOWN,2026-08-30T17:00:21.056011+00:00,22,79337.93,79249.75,DOWN,1
2026-08-30T17:00:00+00:00,5,K10,DOWN,2026-08-30T17:01:02.530992+00:00,63,79337.93,79249.75,DOWN,1
2026-08-30T17:00:00+00:00,5,K11,DOWN,2026-08-30T17:01:44.736039+00:00,105,79337.93,79249.75,DOWN,1
2026-08-30T17:00:00+00:00,5,K9,DOWN,2026-08-30T17:00:21.056011+00:00,22,79337.93,79249.75,DOWN,1
2026-08-30T17:00:00+00:00,5,K4,DOWN,2026-08-30T17:00:21.056011+00:00,22,79337.93,79249.75,DOWN,1
2026-08-30T17:00:00+00:00,5,K15,DOWN,2026-08-30T17:01:23.595032+00:00,84,79337.93,79249.75,DOWN,1
2026-08-30T17:00:00+00:00,5,K8,DOWN,2026-08-30T17:00:21.056011+00:00,22,79337.93,79249.75,DOWN,1
2026-08-30T17:00:00+00:00,5,K5,DOWN,2026-08-30T17:00:21.056011+00:00,22,79337.93,79249.75,DOWN,1
2026-08-30T17:00:00+00:00,15,K2,DOWN,2026-08-30T17:00:21.056011+00:00,22,79337.93,79178.49,DOWN,1
2026-08-30T17:00:00+00:00,15,K7,DOWN,2026-08-30T17:00:21.056011+00:00,22,79337.93,79178.49,DOWN,1
2026-08-30T17:00:00+00:00,15,K1,DOWN,2026-08-30T17:00:21.056011+00:00,22,79337.93,79178.49,DOWN,1
2026-08-30T17:00:00+00:00,15,?,UP,2026-08-30T17:07:12.466186+00:00,433,79337.93,79178.49,DOWN,0
2026-08-30T17:00:00+00:00,15,K10,DOWN,2026-08-30T17:03:06.018496+00:00,187,79337.93,79178.49,DOWN,1
2026-08-30T17:00:00+00:00,15,K4,DOWN,2026-08-30T17:00:21.056011+00:00,22,79337.93,79178.49,DOWN,1
2026-08-30T17:00:00+00:00,15,K15,DOWN,2026-08-30T17:01:23.595032+00:00,84,79337.93,79178.49,DOWN,1
2026-08-30T17:00:00+00:00,15,K8,DOWN,2026-08-30T17:00:21.056011+00:00,22,79337.93,79178.49,DOWN,1
2026-08-30T17:00:00+00:00,15,K5,DOWN,2026-08-30T17:00:21.056011+00:00,22,79337.93,79178.49,DOWN,1
2026-08-30T17:00:00+00:00,15,K12,DOWN,2026-08-30T17:00:21.056011+00:00,22,79337.93,79178.49,DOWN,1
2026-08-30T17:05:00+00:00,5,?,UP,2026-08-30T17:07:12.466186+00:00,133,79249.75,79194.84,DOWN,0
2026-08-30T17:05:00+00:00,5,K11,DOWN,2026-08-30T17:06:43.548842+00:00,104,79249.75,79194.84,DOWN,1
2026-08-30T17:05:00+00:00,5,K15,DOWN,2026-08-30T17:05:21.077659+00:00,22,79249.75,79194.84,DOWN,1
2026-08-30T17:10:00+00:00,5,K10,DOWN,2026-08-30T17:11:01.939504+00:00,62,79194.83,79178.49,DOWN,1
2026-08-30T17:10:00+00:00,5,K15,UP,2026-08-30T17:10:21.049767+00:00,22,79194.83,79178.49,DOWN,0
2026-08-30T17:15:00+00:00,5,K14,UP,2026-08-30T17:15:01.007902+00:00,2,79178.49,79000.3,DOWN,0
2026-08-30T17:15:00+00:00,5,?,UP,2026-08-30T17:16:08.212798+00:00,69,79178.49,79000.3,DOWN,0
2026-08-30T17:15:00+00:00,5,K10,DOWN,2026-08-30T17:16:05.915590+00:00,66,79178.49,79000.3,DOWN,1
2026-08-30T17:15:00+00:00,5,K11,DOWN,2026-08-30T17:16:48.555215+00:00,109,79178.49,79000.3,DOWN,1
2026-08-30T17:15:00+00:00,15,K2,DOWN,2026-08-30T17:15:01.007902+00:00,2,79178.49,78940.62,DOWN,1
2026-08-30T17:15:00+00:00,15,K14,UP,2026-08-30T17:15:01.007902+00:00,2,79178.49,78940.62,DOWN,0
2026-08-30T17:15:00+00:00,15,?,UP,2026-08-30T17:16:08.212798+00:00,69,79178.49,78940.62,DOWN,0
2026-08-30T17:15:00+00:00,15,K10,DOWN,2026-08-30T17:18:09.525815+00:00,190,79178.49,78940.62,DOWN,1
2026-08-30T17:15:00+00:00,15,K11,DOWN,2026-08-30T17:20:01.005341+00:00,302,79178.49,78940.62,DOWN,1
2026-08-30T17:20:00+00:00,5,K14,UP,2026-08-30T17:20:21.609639+00:00,22,79000.3,78877.96,DOWN,0
2026-08-30T17:20:00+00:00,5,?,UP,2026-08-30T17:24:29.779987+00:00,270,79000.3,78877.96,DOWN,0
2026-08-30T17:20:00+00:00,5,K9,UP,2026-08-30T17:20:21.609639+00:00,22,79000.3,78877.96,DOWN,0
2026-08-30T17:20:00+00:00,5,K4,UP,2026-08-30T17:20:21.609639+00:00,22,79000.3,78877.96,DOWN,0
2026-08-30T17:25:00+00:00,5,K14,UP,2026-08-30T17:25:21.048011+00:00,22,78877.97,78940.62,UP,1
2026-08-30T17:25:00+00:00,5,?,UP,2026-08-30T17:25:29.850256+00:00,30,78877.97,78940.62,UP,1
2026-08-30T17:25:00+00:00,5,K10,DOWN,2026-08-30T17:26:01.877736+00:00,62,78877.97,78940.62,UP,0
2026-08-30T17:25:00+00:00,5,K9,UP,2026-08-30T17:25:21.048011+00:00,22,78877.97,78940.62,UP,1
2026-08-30T17:25:00+00:00,5,K4,UP,2026-08-30T17:25:21.048011+00:00,22,78877.97,78940.62,UP,1
2026-08-30T17:25:00+00:00,5,K15,UP,2026-08-30T17:25:21.048011+00:00,22,78877.97,78940.62,UP,1
2026-08-30T17:25:00+00:00,5,K5,UP,2026-08-30T17:25:21.048011+00:00,22,78877.97,78940.62,UP,1
2026-08-30T17:30:00+00:00,5,K14,UP,2026-08-30T17:30:21.087336+00:00,22,78940.61,78997.7,UP,1
2026-08-30T17:30:00+00:00,5,K10,DOWN,2026-08-30T17:31:02.677968+00:00,63,78940.61,78997.7,UP,0
2026-08-30T17:30:00+00:00,5,K15,UP,2026-08-30T17:30:21.087336+00:00,22,78940.61,78997.7,UP,1
2026-08-30T17:30:00+00:00,15,K14,UP,2026-08-30T17:30:21.087336+00:00,22,78940.61,79044.82,UP,1
2026-08-30T17:30:00+00:00,15,K9,UP,2026-08-30T17:30:21.087336+00:00,22,78940.61,79044.82,UP,1
2026-08-30T17:30:00+00:00,15,K4,UP,2026-08-30T17:30:21.087336+00:00,22,78940.61,79044.82,UP,1
2026-08-30T17:30:00+00:00,15,K15,UP,2026-08-30T17:30:21.087336+00:00,22,78940.61,79044.82,UP,1
2026-08-30T17:35:00+00:00,5,K15,UP,2026-08-30T17:35:21.079510+00:00,22,78997.71,79016.13,UP,1
2026-08-30T17:45:00+00:00,5,K14,DOWN,2026-08-30T17:45:21.048412+00:00,22,79044.81,79019.33,DOWN,1
2026-08-30T17:45:00+00:00,5,?,UP,2026-08-30T17:47:02.408674+00:00,123,79044.81,79019.33,DOWN,0
2026-08-30T17:45:00+00:00,5,K15,DOWN,2026-08-30T17:46:23.060045+00:00,84,79044.81,79019.33,DOWN,1
2026-08-30T17:45:00+00:00,15,K14,DOWN,2026-08-30T17:45:21.048412+00:00,22,79044.81,79021.02,DOWN,1
2026-08-30T17:45:00+00:00,15,?,UP,2026-08-30T17:47:02.408674+00:00,123,79044.81,79021.02,DOWN,0
2026-08-30T17:45:00+00:00,15,K15,DOWN,2026-08-30T17:46:23.060045+00:00,84,79044.81,79021.02,DOWN,1
2026-08-30T17:50:00+00:00,5,?,UP,2026-08-30T17:50:05.798446+00:00,6,79019.33,79022.0,UP,1
2026-08-30T18:00:00+00:00,5,?,UP,2026-08-30T18:01:23.788743+00:00,84,79021.02,79027.67,UP,1
2026-08-30T18:00:00+00:00,15,?,UP,2026-08-30T18:01:23.788743+00:00,84,79021.02,78839.29,DOWN,0
2026-08-30T18:05:00+00:00,5,?,UP,2026-08-30T18:09:48.435264+00:00,289,79027.67,78860.0,DOWN,0
2026-08-30T18:05:00+00:00,5,K10,DOWN,2026-08-30T18:06:01.337041+00:00,62,79027.67,78860.0,DOWN,1
2026-08-30T18:05:00+00:00,5,K11,DOWN,2026-08-30T18:06:42.394655+00:00,103,79027.67,78860.0,DOWN,1
2026-08-30T18:10:00+00:00,5,K2,UP,2026-08-30T18:10:21.047998+00:00,22,78860.0,78839.29,DOWN,0
2026-08-30T18:10:00+00:00,5,K14,UP,2026-08-30T18:10:21.047998+00:00,22,78860.0,78839.29,DOWN,0
2026-08-30T18:10:00+00:00,5,?,UP,2026-08-30T18:10:48.460591+00:00,49,78860.0,78839.29,DOWN,0
2026-08-30T18:10:00+00:00,5,K10,DOWN,2026-08-30T18:11:01.884127+00:00,62,78860.0,78839.29,DOWN,1
2026-08-30T18:10:00+00:00,5,K9,UP,2026-08-30T18:10:21.047998+00:00,22,78860.0,78839.29,DOWN,0
2026-08-30T18:10:00+00:00,5,K4,UP,2026-08-30T18:10:21.047998+00:00,22,78860.0,78839.29,DOWN,0
2026-08-30T18:10:00+00:00,5,K5,UP,2026-08-30T18:10:21.047998+00:00,22,78860.0,78839.29,DOWN,0
2026-08-30T18:15:00+00:00,5,K2,UP,2026-08-30T18:15:21.049793+00:00,22,78839.3,78899.99,UP,1
2026-08-30T18:15:00+00:00,5,K5,UP,2026-08-30T18:15:21.049793+00:00,22,78839.3,78899.99,UP,1
2026-08-30T18:15:00+00:00,15,?,DOWN,2026-08-30T18:26:12.285922+00:00,673,78839.3,79009.61,UP,0
2026-08-30T18:15:00+00:00,15,K9,UP,2026-08-30T18:15:21.049793+00:00,22,78839.3,79009.61,UP,1
2026-08-30T18:15:00+00:00,15,K4,UP,2026-08-30T18:15:21.049793+00:00,22,78839.3,79009.61,UP,1
2026-08-30T18:25:00+00:00,5,?,DOWN,2026-08-30T18:26:12.285922+00:00,73,78884.33,79009.61,UP,0
2026-08-30T18:25:00+00:00,5,K5,UP,2026-08-30T18:25:21.045070+00:00,22,78884.33,79009.61,UP,1
2026-08-30T18:30:00+00:00,5,K14,DOWN,2026-08-30T18:30:21.047848+00:00,22,79009.61,79163.47,UP,0
2026-08-30T18:30:00+00:00,5,?,DOWN,2026-08-30T18:30:51.454199+00:00,52,79009.61,79163.47,UP,0
2026-08-30T18:30:00+00:00,5,K10,UP,2026-08-30T18:31:02.397151+00:00,63,79009.61,79163.47,UP,1
2026-08-30T18:30:00+00:00,5,K11,UP,2026-08-30T18:31:44.555233+00:00,105,79009.61,79163.47,UP,1
2026-08-30T18:30:00+00:00,5,K9,DOWN,2026-08-30T18:30:21.047848+00:00,22,79009.61,79163.47,UP,0
2026-08-30T18:30:00+00:00,5,K4,DOWN,2026-08-30T18:30:21.047848+00:00,22,79009.61,79163.47,UP,0
2026-08-30T18:30:00+00:00,15,K14,DOWN,2026-08-30T18:30:21.047848+00:00,22,79009.61,79088.56,UP,0
2026-08-30T18:30:00+00:00,15,?,DOWN,2026-08-30T18:30:51.454199+00:00,52,79009.61,79088.56,UP,0
2026-08-30T18:30:00+00:00,15,K10,UP,2026-08-30T18:33:05.779561+00:00,186,79009.61,79088.56,UP,1
2026-08-30T18:30:00+00:00,15,K11,UP,2026-08-30T18:35:01.006029+00:00,302,79009.61,79088.56,UP,1
2026-08-30T18:30:00+00:00,15,K9,DOWN,2026-08-30T18:30:21.047848+00:00,22,79009.61,79088.56,UP,0
2026-08-30T18:30:00+00:00,15,K4,DOWN,2026-08-30T18:30:21.047848+00:00,22,79009.61,79088.56,UP,0
2026-08-30T18:35:00+00:00,5,K14,DOWN,2026-08-30T18:35:21.465511+00:00,22,79163.47,79159.0,DOWN,1
2026-08-30T18:35:00+00:00,5,K9,DOWN,2026-08-30T18:35:21.465511+00:00,22,79163.47,79159.0,DOWN,1
2026-08-30T18:35:00+00:00,5,K4,DOWN,2026-08-30T18:35:21.465511+00:00,22,79163.47,79159.0,DOWN,1
2026-08-30T18:40:00+00:00,5,K14,DOWN,2026-08-30T18:40:21.047624+00:00,22,79159.01,79088.56,DOWN,1
2026-08-30T18:40:00+00:00,5,K15,DOWN,2026-08-30T18:40:21.047624+00:00,22,79159.01,79088.56,DOWN,1
2026-08-30T18:45:00+00:00,15,?,DOWN,2026-08-30T18:54:22.113531+00:00,563,79088.55,79036.69,DOWN,1
2026-08-30T18:50:00+00:00,5,?,DOWN,2026-08-30T18:54:22.113531+00:00,263,79072.4,79030.36,DOWN,1
2026-08-30T18:55:00+00:00,5,K14,UP,2026-08-30T18:55:21.046788+00:00,22,79030.36,79036.69,UP,1
2026-08-30T18:55:00+00:00,5,?,UP,2026-08-30T18:59:41.998488+00:00,282,79030.36,79036.69,UP,1
2026-08-30T19:00:00+00:00,5,?,UP,2026-08-30T19:03:21.446903+00:00,202,79036.68,78988.28,DOWN,0
2026-08-30T19:00:00+00:00,15,?,UP,2026-08-30T19:03:21.446903+00:00,202,79036.68,79035.59,DOWN,0
2026-08-30T19:05:00+00:00,5,?,DOWN,2026-08-30T19:07:21.411132+00:00,142,78988.28,79004.34,UP,0
2026-08-30T19:10:00+00:00,5,?,UP,2026-08-30T19:12:57.506101+00:00,178,79004.34,79035.59,UP,1
2026-08-30T19:15:00+00:00,5,?,UP,2026-08-30T19:15:54.674336+00:00,55,79035.58,79002.63,DOWN,0
2026-08-30T19:15:00+00:00,5,K10,DOWN,2026-08-30T19:16:01.248886+00:00,62,79035.58,79002.63,DOWN,1
2026-08-30T19:15:00+00:00,15,?,UP,2026-08-30T19:15:54.674336+00:00,55,79035.58,78917.24,DOWN,0
2026-08-30T19:20:00+00:00,5,?,UP,2026-08-30T19:22:33.154592+00:00,154,79002.62,78918.81,DOWN,0
2026-08-30T19:25:00+00:00,5,K14,UP,2026-08-30T19:25:21.046504+00:00,22,78918.82,78917.24,DOWN,0
2026-08-30T19:30:00+00:00,5,K14,UP,2026-08-30T19:30:21.053644+00:00,22,78917.24,78896.12,DOWN,0
2026-08-30T19:30:00+00:00,5,?,DOWN,2026-08-30T19:30:41.893315+00:00,42,78917.24,78896.12,DOWN,1
2026-08-30T19:30:00+00:00,15,K14,UP,2026-08-30T19:30:21.053644+00:00,22,78917.24,78794.0,DOWN,0
2026-08-30T19:30:00+00:00,15,?,DOWN,2026-08-30T19:30:41.893315+00:00,42,78917.24,78794.0,DOWN,1
2026-08-30T19:35:00+00:00,5,K14,UP,2026-08-30T19:35:21.075134+00:00,22,78896.12,78792.35,DOWN,0
2026-08-30T19:35:00+00:00,5,?,UP,2026-08-30T19:37:54.977751+00:00,175,78896.12,78792.35,DOWN,0
2026-08-30T19:40:00+00:00,5,K2,UP,2026-08-30T19:40:21.047749+00:00,22,78792.35,78794.0,UP,1
2026-08-30T19:40:00+00:00,5,K14,UP,2026-08-30T19:40:21.047749+00:00,22,78792.35,78794.0,UP,1
2026-08-30T19:40:00+00:00,5,K9,UP,2026-08-30T19:40:21.047749+00:00,22,78792.35,78794.0,UP,1
2026-08-30T19:40:00+00:00,5,K4,UP,2026-08-30T19:40:21.047749+00:00,22,78792.35,78794.0,UP,1
2026-08-30T19:40:00+00:00,5,K8,UP,2026-08-30T19:40:21.047749+00:00,22,78792.35,78794.0,UP,1
2026-08-30T19:40:00+00:00,5,K5,UP,2026-08-30T19:40:21.047749+00:00,22,78792.35,78794.0,UP,1
2026-08-30T19:45:00+00:00,5,K2,UP,2026-08-30T19:45:21.049168+00:00,22,78794.0,78792.86,DOWN,0
2026-08-30T19:45:00+00:00,5,?,UP,2026-08-30T19:45:33.776399+00:00,34,78794.0,78792.86,DOWN,0
2026-08-30T19:45:00+00:00,5,K8,UP,2026-08-30T19:45:21.049168+00:00,22,78794.0,78792.86,DOWN,0
2026-08-30T19:45:00+00:00,5,K5,UP,2026-08-30T19:45:21.049168+00:00,22,78794.0,78792.86,DOWN,0
2026-08-30T19:45:00+00:00,15,?,UP,2026-08-30T19:45:33.776399+00:00,34,78794.0,78856.39,UP,1
2026-08-30T19:50:00+00:00,5,K2,UP,2026-08-30T19:50:21.075532+00:00,22,78792.85,78841.12,UP,1
2026-08-30T19:50:00+00:00,5,K14,UP,2026-08-30T19:50:21.075532+00:00,22,78792.85,78841.12,UP,1
2026-08-30T19:50:00+00:00,5,?,UP,2026-08-30T19:50:31.982390+00:00,32,78792.85,78841.12,UP,1
2026-08-30T19:50:00+00:00,5,K5,UP,2026-08-30T19:50:21.075532+00:00,22,78792.85,78841.12,UP,1
2026-08-30T19:55:00+00:00,5,?,DOWN,2026-08-30T19:56:09.126482+00:00,70,78841.12,78856.39,UP,0
2026-08-30T20:00:00+00:00,5,K10,UP,2026-08-30T20:01:01.254869+00:00,62,78856.39,78868.0,UP,1
2026-08-30T20:00:00+00:00,15,?,DOWN,2026-08-30T20:08:01.695313+00:00,482,78856.39,78864.01,UP,0
2026-08-30T20:05:00+00:00,5,?,DOWN,2026-08-30T20:08:01.695313+00:00,182,78868.01,78884.84,UP,0
2026-08-30T20:10:00+00:00,5,K14,DOWN,2026-08-30T20:10:21.046683+00:00,22,78884.84,78864.01,DOWN,1
2026-08-30T20:10:00+00:00,5,?,DOWN,2026-08-30T20:10:03.433693+00:00,4,78884.84,78864.01,DOWN,1
2026-08-30T20:15:00+00:00,15,?,DOWN,2026-08-30T20:20:16.316230+00:00,317,78864.02,78842.0,DOWN,1
2026-08-30T20:20:00+00:00,5,?,DOWN,2026-08-30T20:20:16.316230+00:00,17,78883.76,78916.96,UP,0
2026-08-30T20:25:00+00:00,5,?,UP,2026-08-30T20:25:29.967554+00:00,30,78916.96,78842.0,DOWN,0
2026-08-30T20:30:00+00:00,5,?,UP,2026-08-30T20:31:27.614934+00:00,88,78842.0,78808.0,DOWN,0
2026-08-30T20:30:00+00:00,5,K10,DOWN,2026-08-30T20:31:02.066219+00:00,63,78842.0,78808.0,DOWN,1
2026-08-30T20:30:00+00:00,5,K11,DOWN,2026-08-30T20:31:43.580093+00:00,104,78842.0,78808.0,DOWN,1
2026-08-30T20:30:00+00:00,15,?,UP,2026-08-30T20:31:27.614934+00:00,88,78842.0,78475.99,DOWN,0
2026-08-30T20:30:00+00:00,15,K5,UP,2026-08-30T20:30:21.053915+00:00,22,78842.0,78475.99,DOWN,0
2026-08-30T20:35:00+00:00,5,?,DOWN,2026-08-30T20:35:52.883432+00:00,53,78807.99,78707.78,DOWN,1
2026-08-30T20:40:00+00:00,5,K2,UP,2026-08-30T20:40:21.047367+00:00,22,78707.79,78475.99,DOWN,0
2026-08-30T20:40:00+00:00,5,K7,UP,2026-08-30T20:40:21.047367+00:00,22,78707.79,78475.99,DOWN,0
2026-08-30T20:40:00+00:00,5,K1,UP,2026-08-30T20:40:21.047367+00:00,22,78707.79,78475.99,DOWN,0
2026-08-30T20:40:00+00:00,5,?,UP,2026-08-30T20:40:10.587177+00:00,11,78707.79,78475.99,DOWN,0
2026-08-30T20:40:00+00:00,5,K9,UP,2026-08-30T20:40:21.047367+00:00,22,78707.79,78475.99,DOWN,0
2026-08-30T20:40:00+00:00,5,K4,UP,2026-08-30T20:40:21.047367+00:00,22,78707.79,78475.99,DOWN,0
2026-08-30T20:40:00+00:00,5,K3,UP,2026-08-30T20:40:21.047367+00:00,22,78707.79,78475.99,DOWN,0
2026-08-30T20:40:00+00:00,5,K8,UP,2026-08-30T20:40:21.047367+00:00,22,78707.79,78475.99,DOWN,0
2026-08-30T20:40:00+00:00,5,K5,UP,2026-08-30T20:40:21.047367+00:00,22,78707.79,78475.99,DOWN,0
2026-08-30T20:45:00+00:00,5,K2,UP,2026-08-30T20:45:21.051752+00:00,22,78476.0,78671.32,UP,1
2026-08-30T20:45:00+00:00,5,K7,UP,2026-08-30T20:45:21.051752+00:00,22,78476.0,78671.32,UP,1
2026-08-30T20:45:00+00:00,5,K1,UP,2026-08-30T20:45:21.051752+00:00,22,78476.0,78671.32,UP,1
2026-08-30T20:45:00+00:00,5,K6,UP,2026-08-30T20:45:21.051752+00:00,22,78476.0,78671.32,UP,1
2026-08-30T20:45:00+00:00,5,?,UP,2026-08-30T20:46:00.342199+00:00,61,78476.0,78671.32,UP,1
2026-08-30T20:45:00+00:00,5,K10,UP,2026-08-30T20:46:02.438609+00:00,63,78476.0,78671.32,UP,1
2026-08-30T20:45:00+00:00,5,K11,UP,2026-08-30T20:46:44.422383+00:00,105,78476.0,78671.32,UP,1
2026-08-30T20:45:00+00:00,5,K9,UP,2026-08-30T20:45:21.051752+00:00,22,78476.0,78671.32,UP,1
2026-08-30T20:45:00+00:00,5,K4,UP,2026-08-30T20:45:21.051752+00:00,22,78476.0,78671.32,UP,1
2026-08-30T20:45:00+00:00,5,K3,UP,2026-08-30T20:45:21.051752+00:00,22,78476.0,78671.32,UP,1
2026-08-30T20:45:00+00:00,5,K8,UP,2026-08-30T20:45:21.051752+00:00,22,78476.0,78671.32,UP,1
2026-08-30T20:45:00+00:00,5,K5,UP,2026-08-30T20:45:21.051752+00:00,22,78476.0,78671.32,UP,1
2026-08-30T20:45:00+00:00,5,K12,UP,2026-08-30T20:45:21.051752+00:00,22,78476.0,78671.32,UP,1
2026-08-30T20:45:00+00:00,5,K13,UP,2026-08-30T20:45:21.051752+00:00,22,78476.0,78671.32,UP,1
2026-08-30T20:45:00+00:00,15,K2,UP,2026-08-30T20:45:21.051752+00:00,22,78476.0,78597.33,UP,1
2026-08-30T20:45:00+00:00,15,K7,UP,2026-08-30T20:45:21.051752+00:00,22,78476.0,78597.33,UP,1
2026-08-30T20:45:00+00:00,15,K1,UP,2026-08-30T20:45:21.051752+00:00,22,78476.0,78597.33,UP,1
2026-08-30T20:45:00+00:00,15,?,UP,2026-08-30T20:46:00.342199+00:00,61,78476.0,78597.33,UP,1
2026-08-30T20:45:00+00:00,15,K10,UP,2026-08-30T20:48:05.773890+00:00,186,78476.0,78597.33,UP,1
2026-08-30T20:45:00+00:00,15,K11,UP,2026-08-30T20:50:01.008949+00:00,302,78476.0,78597.33,UP,1
2026-08-30T20:45:00+00:00,15,K9,UP,2026-08-30T20:45:21.051752+00:00,22,78476.0,78597.33,UP,1
2026-08-30T20:45:00+00:00,15,K4,UP,2026-08-30T20:45:21.051752+00:00,22,78476.0,78597.33,UP,1
2026-08-30T20:45:00+00:00,15,K3,UP,2026-08-30T20:45:21.051752+00:00,22,78476.0,78597.33,UP,1
2026-08-30T20:45:00+00:00,15,K8,UP,2026-08-30T20:45:21.051752+00:00,22,78476.0,78597.33,UP,1
2026-08-30T20:45:00+00:00,15,K5,UP,2026-08-30T20:45:21.051752+00:00,22,78476.0,78597.33,UP,1
2026-08-30T20:45:00+00:00,15,K13,UP,2026-08-30T20:45:21.051752+00:00,22,78476.0,78597.33,UP,1
2026-08-30T20:50:00+00:00,5,K10,UP,2026-08-30T20:51:03.013787+00:00,64,78671.32,78690.38,UP,1
2026-08-30T20:50:00+00:00,5,K9,DOWN,2026-08-30T20:50:21.377009+00:00,22,78671.32,78690.38,UP,0
2026-08-30T20:50:00+00:00,5,K4,DOWN,2026-08-30T20:50:21.377009+00:00,22,78671.32,78690.38,UP,0
2026-08-30T20:50:00+00:00,5,K15,UP,2026-08-30T20:50:21.377009+00:00,22,78671.32,78690.38,UP,1
2026-08-30T20:55:00+00:00,5,K14,UP,2026-08-30T20:55:21.048447+00:00,22,78690.39,78597.33,DOWN,0
2026-08-30T20:55:00+00:00,5,K15,UP,2026-08-30T20:55:21.048447+00:00,22,78690.39,78597.33,DOWN,0
2026-08-30T21:00:00+00:00,5,K2,UP,2026-08-30T21:00:21.058207+00:00,22,78597.32,78476.0,DOWN,0
2026-08-30T21:00:00+00:00,5,?,UP,2026-08-30T21:00:48.608325+00:00,49,78597.32,78476.0,DOWN,0
2026-08-30T21:00:00+00:00,5,K10,DOWN,2026-08-30T21:01:02.352964+00:00,63,78597.32,78476.0,DOWN,1
2026-08-30T21:00:00+00:00,5,K11,DOWN,2026-08-30T21:01:44.463553+00:00,105,78597.32,78476.0,DOWN,1
2026-08-30T21:00:00+00:00,5,K9,UP,2026-08-30T21:00:21.058207+00:00,22,78597.32,78476.0,DOWN,0
2026-08-30T21:00:00+00:00,5,K4,UP,2026-08-30T21:00:21.058207+00:00,22,78597.32,78476.0,DOWN,0
2026-08-30T21:00:00+00:00,15,K2,UP,2026-08-30T21:00:21.058207+00:00,22,78597.32,78503.59,DOWN,0
2026-08-30T21:00:00+00:00,15,?,UP,2026-08-30T21:00:48.608325+00:00,49,78597.32,78503.59,DOWN,0
2026-08-30T21:00:00+00:00,15,K10,DOWN,2026-08-30T21:03:05.708290+00:00,186,78597.32,78503.59,DOWN,1
2026-08-30T21:00:00+00:00,15,K11,DOWN,2026-08-30T21:05:01.006064+00:00,302,78597.32,78503.59,DOWN,1
2026-08-30T21:00:00+00:00,15,K5,UP,2026-08-30T21:00:21.058207+00:00,22,78597.32,78503.59,DOWN,0
2026-08-30T21:05:00+00:00,5,K2,UP,2026-08-30T21:05:21.391180+00:00,22,78476.0,78519.99,UP,1
2026-08-30T21:05:00+00:00,5,K7,UP,2026-08-30T21:05:21.391180+00:00,22,78476.0,78519.99,UP,1
2026-08-30T21:05:00+00:00,5,K14,UP,2026-08-30T21:05:21.391180+00:00,22,78476.0,78519.99,UP,1
2026-08-30T21:05:00+00:00,5,K1,UP,2026-08-30T21:05:21.391180+00:00,22,78476.0,78519.99,UP,1
2026-08-30T21:05:00+00:00,5,K9,UP,2026-08-30T21:05:21.391180+00:00,22,78476.0,78519.99,UP,1
2026-08-30T21:05:00+00:00,5,K4,UP,2026-08-30T21:05:21.391180+00:00,22,78476.0,78519.99,UP,1
2026-08-30T21:05:00+00:00,5,K3,UP,2026-08-30T21:05:21.391180+00:00,22,78476.0,78519.99,UP,1
2026-08-30T21:05:00+00:00,5,K16,UP,2026-08-30T21:05:21.391180+00:00,22,78476.0,78519.99,UP,1
2026-08-30T21:10:00+00:00,5,K2,UP,2026-08-30T21:10:21.049443+00:00,22,78519.99,78503.59,DOWN,0
2026-08-30T21:10:00+00:00,5,K14,UP,2026-08-30T21:10:21.049443+00:00,22,78519.99,78503.59,DOWN,0
2026-08-30T21:10:00+00:00,5,K10,DOWN,2026-08-30T21:11:01.878700+00:00,62,78519.99,78503.59,DOWN,1
2026-08-30T21:10:00+00:00,5,K11,DOWN,2026-08-30T21:11:43.375362+00:00,104,78519.99,78503.59,DOWN,1
2026-08-30T21:15:00+00:00,5,K2,UP,2026-08-30T21:15:21.049260+00:00,22,78503.59,78597.02,UP,1
2026-08-30T21:15:00+00:00,5,K14,UP,2026-08-30T21:15:21.049260+00:00,22,78503.59,78597.02,UP,1
2026-08-30T21:15:00+00:00,5,K15,UP,2026-08-30T21:15:21.049260+00:00,22,78503.59,78597.02,UP,1
2026-08-30T21:15:00+00:00,15,K2,UP,2026-08-30T21:15:21.049260+00:00,22,78503.59,78644.0,UP,1
2026-08-30T21:15:00+00:00,15,K14,UP,2026-08-30T21:15:21.049260+00:00,22,78503.59,78644.0,UP,1
2026-08-30T21:15:00+00:00,15,K10,UP,2026-08-30T21:18:04.192023+00:00,185,78503.59,78644.0,UP,1
2026-08-30T21:15:00+00:00,15,K15,UP,2026-08-30T21:15:21.049260+00:00,22,78503.59,78644.0,UP,1
2026-08-30T21:20:00+00:00,5,K9,DOWN,2026-08-30T21:20:21.074897+00:00,22,78597.01,78596.71,DOWN,1
2026-08-30T21:20:00+00:00,5,K4,DOWN,2026-08-30T21:20:21.074897+00:00,22,78597.01,78596.71,DOWN,1
2026-08-30T21:30:00+00:00,5,K11,UP,2026-08-30T21:31:41.594931+00:00,102,78644.0,78715.45,UP,1
2026-08-30T21:30:00+00:00,15,?,UP,2026-08-30T21:37:42.844773+00:00,463,78644.0,78635.87,DOWN,0
2026-08-30T21:35:00+00:00,5,?,UP,2026-08-30T21:37:42.844773+00:00,163,78715.44,78653.32,DOWN,0
2026-08-30T21:40:00+00:00,5,?,DOWN,2026-08-30T21:43:56.712796+00:00,237,78653.33,78635.87,DOWN,1
2026-08-30T21:45:00+00:00,5,?,DOWN,2026-08-30T21:47:00.696475+00:00,121,78635.87,78562.15,DOWN,1
2026-08-30T21:45:00+00:00,5,K11,DOWN,2026-08-30T21:46:41.589923+00:00,102,78635.87,78562.15,DOWN,1
2026-08-30T21:45:00+00:00,15,?,DOWN,2026-08-30T21:47:00.696475+00:00,121,78635.87,78653.0,UP,0
2026-08-30T21:55:00+00:00,5,?,DOWN,2026-08-30T21:56:08.368931+00:00,69,78605.72,78653.0,UP,0
2026-08-30T21:55:00+00:00,5,K10,UP,2026-08-30T21:56:01.243341+00:00,62,78605.72,78653.0,UP,1
2026-08-30T21:55:00+00:00,5,K11,UP,2026-08-30T21:56:42.428379+00:00,103,78605.72,78653.0,UP,1
2026-08-30T22:00:00+00:00,5,?,UP,2026-08-30T22:00:09.652151+00:00,10,78653.0,78743.48,UP,1
2026-08-30T22:00:00+00:00,5,K10,DOWN,2026-08-30T22:01:01.262200+00:00,62,78653.0,78743.48,UP,0
2026-08-30T22:00:00+00:00,5,K11,UP,2026-08-30T22:01:42.209963+00:00,103,78653.0,78743.48,UP,1
2026-08-30T22:00:00+00:00,15,?,UP,2026-08-30T22:00:09.652151+00:00,10,78653.0,78571.28,DOWN,0
2026-08-30T22:00:00+00:00,15,K10,UP,2026-08-30T22:03:04.293331+00:00,185,78653.0,78571.28,DOWN,0
2026-08-30T22:05:00+00:00,5,K11,DOWN,2026-08-30T22:06:41.684616+00:00,102,78743.48,78644.73,DOWN,1
2026-08-30T22:10:00+00:00,5,K10,DOWN,2026-08-30T22:11:02.430199+00:00,63,78644.74,78571.28,DOWN,1
2026-08-30T22:10:00+00:00,5,K11,DOWN,2026-08-30T22:12:04.637313+00:00,125,78644.74,78571.28,DOWN,1
2026-08-30T22:10:00+00:00,5,K9,UP,2026-08-30T22:10:21.046946+00:00,22,78644.74,78571.28,DOWN,0
2026-08-30T22:10:00+00:00,5,K4,UP,2026-08-30T22:10:21.046946+00:00,22,78644.74,78571.28,DOWN,0
2026-08-30T22:15:00+00:00,5,?,UP,2026-08-30T22:17:09.158585+00:00,130,78571.28,78535.99,DOWN,0
2026-08-30T22:15:00+00:00,15,?,UP,2026-08-30T22:17:09.158585+00:00,130,78571.28,78382.11,DOWN,0
2026-08-30T22:15:00+00:00,15,K10,DOWN,2026-08-30T22:18:02.109071+00:00,183,78571.28,78382.11,DOWN,1
2026-08-30T22:20:00+00:00,5,K11,DOWN,2026-08-30T22:21:41.693613+00:00,102,78535.99,78370.01,DOWN,1
2026-08-30T22:25:00+00:00,5,K2,UP,2026-08-30T22:25:21.061534+00:00,22,78370.0,78382.11,UP,1
2026-08-30T22:25:00+00:00,5,K7,UP,2026-08-30T22:25:21.061534+00:00,22,78370.0,78382.11,UP,1
2026-08-30T22:25:00+00:00,5,K1,UP,2026-08-30T22:25:21.061534+00:00,22,78370.0,78382.11,UP,1
2026-08-30T22:25:00+00:00,5,?,UP,2026-08-30T22:25:05.473741+00:00,6,78370.0,78382.11,UP,1
2026-08-30T22:25:00+00:00,5,K10,DOWN,2026-08-30T22:26:01.895347+00:00,62,78370.0,78382.11,UP,0
2026-08-30T22:25:00+00:00,5,K9,UP,2026-08-30T22:25:21.061534+00:00,22,78370.0,78382.11,UP,1
2026-08-30T22:25:00+00:00,5,K4,UP,2026-08-30T22:25:21.061534+00:00,22,78370.0,78382.11,UP,1
2026-08-30T22:25:00+00:00,5,K3,UP,2026-08-30T22:25:21.061534+00:00,22,78370.0,78382.11,UP,1
2026-08-30T22:30:00+00:00,5,K2,UP,2026-08-30T22:30:21.057919+00:00,22,78382.11,78361.98,DOWN,0
2026-08-30T22:30:00+00:00,5,K7,UP,2026-08-30T22:30:21.057919+00:00,22,78382.11,78361.98,DOWN,0
2026-08-30T22:30:00+00:00,5,K4,UP,2026-08-30T22:30:21.057919+00:00,22,78382.11,78361.98,DOWN,0
2026-08-30T22:30:00+00:00,5,K15,UP,2026-08-30T22:31:23.117338+00:00,84,78382.11,78361.98,DOWN,0
2026-08-30T22:30:00+00:00,15,K2,UP,2026-08-30T22:30:21.057919+00:00,22,78382.11,78460.01,UP,1
2026-08-30T22:30:00+00:00,15,?,UP,2026-08-30T22:35:32.507005+00:00,333,78382.11,78460.01,UP,1
2026-08-30T22:30:00+00:00,15,K9,UP,2026-08-30T22:30:21.057919+00:00,22,78382.11,78460.01,UP,1
2026-08-30T22:30:00+00:00,15,K4,UP,2026-08-30T22:30:21.057919+00:00,22,78382.11,78460.01,UP,1
2026-08-30T22:30:00+00:00,15,K15,UP,2026-08-30T22:31:23.117338+00:00,84,78382.11,78460.01,UP,1
2026-08-30T22:30:00+00:00,15,K5,UP,2026-08-30T22:30:21.057919+00:00,22,78382.11,78460.01,UP,1
2026-08-30T22:35:00+00:00,5,K2,UP,2026-08-30T22:35:01.005492+00:00,2,78361.98,78469.99,UP,1
2026-08-30T22:35:00+00:00,5,K14,UP,2026-08-30T22:35:01.005492+00:00,2,78361.98,78469.99,UP,1
2026-08-30T22:35:00+00:00,5,?,UP,2026-08-30T22:35:32.507005+00:00,33,78361.98,78469.99,UP,1
2026-08-30T22:40:00+00:00,5,K10,UP,2026-08-30T22:41:01.857317+00:00,62,78470.0,78460.01,DOWN,0
2026-08-30T22:40:00+00:00,5,K11,UP,2026-08-30T22:41:43.348424+00:00,104,78470.0,78460.01,DOWN,0
2026-08-30T22:40:00+00:00,5,K9,DOWN,2026-08-30T22:40:21.047736+00:00,22,78470.0,78460.01,DOWN,1
2026-08-30T22:40:00+00:00,5,K4,DOWN,2026-08-30T22:40:21.047736+00:00,22,78470.0,78460.01,DOWN,1
2026-08-30T22:45:00+00:00,15,?,UP,2026-08-30T22:58:32.163754+00:00,813,78460.0,78422.01,DOWN,0
2026-08-30T22:55:00+00:00,5,?,UP,2026-08-30T22:58:32.163754+00:00,213,78444.41,78422.01,DOWN,0
2026-08-30T23:00:00+00:00,5,K14,UP,2026-08-30T23:00:21.047379+00:00,22,78422.01,78311.6,DOWN,0
2026-08-30T23:00:00+00:00,5,?,DOWN,2026-08-30T23:01:13.626275+00:00,74,78422.01,78311.6,DOWN,1
2026-08-30T23:00:00+00:00,5,K10,DOWN,2026-08-30T23:01:02.349120+00:00,63,78422.01,78311.6,DOWN,1
2026-08-30T23:00:00+00:00,15,K14,UP,2026-08-30T23:00:21.047379+00:00,22,78422.01,78366.16,DOWN,0
2026-08-30T23:00:00+00:00,15,?,DOWN,2026-08-30T23:01:13.626275+00:00,74,78422.01,78366.16,DOWN,1
2026-08-30T23:00:00+00:00,15,K11,DOWN,2026-08-30T23:05:01.005638+00:00,302,78422.01,78366.16,DOWN,1
2026-08-30T23:05:00+00:00,5,K2,UP,2026-08-30T23:05:21.375290+00:00,22,78311.61,78338.02,UP,1
2026-08-30T23:05:00+00:00,5,?,DOWN,2026-08-30T23:09:45.449320+00:00,286,78311.61,78338.02,UP,0
2026-08-30T23:05:00+00:00,5,K11,UP,2026-08-30T23:06:43.410892+00:00,104,78311.61,78338.02,UP,1
2026-08-30T23:05:00+00:00,5,K9,UP,2026-08-30T23:05:21.375290+00:00,22,78311.61,78338.02,UP,1
2026-08-30T23:05:00+00:00,5,K4,UP,2026-08-30T23:05:21.375290+00:00,22,78311.61,78338.02,UP,1
2026-08-30T23:05:00+00:00,5,K8,UP,2026-08-30T23:05:21.375290+00:00,22,78311.61,78338.02,UP,1
2026-08-30T23:05:00+00:00,5,K5,UP,2026-08-30T23:05:21.375290+00:00,22,78311.61,78338.02,UP,1
2026-08-30T23:10:00+00:00,5,?,DOWN,2026-08-30T23:10:45.494541+00:00,46,78338.02,78366.16,UP,0
2026-08-30T23:10:00+00:00,5,K11,UP,2026-08-30T23:12:03.055779+00:00,124,78338.02,78366.16,UP,1
2026-08-30T23:10:00+00:00,5,K5,UP,2026-08-30T23:10:21.048964+00:00,22,78338.02,78366.16,UP,1
2026-08-30T23:15:00+00:00,5,K14,DOWN,2026-08-30T23:15:21.048991+00:00,22,78366.16,78367.49,UP,0
2026-08-30T23:15:00+00:00,5,?,UP,2026-08-30T23:16:55.720927+00:00,116,78366.16,78367.49,UP,1
2026-08-30T23:15:00+00:00,5,K5,UP,2026-08-30T23:15:21.048991+00:00,22,78366.16,78367.49,UP,1
2026-08-30T23:15:00+00:00,15,K14,DOWN,2026-08-30T23:15:21.048991+00:00,22,78366.16,77678.09,DOWN,1
2026-08-30T23:15:00+00:00,15,?,UP,2026-08-30T23:16:55.720927+00:00,116,78366.16,77678.09,DOWN,0
2026-08-30T23:15:00+00:00,15,K10,DOWN,2026-08-30T23:18:06.932346+00:00,187,78366.16,77678.09,DOWN,1
2026-08-30T23:15:00+00:00,15,K5,UP,2026-08-30T23:15:21.048991+00:00,22,78366.16,77678.09,DOWN,0
2026-08-30T23:20:00+00:00,5,?,UP,2026-08-30T23:23:19.204683+00:00,200,78367.49,77982.51,DOWN,0
2026-08-30T23:25:00+00:00,5,K2,UP,2026-08-30T23:25:21.047923+00:00,22,77982.52,77678.09,DOWN,0
2026-08-30T23:25:00+00:00,5,K7,UP,2026-08-30T23:25:21.047923+00:00,22,77982.52,77678.09,DOWN,0
2026-08-30T23:25:00+00:00,5,K14,UP,2026-08-30T23:25:21.047923+00:00,22,77982.52,77678.09,DOWN,0
2026-08-30T23:25:00+00:00,5,K1,UP,2026-08-30T23:25:21.047923+00:00,22,77982.52,77678.09,DOWN,0
2026-08-30T23:25:00+00:00,5,K6,UP,2026-08-30T23:25:21.047923+00:00,22,77982.52,77678.09,DOWN,0
2026-08-30T23:25:00+00:00,5,?,UP,2026-08-30T23:29:49.669602+00:00,290,77982.52,77678.09,DOWN,0
2026-08-30T23:25:00+00:00,5,K10,UP,2026-08-30T23:26:02.000669+00:00,63,77982.52,77678.09,DOWN,0
2026-08-30T23:25:00+00:00,5,K11,UP,2026-08-30T23:26:43.594365+00:00,104,77982.52,77678.09,DOWN,0
2026-08-30T23:25:00+00:00,5,K9,UP,2026-08-30T23:25:21.047923+00:00,22,77982.52,77678.09,DOWN,0
2026-08-30T23:25:00+00:00,5,K4,UP,2026-08-30T23:25:21.047923+00:00,22,77982.52,77678.09,DOWN,0
2026-08-30T23:25:00+00:00,5,K3,UP,2026-08-30T23:25:21.047923+00:00,22,77982.52,77678.09,DOWN,0
2026-08-30T23:25:00+00:00,5,K5,UP,2026-08-30T23:25:21.047923+00:00,22,77982.52,77678.09,DOWN,0
2026-08-30T23:25:00+00:00,5,K12,UP,2026-08-30T23:25:21.047923+00:00,22,77982.52,77678.09,DOWN,0
2026-08-30T23:30:00+00:00,5,K2,UP,2026-08-30T23:30:21.053286+00:00,22,77678.1,77759.37,UP,1
2026-08-30T23:30:00+00:00,5,K7,UP,2026-08-30T23:30:21.053286+00:00,22,77678.1,77759.37,UP,1
2026-08-30T23:30:00+00:00,5,K14,UP,2026-08-30T23:30:21.053286+00:00,22,77678.1,77759.37,UP,1
2026-08-30T23:30:00+00:00,5,K1,UP,2026-08-30T23:30:21.053286+00:00,22,77678.1,77759.37,UP,1
2026-08-30T23:30:00+00:00,5,K6,UP,2026-08-30T23:30:21.053286+00:00,22,77678.1,77759.37,UP,1
2026-08-30T23:30:00+00:00,5,K10,UP,2026-08-30T23:31:02.439883+00:00,63,77678.1,77759.37,UP,1
2026-08-30T23:30:00+00:00,5,K11,UP,2026-08-30T23:31:44.692640+00:00,105,77678.1,77759.37,UP,1
2026-08-30T23:30:00+00:00,5,K9,UP,2026-08-30T23:30:21.053286+00:00,22,77678.1,77759.37,UP,1
2026-08-30T23:30:00+00:00,5,K4,UP,2026-08-30T23:30:21.053286+00:00,22,77678.1,77759.37,UP,1
2026-08-30T23:30:00+00:00,5,K3,UP,2026-08-30T23:30:21.053286+00:00,22,77678.1,77759.37,UP,1
2026-08-30T23:30:00+00:00,5,K15,UP,2026-08-30T23:30:21.053286+00:00,22,77678.1,77759.37,UP,1
2026-08-30T23:30:00+00:00,5,K8,UP,2026-08-30T23:30:21.053286+00:00,22,77678.1,77759.37,UP,1
2026-08-30T23:30:00+00:00,5,K5,UP,2026-08-30T23:30:21.053286+00:00,22,77678.1,77759.37,UP,1
2026-08-30T23:30:00+00:00,5,K12,UP,2026-08-30T23:30:21.053286+00:00,22,77678.1,77759.37,UP,1
2026-08-30T23:30:00+00:00,15,K2,UP,2026-08-30T23:30:21.053286+00:00,22,77678.1,77476.77,DOWN,0
2026-08-30T23:30:00+00:00,15,K7,UP,2026-08-30T23:30:21.053286+00:00,22,77678.1,77476.77,DOWN,0
2026-08-30T23:30:00+00:00,15,K14,UP,2026-08-30T23:30:21.053286+00:00,22,77678.1,77476.77,DOWN,0
2026-08-30T23:30:00+00:00,15,K1,UP,2026-08-30T23:30:21.053286+00:00,22,77678.1,77476.77,DOWN,0
2026-08-30T23:30:00+00:00,15,K6,UP,2026-08-30T23:30:21.053286+00:00,22,77678.1,77476.77,DOWN,0
2026-08-30T23:30:00+00:00,15,?,UP,2026-08-30T23:39:18.757093+00:00,559,77678.1,77476.77,DOWN,0
2026-08-30T23:30:00+00:00,15,K9,UP,2026-08-30T23:30:21.053286+00:00,22,77678.1,77476.77,DOWN,0
2026-08-30T23:30:00+00:00,15,K4,UP,2026-08-30T23:30:21.053286+00:00,22,77678.1,77476.77,DOWN,0
2026-08-30T23:30:00+00:00,15,K3,UP,2026-08-30T23:30:21.053286+00:00,22,77678.1,77476.77,DOWN,0
2026-08-30T23:30:00+00:00,15,K15,UP,2026-08-30T23:30:21.053286+00:00,22,77678.1,77476.77,DOWN,0
2026-08-30T23:30:00+00:00,15,K8,UP,2026-08-30T23:30:21.053286+00:00,22,77678.1,77476.77,DOWN,0
2026-08-30T23:30:00+00:00,15,K5,UP,2026-08-30T23:30:21.053286+00:00,22,77678.1,77476.77,DOWN,0
2026-08-30T23:30:00+00:00,15,K12,UP,2026-08-30T23:30:21.053286+00:00,22,77678.1,77476.77,DOWN,0
2026-08-30T23:35:00+00:00,5,K2,UP,2026-08-30T23:35:21.080982+00:00,22,77759.37,77530.0,DOWN,0
2026-08-30T23:35:00+00:00,5,K7,UP,2026-08-30T23:35:21.080982+00:00,22,77759.37,77530.0,DOWN,0
2026-08-30T23:35:00+00:00,5,K14,UP,2026-08-30T23:35:21.080982+00:00,22,77759.37,77530.0,DOWN,0
2026-08-30T23:35:00+00:00,5,K1,UP,2026-08-30T23:35:21.080982+00:00,22,77759.37,77530.0,DOWN,0
2026-08-30T23:35:00+00:00,5,?,UP,2026-08-30T23:39:18.757093+00:00,259,77759.37,77530.0,DOWN,0
2026-08-30T23:35:00+00:00,5,K10,DOWN,2026-08-30T23:36:02.010423+00:00,63,77759.37,77530.0,DOWN,1
2026-08-30T23:35:00+00:00,5,K4,UP,2026-08-30T23:35:21.080982+00:00,22,77759.37,77530.0,DOWN,0
2026-08-30T23:35:00+00:00,5,K5,UP,2026-08-30T23:35:21.080982+00:00,22,77759.37,77530.0,DOWN,0
2026-08-30T23:35:00+00:00,5,K12,UP,2026-08-30T23:35:21.080982+00:00,22,77759.37,77530.0,DOWN,0
2026-08-30T23:40:00+00:00,5,K2,UP,2026-08-30T23:40:21.050392+00:00,22,77529.99,77476.77,DOWN,0
2026-08-30T23:40:00+00:00,5,K7,UP,2026-08-30T23:40:21.050392+00:00,22,77529.99,77476.77,DOWN,0
2026-08-30T23:40:00+00:00,5,K1,UP,2026-08-30T23:40:21.050392+00:00,22,77529.99,77476.77,DOWN,0
2026-08-30T23:40:00+00:00,5,K6,UP,2026-08-30T23:40:21.050392+00:00,22,77529.99,77476.77,DOWN,0
2026-08-30T23:40:00+00:00,5,?,DOWN,2026-08-30T23:43:41.102255+00:00,222,77529.99,77476.77,DOWN,1
2026-08-30T23:40:00+00:00,5,K11,DOWN,2026-08-30T23:41:42.902217+00:00,103,77529.99,77476.77,DOWN,1
2026-08-30T23:40:00+00:00,5,K9,UP,2026-08-30T23:40:21.050392+00:00,22,77529.99,77476.77,DOWN,0
2026-08-30T23:40:00+00:00,5,K4,UP,2026-08-30T23:40:21.050392+00:00,22,77529.99,77476.77,DOWN,0
2026-08-30T23:40:00+00:00,5,K3,UP,2026-08-30T23:40:21.050392+00:00,22,77529.99,77476.77,DOWN,0
2026-08-30T23:40:00+00:00,5,K8,UP,2026-08-30T23:40:21.050392+00:00,22,77529.99,77476.77,DOWN,0
2026-08-30T23:40:00+00:00,5,K5,UP,2026-08-30T23:40:21.050392+00:00,22,77529.99,77476.77,DOWN,0
2026-08-30T23:40:00+00:00,5,K12,UP,2026-08-30T23:40:21.050392+00:00,22,77529.99,77476.77,DOWN,0
2026-08-30T23:45:00+00:00,5,K2,UP,2026-08-30T23:45:21.055587+00:00,22,77476.78,77367.99,DOWN,0
2026-08-30T23:45:00+00:00,5,K7,UP,2026-08-30T23:45:21.055587+00:00,22,77476.78,77367.99,DOWN,0
2026-08-30T23:45:00+00:00,5,K1,UP,2026-08-30T23:45:21.055587+00:00,22,77476.78,77367.99,DOWN,0
2026-08-30T23:45:00+00:00,5,?,UP,2026-08-30T23:46:08.297740+00:00,69,77476.78,77367.99,DOWN,0
2026-08-30T23:45:00+00:00,5,K10,DOWN,2026-08-30T23:46:02.546003+00:00,63,77476.78,77367.99,DOWN,1
2026-08-30T23:45:00+00:00,5,K11,DOWN,2026-08-30T23:46:44.619859+00:00,105,77476.78,77367.99,DOWN,1
2026-08-30T23:45:00+00:00,5,K4,UP,2026-08-30T23:45:21.055587+00:00,22,77476.78,77367.99,DOWN,0
2026-08-30T23:45:00+00:00,5,K15,UP,2026-08-30T23:45:21.055587+00:00,22,77476.78,77367.99,DOWN,0
2026-08-30T23:45:00+00:00,5,K8,UP,2026-08-30T23:45:21.055587+00:00,22,77476.78,77367.99,DOWN,0
2026-08-30T23:45:00+00:00,5,K5,UP,2026-08-30T23:45:21.055587+00:00,22,77476.78,77367.99,DOWN,0
2026-08-30T23:45:00+00:00,5,K12,UP,2026-08-30T23:45:21.055587+00:00,22,77476.78,77367.99,DOWN,0
2026-08-30T23:45:00+00:00,15,K2,UP,2026-08-30T23:45:21.055587+00:00,22,77476.78,77682.0,UP,1
2026-08-30T23:45:00+00:00,15,K7,UP,2026-08-30T23:45:21.055587+00:00,22,77476.78,77682.0,UP,1
2026-08-30T23:45:00+00:00,15,K1,UP,2026-08-30T23:45:21.055587+00:00,22,77476.78,77682.0,UP,1
2026-08-30T23:45:00+00:00,15,K6,UP,2026-08-30T23:45:21.055587+00:00,22,77476.78,77682.0,UP,1
2026-08-30T23:45:00+00:00,15,?,UP,2026-08-30T23:46:08.297740+00:00,69,77476.78,77682.0,UP,1
2026-08-30T23:45:00+00:00,15,K10,DOWN,2026-08-30T23:48:05.841741+00:00,186,77476.78,77682.0,UP,0
2026-08-30T23:45:00+00:00,15,K11,DOWN,2026-08-30T23:50:01.008362+00:00,302,77476.78,77682.0,UP,0
2026-08-30T23:45:00+00:00,15,K9,UP,2026-08-30T23:45:21.055587+00:00,22,77476.78,77682.0,UP,1
2026-08-30T23:45:00+00:00,15,K4,UP,2026-08-30T23:45:21.055587+00:00,22,77476.78,77682.0,UP,1
2026-08-30T23:45:00+00:00,15,K3,UP,2026-08-30T23:45:21.055587+00:00,22,77476.78,77682.0,UP,1
2026-08-30T23:45:00+00:00,15,K15,UP,2026-08-30T23:45:21.055587+00:00,22,77476.78,77682.0,UP,1
2026-08-30T23:45:00+00:00,15,K8,UP,2026-08-30T23:45:21.055587+00:00,22,77476.78,77682.0,UP,1
2026-08-30T23:45:00+00:00,15,K5,UP,2026-08-30T23:45:21.055587+00:00,22,77476.78,77682.0,UP,1
2026-08-30T23:45:00+00:00,15,K12,UP,2026-08-30T23:45:21.055587+00:00,22,77476.78,77682.0,UP,1
2026-08-30T23:50:00+00:00,5,K2,UP,2026-08-30T23:50:21.391085+00:00,22,77368.0,77571.54,UP,1
2026-08-30T23:50:00+00:00,5,K7,UP,2026-08-30T23:50:21.391085+00:00,22,77368.0,77571.54,UP,1
2026-08-30T23:50:00+00:00,5,K14,UP,2026-08-30T23:50:21.391085+00:00,22,77368.0,77571.54,UP,1
2026-08-30T23:50:00+00:00,5,K1,UP,2026-08-30T23:50:21.391085+00:00,22,77368.0,77571.54,UP,1
2026-08-30T23:50:00+00:00,5,K6,UP,2026-08-30T23:50:21.391085+00:00,22,77368.0,77571.54,UP,1
2026-08-30T23:50:00+00:00,5,K10,UP,2026-08-30T23:51:02.684245+00:00,63,77368.0,77571.54,UP,1
2026-08-30T23:50:00+00:00,5,K11,UP,2026-08-30T23:52:04.805735+00:00,125,77368.0,77571.54,UP,1
2026-08-30T23:50:00+00:00,5,K9,UP,2026-08-30T23:50:21.391085+00:00,22,77368.0,77571.54,UP,1
2026-08-30T23:50:00+00:00,5,K4,UP,2026-08-30T23:50:21.391085+00:00,22,77368.0,77571.54,UP,1
2026-08-30T23:50:00+00:00,5,K3,UP,2026-08-30T23:50:21.391085+00:00,22,77368.0,77571.54,UP,1
2026-08-30T23:50:00+00:00,5,K15,UP,2026-08-30T23:50:21.391085+00:00,22,77368.0,77571.54,UP,1
2026-08-30T23:50:00+00:00,5,K12,UP,2026-08-30T23:50:21.391085+00:00,22,77368.0,77571.54,UP,1
2026-08-30T23:55:00+00:00,5,K14,UP,2026-08-30T23:55:21.050818+00:00,22,77571.54,77682.0,UP,1
2026-08-30T23:55:00+00:00,5,K11,UP,2026-08-30T23:56:44.051081+00:00,105,77571.54,77682.0,UP,1
2026-08-30T23:55:00+00:00,5,K9,DOWN,2026-08-30T23:55:21.050818+00:00,22,77571.54,77682.0,UP,0
2026-08-30T23:55:00+00:00,5,K4,DOWN,2026-08-30T23:55:21.050818+00:00,22,77571.54,77682.0,UP,0
2026-08-30T23:55:00+00:00,5,K12,UP,2026-08-30T23:55:21.050818+00:00,22,77571.54,77682.0,UP,1
2026-08-31T00:00:00+00:00,5,K10,DOWN,2026-08-31T00:01:03.765473+00:00,64,77682.0,77808.05,UP,0
2026-08-31T00:00:00+00:00,5,K9,DOWN,2026-08-31T00:00:01.015644+00:00,2,77682.0,77808.05,UP,0
2026-08-31T00:00:00+00:00,5,K4,DOWN,2026-08-31T00:00:01.015644+00:00,2,77682.0,77808.05,UP,0
2026-08-31T00:00:00+00:00,15,K2,UP,2026-08-31T00:00:01.015644+00:00,2,77682.0,77754.7,UP,1
2026-08-31T00:00:00+00:00,15,?,UP,2026-08-31T00:07:17.701879+00:00,438,77682.0,77754.7,UP,1
2026-08-31T00:00:00+00:00,15,K11,UP,2026-08-31T00:05:01.005271+00:00,302,77682.0,77754.7,UP,1
2026-08-31T00:00:00+00:00,15,K9,DOWN,2026-08-31T00:00:01.015644+00:00,2,77682.0,77754.7,UP,0
2026-08-31T00:00:00+00:00,15,K4,DOWN,2026-08-31T00:00:01.015644+00:00,2,77682.0,77754.7,UP,0
2026-08-31T00:00:00+00:00,15,K12,UP,2026-08-31T00:00:01.015644+00:00,2,77682.0,77754.7,UP,1
2026-08-31T00:05:00+00:00,5,K14,DOWN,2026-08-31T00:05:21.380589+00:00,22,77808.06,77437.58,DOWN,1
2026-08-31T00:05:00+00:00,5,?,UP,2026-08-31T00:07:17.701879+00:00,138,77808.06,77437.58,DOWN,0
2026-08-31T00:05:00+00:00,5,K10,DOWN,2026-08-31T00:06:02.672539+00:00,63,77808.06,77437.58,DOWN,1
2026-08-31T00:05:00+00:00,5,K11,DOWN,2026-08-31T00:06:44.198162+00:00,105,77808.06,77437.58,DOWN,1
2026-08-31T00:05:00+00:00,5,K9,DOWN,2026-08-31T00:05:21.380589+00:00,22,77808.06,77437.58,DOWN,1
2026-08-31T00:05:00+00:00,5,K4,DOWN,2026-08-31T00:05:21.380589+00:00,22,77808.06,77437.58,DOWN,1
2026-08-31T00:05:00+00:00,5,K15,DOWN,2026-08-31T00:05:21.380589+00:00,22,77808.06,77437.58,DOWN,1
2026-08-31T00:10:00+00:00,5,K10,UP,2026-08-31T00:11:01.871927+00:00,62,77437.57,77754.7,UP,1
2026-08-31T00:10:00+00:00,5,K11,UP,2026-08-31T00:11:43.322820+00:00,104,77437.57,77754.7,UP,1
2026-08-31T00:10:00+00:00,5,K9,UP,2026-08-31T00:10:21.049983+00:00,22,77437.57,77754.7,UP,1
2026-08-31T00:10:00+00:00,5,K4,UP,2026-08-31T00:10:21.049983+00:00,22,77437.57,77754.7,UP,1
2026-08-31T00:10:00+00:00,5,K15,UP,2026-08-31T00:10:21.049983+00:00,22,77437.57,77754.7,UP,1
2026-08-31T00:15:00+00:00,5,K10,UP,2026-08-31T00:16:02.903894+00:00,63,77754.71,77867.51,UP,1
2026-08-31T00:15:00+00:00,5,K11,UP,2026-08-31T00:16:45.333348+00:00,106,77754.71,77867.51,UP,1
2026-08-31T00:15:00+00:00,5,K9,DOWN,2026-08-31T00:15:21.063573+00:00,22,77754.71,77867.51,UP,0
2026-08-31T00:15:00+00:00,5,K4,DOWN,2026-08-31T00:15:21.063573+00:00,22,77754.71,77867.51,UP,0
2026-08-31T00:15:00+00:00,5,K15,DOWN,2026-08-31T00:15:21.063573+00:00,22,77754.71,77867.51,UP,0
2026-08-31T00:15:00+00:00,15,K2,UP,2026-08-31T00:15:21.063573+00:00,22,77754.71,77901.33,UP,1
2026-08-31T00:15:00+00:00,15,K10,UP,2026-08-31T00:18:06.321541+00:00,187,77754.71,77901.33,UP,1
2026-08-31T00:15:00+00:00,15,K11,UP,2026-08-31T00:20:01.005896+00:00,302,77754.71,77901.33,UP,1
2026-08-31T00:15:00+00:00,15,K15,DOWN,2026-08-31T00:15:21.063573+00:00,22,77754.71,77901.33,UP,0
2026-08-31T00:20:00+00:00,5,K10,UP,2026-08-31T00:21:02.703549+00:00,63,77867.5,77967.75,UP,1
2026-08-31T00:20:00+00:00,5,K9,DOWN,2026-08-31T00:20:21.383788+00:00,22,77867.5,77967.75,UP,0
2026-08-31T00:20:00+00:00,5,K4,DOWN,2026-08-31T00:20:21.383788+00:00,22,77867.5,77967.75,UP,0
2026-08-31T00:20:00+00:00,5,K15,DOWN,2026-08-31T00:20:21.383788+00:00,22,77867.5,77967.75,UP,0
2026-08-31T00:25:00+00:00,5,K9,DOWN,2026-08-31T00:25:21.050929+00:00,22,77967.74,77901.33,DOWN,1
2026-08-31T00:25:00+00:00,5,K4,DOWN,2026-08-31T00:25:21.050929+00:00,22,77967.74,77901.33,DOWN,1
2026-08-31T00:30:00+00:00,5,?,DOWN,2026-08-31T00:34:26.387938+00:00,267,77901.34,77952.26,UP,0
2026-08-31T00:30:00+00:00,15,?,DOWN,2026-08-31T00:34:26.387938+00:00,267,77901.34,78032.01,UP,0
2026-08-31T00:35:00+00:00,5,?,DOWN,2026-08-31T00:35:26.394648+00:00,27,77952.26,78012.48,UP,0
2026-08-31T00:35:00+00:00,5,K10,UP,2026-08-31T00:36:01.598777+00:00,62,77952.26,78012.48,UP,1
2026-08-31T00:35:00+00:00,5,K11,UP,2026-08-31T00:36:42.879591+00:00,103,77952.26,78012.48,UP,1
2026-08-31T00:45:00+00:00,15,K10,DOWN,2026-08-31T00:48:02.104208+00:00,183,78032.02,77937.04,DOWN,1
2026-08-31T00:50:00+00:00,5,K14,DOWN,2026-08-31T00:50:21.072798+00:00,22,77978.0,78023.99,UP,0
2026-08-31T00:50:00+00:00,5,K10,UP,2026-08-31T00:51:01.931190+00:00,62,77978.0,78023.99,UP,1
2026-08-31T00:55:00+00:00,5,K14,DOWN,2026-08-31T00:55:21.050876+00:00,22,78023.99,77937.04,DOWN,1
2026-08-31T01:00:00+00:00,5,?,DOWN,2026-08-31T01:00:26.676947+00:00,27,77937.03,77784.01,DOWN,1
2026-08-31T01:00:00+00:00,15,?,DOWN,2026-08-31T01:00:26.676947+00:00,27,77937.03,77660.16,DOWN,1
2026-08-31T01:00:00+00:00,15,K11,DOWN,2026-08-31T01:05:01.004379+00:00,302,77937.03,77660.16,DOWN,1
2026-08-31T01:05:00+00:00,5,?,DOWN,2026-08-31T01:07:47.864486+00:00,168,77784.01,77646.57,DOWN,1
2026-08-31T01:05:00+00:00,5,K9,UP,2026-08-31T01:05:21.452606+00:00,22,77784.01,77646.57,DOWN,0
2026-08-31T01:05:00+00:00,5,K4,UP,2026-08-31T01:05:21.452606+00:00,22,77784.01,77646.57,DOWN,0
2026-08-31T01:10:00+00:00,5,K14,UP,2026-08-31T01:10:21.053655+00:00,22,77646.57,77660.16,UP,1
2026-08-31T01:10:00+00:00,5,?,DOWN,2026-08-31T01:12:40.262433+00:00,161,77646.57,77660.16,UP,0
2026-08-31T01:10:00+00:00,5,K9,UP,2026-08-31T01:10:21.053655+00:00,22,77646.57,77660.16,UP,1
2026-08-31T01:10:00+00:00,5,K4,UP,2026-08-31T01:10:21.053655+00:00,22,77646.57,77660.16,UP,1
2026-08-31T01:15:00+00:00,5,K10,DOWN,2026-08-31T01:16:02.407907+00:00,63,77660.17,77778.45,UP,0
2026-08-31T01:15:00+00:00,15,K11,UP,2026-08-31T01:20:01.006065+00:00,302,77660.17,77775.26,UP,1
2026-08-31T01:15:00+00:00,15,K9,UP,2026-08-31T01:15:21.048417+00:00,22,77660.17,77775.26,UP,1
2026-08-31T01:15:00+00:00,15,K4,UP,2026-08-31T01:15:21.048417+00:00,22,77660.17,77775.26,UP,1
2026-08-31T01:20:00+00:00,5,K11,DOWN,2026-08-31T01:21:43.630042+00:00,104,77778.45,77846.0,UP,0
2026-08-31T01:20:00+00:00,5,K9,DOWN,2026-08-31T01:20:21.445348+00:00,22,77778.45,77846.0,UP,0
2026-08-31T01:20:00+00:00,5,K4,DOWN,2026-08-31T01:20:21.445348+00:00,22,77778.45,77846.0,UP,0
2026-08-31T01:30:00+00:00,5,?,DOWN,2026-08-31T01:32:05.997870+00:00,126,77775.27,77723.99,DOWN,1
2026-08-31T01:30:00+00:00,15,?,DOWN,2026-08-31T01:32:05.997870+00:00,126,77775.27,77750.0,DOWN,1
2026-08-31T01:35:00+00:00,5,?,UP,2026-08-31T01:36:09.567744+00:00,70,77723.99,77855.49,UP,1
2026-08-31T01:40:00+00:00,5,K9,DOWN,2026-08-31T01:40:21.047366+00:00,22,77855.49,77750.0,DOWN,1
2026-08-31T01:40:00+00:00,5,K4,DOWN,2026-08-31T01:40:21.047366+00:00,22,77855.49,77750.0,DOWN,1
2026-08-31T01:45:00+00:00,5,K10,UP,2026-08-31T01:46:01.861157+00:00,62,77749.99,77772.0,UP,1
2026-08-31T01:45:00+00:00,5,K9,UP,2026-08-31T01:45:21.047634+00:00,22,77749.99,77772.0,UP,1
2026-08-31T01:45:00+00:00,5,K4,UP,2026-08-31T01:45:21.047634+00:00,22,77749.99,77772.0,UP,1
2026-08-31T01:45:00+00:00,15,?,UP,2026-08-31T01:53:02.327322+00:00,483,77749.99,77640.94,DOWN,0
2026-08-31T01:50:00+00:00,5,?,UP,2026-08-31T01:53:02.327322+00:00,183,77772.0,77702.0,DOWN,0
2026-08-31T01:55:00+00:00,5,?,UP,2026-08-31T01:59:05.090493+00:00,246,77702.01,77640.94,DOWN,0
2026-08-31T02:00:00+00:00,5,K14,UP,2026-08-31T02:00:21.047071+00:00,22,77640.93,77651.99,UP,1
2026-08-31T02:00:00+00:00,5,?,DOWN,2026-08-31T02:00:44.614326+00:00,45,77640.93,77651.99,UP,0
2026-08-31T02:00:00+00:00,5,K10,DOWN,2026-08-31T02:01:02.534147+00:00,63,77640.93,77651.99,UP,0
2026-08-31T02:00:00+00:00,5,K5,UP,2026-08-31T02:00:21.047071+00:00,22,77640.93,77651.99,UP,1
2026-08-31T02:00:00+00:00,15,K14,UP,2026-08-31T02:00:21.047071+00:00,22,77640.93,77952.8,UP,1
2026-08-31T02:00:00+00:00,15,?,DOWN,2026-08-31T02:00:44.614326+00:00,45,77640.93,77952.8,UP,0
2026-08-31T02:05:00+00:00,5,K10,UP,2026-08-31T02:06:01.944627+00:00,62,77652.0,77734.0,UP,1
2026-08-31T02:05:00+00:00,5,K11,UP,2026-08-31T02:06:43.352404+00:00,104,77652.0,77734.0,UP,1
2026-08-31T02:05:00+00:00,5,K5,UP,2026-08-31T02:05:21.075684+00:00,22,77652.0,77734.0,UP,1
2026-08-31T02:10:00+00:00,5,K14,DOWN,2026-08-31T02:10:21.047479+00:00,22,77734.0,77952.8,UP,0
2026-08-31T02:10:00+00:00,5,K10,UP,2026-08-31T02:11:02.047855+00:00,63,77734.0,77952.8,UP,1
2026-08-31T02:10:00+00:00,5,K11,UP,2026-08-31T02:11:43.657985+00:00,104,77734.0,77952.8,UP,1
2026-08-31T02:15:00+00:00,5,K14,DOWN,2026-08-31T02:15:21.048198+00:00,22,77952.81,77856.0,DOWN,1
2026-08-31T02:15:00+00:00,5,?,UP,2026-08-31T02:17:51.898035+00:00,172,77952.81,77856.0,DOWN,0
2026-08-31T02:15:00+00:00,5,K9,DOWN,2026-08-31T02:15:21.048198+00:00,22,77952.81,77856.0,DOWN,1
2026-08-31T02:15:00+00:00,5,K4,DOWN,2026-08-31T02:15:21.048198+00:00,22,77952.81,77856.0,DOWN,1
2026-08-31T02:15:00+00:00,15,K14,DOWN,2026-08-31T02:15:21.048198+00:00,22,77952.81,77875.05,DOWN,1
2026-08-31T02:15:00+00:00,15,?,UP,2026-08-31T02:17:51.898035+00:00,172,77952.81,77875.05,DOWN,0
2026-08-31T02:15:00+00:00,15,K9,DOWN,2026-08-31T02:15:21.048198+00:00,22,77952.81,77875.05,DOWN,1
2026-08-31T02:15:00+00:00,15,K4,DOWN,2026-08-31T02:15:21.048198+00:00,22,77952.81,77875.05,DOWN,1
2026-08-31T02:20:00+00:00,5,?,DOWN,2026-08-31T02:20:28.345635+00:00,29,77856.0,77832.0,DOWN,1
2026-08-31T02:20:00+00:00,5,K9,UP,2026-08-31T02:20:01.005497+00:00,2,77856.0,77832.0,DOWN,0
2026-08-31T02:20:00+00:00,5,K4,UP,2026-08-31T02:20:01.005497+00:00,2,77856.0,77832.0,DOWN,0
2026-08-31T02:20:00+00:00,5,K15,DOWN,2026-08-31T02:20:01.005497+00:00,2,77856.0,77832.0,DOWN,1
2026-08-31T02:25:00+00:00,5,K14,DOWN,2026-08-31T02:25:21.048500+00:00,22,77832.01,77875.05,UP,0
2026-08-31T02:25:00+00:00,5,K15,DOWN,2026-08-31T02:26:22.595940+00:00,83,77832.01,77875.05,UP,0
2026-08-31T02:30:00+00:00,5,K14,DOWN,2026-08-31T02:30:21.049158+00:00,22,77875.05,77848.71,DOWN,1
2026-08-31T02:30:00+00:00,15,K14,DOWN,2026-08-31T02:30:21.049158+00:00,22,77875.05,77716.42,DOWN,1
2026-08-31T02:35:00+00:00,5,K14,DOWN,2026-08-31T02:35:21.074956+00:00,22,77848.72,77766.03,DOWN,1
2026-08-31T02:35:00+00:00,5,K10,DOWN,2026-08-31T02:36:01.963900+00:00,62,77848.72,77766.03,DOWN,1
2026-08-31T02:35:00+00:00,5,K11,DOWN,2026-08-31T02:36:43.499938+00:00,104,77848.72,77766.03,DOWN,1
2026-08-31T02:40:00+00:00,5,K14,DOWN,2026-08-31T02:40:21.047963+00:00,22,77766.03,77716.42,DOWN,1
2026-08-31T02:45:00+00:00,5,?,UP,2026-08-31T02:47:23.014409+00:00,144,77716.42,77609.79,DOWN,0
2026-08-31T02:45:00+00:00,15,?,UP,2026-08-31T02:47:23.014409+00:00,144,77716.42,77473.99,DOWN,0
2026-08-31T02:45:00+00:00,15,K11,DOWN,2026-08-31T02:50:01.004471+00:00,302,77716.42,77473.99,DOWN,1
2026-08-31T02:45:00+00:00,15,K9,UP,2026-08-31T02:45:21.047780+00:00,22,77716.42,77473.99,DOWN,0
2026-08-31T02:45:00+00:00,15,K4,UP,2026-08-31T02:45:21.047780+00:00,22,77716.42,77473.99,DOWN,0
2026-08-31T02:50:00+00:00,5,K2,UP,2026-08-31T02:50:21.404360+00:00,22,77609.8,77435.88,DOWN,0
2026-08-31T02:50:00+00:00,5,K14,UP,2026-08-31T02:50:21.404360+00:00,22,77609.8,77435.88,DOWN,0
2026-08-31T02:50:00+00:00,5,?,DOWN,2026-08-31T02:50:19.312429+00:00,20,77609.8,77435.88,DOWN,1
2026-08-31T02:50:00+00:00,5,K10,DOWN,2026-08-31T02:51:03.061189+00:00,64,77609.8,77435.88,DOWN,1
2026-08-31T02:50:00+00:00,5,K11,DOWN,2026-08-31T02:51:44.571819+00:00,105,77609.8,77435.88,DOWN,1
2026-08-31T02:50:00+00:00,5,K9,UP,2026-08-31T02:50:21.404360+00:00,22,77609.8,77435.88,DOWN,0
2026-08-31T02:50:00+00:00,5,K4,UP,2026-08-31T02:50:21.404360+00:00,22,77609.8,77435.88,DOWN,0
2026-08-31T02:50:00+00:00,5,K16,UP,2026-08-31T02:50:21.404360+00:00,22,77609.8,77435.88,DOWN,0
2026-08-31T02:50:00+00:00,5,K5,UP,2026-08-31T02:50:21.404360+00:00,22,77609.8,77435.88,DOWN,0
2026-08-31T02:55:00+00:00,5,K2,UP,2026-08-31T02:55:21.050015+00:00,22,77435.88,77473.99,UP,1
2026-08-31T02:55:00+00:00,5,K7,UP,2026-08-31T02:55:21.050015+00:00,22,77435.88,77473.99,UP,1
2026-08-31T02:55:00+00:00,5,K14,UP,2026-08-31T02:55:21.050015+00:00,22,77435.88,77473.99,UP,1
2026-08-31T02:55:00+00:00,5,K1,UP,2026-08-31T02:55:21.050015+00:00,22,77435.88,77473.99,UP,1
2026-08-31T02:55:00+00:00,5,?,UP,2026-08-31T02:55:35.639306+00:00,36,77435.88,77473.99,UP,1
2026-08-31T02:55:00+00:00,5,K9,UP,2026-08-31T02:55:21.050015+00:00,22,77435.88,77473.99,UP,1
2026-08-31T02:55:00+00:00,5,K4,UP,2026-08-31T02:55:21.050015+00:00,22,77435.88,77473.99,UP,1
2026-08-31T02:55:00+00:00,5,K3,UP,2026-08-31T02:55:21.050015+00:00,22,77435.88,77473.99,UP,1
2026-08-31T02:55:00+00:00,5,K16,UP,2026-08-31T02:55:21.050015+00:00,22,77435.88,77473.99,UP,1
2026-08-31T02:55:00+00:00,5,K8,UP,2026-08-31T02:55:21.050015+00:00,22,77435.88,77473.99,UP,1
2026-08-31T02:55:00+00:00,5,K5,UP,2026-08-31T02:55:21.050015+00:00,22,77435.88,77473.99,UP,1
2026-08-31T03:00:00+00:00,5,K2,UP,2026-08-31T03:00:21.060299+00:00,22,77474.0,77550.19,UP,1
2026-08-31T03:00:00+00:00,5,K7,UP,2026-08-31T03:00:21.060299+00:00,22,77474.0,77550.19,UP,1
2026-08-31T03:00:00+00:00,5,K14,UP,2026-08-31T03:00:21.060299+00:00,22,77474.0,77550.19,UP,1
2026-08-31T03:00:00+00:00,5,K10,DOWN,2026-08-31T03:01:02.412138+00:00,63,77474.0,77550.19,UP,0
2026-08-31T03:00:00+00:00,5,K4,UP,2026-08-31T03:00:21.060299+00:00,22,77474.0,77550.19,UP,1
2026-08-31T03:00:00+00:00,5,K16,UP,2026-08-31T03:00:21.060299+00:00,22,77474.0,77550.19,UP,1
2026-08-31T03:00:00+00:00,5,K5,UP,2026-08-31T03:00:21.060299+00:00,22,77474.0,77550.19,UP,1
2026-08-31T03:00:00+00:00,15,K14,UP,2026-08-31T03:00:21.060299+00:00,22,77474.0,77658.01,UP,1
2026-08-31T03:00:00+00:00,15,?,UP,2026-08-31T03:11:35.710398+00:00,696,77474.0,77658.01,UP,1
2026-08-31T03:00:00+00:00,15,K9,UP,2026-08-31T03:00:21.060299+00:00,22,77474.0,77658.01,UP,1
2026-08-31T03:00:00+00:00,15,K4,UP,2026-08-31T03:00:21.060299+00:00,22,77474.0,77658.01,UP,1
2026-08-31T03:00:00+00:00,15,K16,UP,2026-08-31T03:00:21.060299+00:00,22,77474.0,77658.01,UP,1
2026-08-31T03:10:00+00:00,5,?,UP,2026-08-31T03:11:35.710398+00:00,96,77615.99,77658.01,UP,1
2026-08-31T03:15:00+00:00,15,?,UP,2026-08-31T03:27:24.231364+00:00,745,77658.0,77731.11,UP,1
2026-08-31T03:15:00+00:00,15,K9,DOWN,2026-08-31T03:15:21.048982+00:00,22,77658.0,77731.11,UP,0
2026-08-31T03:15:00+00:00,15,K4,DOWN,2026-08-31T03:15:21.048982+00:00,22,77658.0,77731.11,UP,0
2026-08-31T03:20:00+00:00,5,K10,UP,2026-08-31T03:21:01.332658+00:00,62,77590.01,77756.5,UP,1
2026-08-31T03:20:00+00:00,5,K11,UP,2026-08-31T03:21:42.345038+00:00,103,77590.01,77756.5,UP,1
2026-08-31T03:25:00+00:00,5,?,UP,2026-08-31T03:27:24.231364+00:00,145,77756.5,77731.11,DOWN,0
2026-08-31T03:25:00+00:00,5,K9,DOWN,2026-08-31T03:25:01.004857+00:00,2,77756.5,77731.11,DOWN,1
2026-08-31T03:25:00+00:00,5,K4,DOWN,2026-08-31T03:25:01.004857+00:00,2,77756.5,77731.11,DOWN,1
2026-08-31T03:30:00+00:00,5,?,DOWN,2026-08-31T03:30:04.674580+00:00,5,77731.1,77699.1,DOWN,1
2026-08-31T03:30:00+00:00,15,?,DOWN,2026-08-31T03:30:04.674580+00:00,5,77731.1,77818.31,UP,0
2026-08-31T03:35:00+00:00,5,K15,DOWN,2026-08-31T03:35:21.075815+00:00,22,77699.1,77783.78,UP,0
2026-08-31T03:40:00+00:00,5,?,DOWN,2026-08-31T03:43:08.575648+00:00,189,77783.78,77818.31,UP,0
2026-08-31T03:45:00+00:00,5,?,DOWN,2026-08-31T03:45:51.730451+00:00,52,77818.31,77834.01,UP,0
2026-08-31T03:45:00+00:00,15,?,DOWN,2026-08-31T03:45:51.730451+00:00,52,77818.31,77756.71,DOWN,1
2026-08-31T03:55:00+00:00,5,?,UP,2026-08-31T03:55:43.888329+00:00,44,77786.27,77756.71,DOWN,0
2026-08-31T04:00:00+00:00,5,?,UP,2026-08-31T04:00:55.183507+00:00,56,77756.7,77601.14,DOWN,0
2026-08-31T04:00:00+00:00,15,?,UP,2026-08-31T04:00:55.183507+00:00,56,77756.7,77590.42,DOWN,0
2026-08-31T04:00:00+00:00,15,K10,DOWN,2026-08-31T04:03:02.082545+00:00,183,77756.7,77590.42,DOWN,1
2026-08-31T04:00:00+00:00,15,K11,DOWN,2026-08-31T04:05:01.004341+00:00,302,77756.7,77590.42,DOWN,1
2026-08-31T04:05:00+00:00,5,K14,UP,2026-08-31T04:05:21.407492+00:00,22,77601.14,77626.01,UP,1
2026-08-31T04:05:00+00:00,5,K11,UP,2026-08-31T04:07:03.916273+00:00,124,77601.14,77626.01,UP,1
2026-08-31T04:05:00+00:00,5,K9,UP,2026-08-31T04:05:21.407492+00:00,22,77601.14,77626.01,UP,1
2026-08-31T04:05:00+00:00,5,K4,UP,2026-08-31T04:05:21.407492+00:00,22,77601.14,77626.01,UP,1
2026-08-31T04:10:00+00:00,5,K14,UP,2026-08-31T04:10:21.048638+00:00,22,77626.0,77590.42,DOWN,0
2026-08-31T04:10:00+00:00,5,?,UP,2026-08-31T04:11:28.536066+00:00,89,77626.0,77590.42,DOWN,0
2026-08-31T04:15:00+00:00,5,K14,UP,2026-08-31T04:15:21.048649+00:00,22,77590.42,77526.28,DOWN,0
2026-08-31T04:15:00+00:00,5,?,DOWN,2026-08-31T04:15:49.321546+00:00,50,77590.42,77526.28,DOWN,1
2026-08-31T04:15:00+00:00,15,K14,UP,2026-08-31T04:15:21.048649+00:00,22,77590.42,77514.01,DOWN,0
2026-08-31T04:15:00+00:00,15,?,DOWN,2026-08-31T04:15:49.321546+00:00,50,77590.42,77514.01,DOWN,1
2026-08-31T04:15:00+00:00,15,K9,UP,2026-08-31T04:15:21.048649+00:00,22,77590.42,77514.01,DOWN,0
2026-08-31T04:15:00+00:00,15,K4,UP,2026-08-31T04:15:21.048649+00:00,22,77590.42,77514.01,DOWN,0
2026-08-31T04:25:00+00:00,5,?,DOWN,2026-08-31T04:25:22.100998+00:00,23,77522.58,77514.01,DOWN,1
2026-08-31T04:30:00+00:00,5,?,UP,2026-08-31T04:33:42.415131+00:00,223,77514.0,77479.99,DOWN,0
2026-08-31T04:30:00+00:00,15,?,UP,2026-08-31T04:33:42.415131+00:00,223,77514.0,77568.0,UP,1
2026-08-31T04:35:00+00:00,5,?,DOWN,2026-08-31T04:39:45.894569+00:00,286,77480.0,77583.01,UP,0
2026-08-31T04:35:00+00:00,5,K5,UP,2026-08-31T04:35:21.075360+00:00,22,77480.0,77583.01,UP,1
2026-08-31T04:40:00+00:00,5,?,DOWN,2026-08-31T04:44:35.033676+00:00,276,77583.01,77568.0,DOWN,1
2026-08-31T04:40:00+00:00,5,K10,DOWN,2026-08-31T04:41:02.172702+00:00,63,77583.01,77568.0,DOWN,1
2026-08-31T04:40:00+00:00,5,K11,DOWN,2026-08-31T04:41:43.668109+00:00,104,77583.01,77568.0,DOWN,1
2026-08-31T04:40:00+00:00,5,K9,DOWN,2026-08-31T04:40:21.048200+00:00,22,77583.01,77568.0,DOWN,1
2026-08-31T04:40:00+00:00,5,K4,DOWN,2026-08-31T04:40:21.048200+00:00,22,77583.01,77568.0,DOWN,1
2026-08-31T04:45:00+00:00,5,K14,DOWN,2026-08-31T04:45:21.049306+00:00,22,77568.0,77489.62,DOWN,1
2026-08-31T04:45:00+00:00,15,K14,DOWN,2026-08-31T04:45:21.049306+00:00,22,77568.0,77622.28,UP,0
2026-08-31T04:45:00+00:00,15,?,DOWN,2026-08-31T04:56:28.493845+00:00,689,77568.0,77622.28,UP,0
2026-08-31T04:50:00+00:00,5,K14,DOWN,2026-08-31T04:50:21.079214+00:00,22,77489.62,77624.56,UP,0
2026-08-31T04:50:00+00:00,5,K8,UP,2026-08-31T04:50:21.079214+00:00,22,77489.62,77624.56,UP,1
2026-08-31T04:50:00+00:00,5,K5,UP,2026-08-31T04:50:21.079214+00:00,22,77489.62,77624.56,UP,1
2026-08-31T04:55:00+00:00,5,K14,DOWN,2026-08-31T04:55:21.048636+00:00,22,77624.56,77622.28,DOWN,1
2026-08-31T04:55:00+00:00,5,?,DOWN,2026-08-31T04:56:28.493845+00:00,89,77624.56,77622.28,DOWN,1
2026-08-31T04:55:00+00:00,5,K9,DOWN,2026-08-31T04:55:21.048636+00:00,22,77624.56,77622.28,DOWN,1
2026-08-31T04:55:00+00:00,5,K4,DOWN,2026-08-31T04:55:21.048636+00:00,22,77624.56,77622.28,DOWN,1
2026-08-31T05:00:00+00:00,5,K14,DOWN,2026-08-31T05:00:21.049348+00:00,22,77622.29,77656.91,UP,0
2026-08-31T05:00:00+00:00,5,?,DOWN,2026-08-31T05:02:56.794127+00:00,177,77622.29,77656.91,UP,0
2026-08-31T05:00:00+00:00,5,K11,DOWN,2026-08-31T05:02:04.266439+00:00,125,77622.29,77656.91,UP,0
2026-08-31T05:00:00+00:00,15,K14,DOWN,2026-08-31T05:00:21.049348+00:00,22,77622.29,77762.0,UP,0
2026-08-31T05:00:00+00:00,15,?,DOWN,2026-08-31T05:02:56.794127+00:00,177,77622.29,77762.0,UP,0
2026-08-31T05:10:00+00:00,5,?,UP,2026-08-31T05:10:18.379556+00:00,19,77648.78,77762.0,UP,1
2026-08-31T05:15:00+00:00,5,?,DOWN,2026-08-31T05:16:50.067006+00:00,111,77762.0,78032.99,UP,0
2026-08-31T05:15:00+00:00,5,K11,UP,2026-08-31T05:17:03.180932+00:00,124,77762.0,78032.99,UP,1
2026-08-31T05:15:00+00:00,5,K9,DOWN,2026-08-31T05:15:21.049244+00:00,22,77762.0,78032.99,UP,0
2026-08-31T05:15:00+00:00,5,K4,DOWN,2026-08-31T05:15:21.049244+00:00,22,77762.0,78032.99,UP,0
2026-08-31T05:15:00+00:00,15,?,DOWN,2026-08-31T05:16:50.067006+00:00,111,77762.0,77998.84,UP,0
2026-08-31T05:15:00+00:00,15,K11,UP,2026-08-31T05:20:01.005421+00:00,302,77762.0,77998.84,UP,1
2026-08-31T05:20:00+00:00,5,K2,DOWN,2026-08-31T05:20:21.438754+00:00,22,78032.99,78089.81,UP,0
2026-08-31T05:20:00+00:00,5,K7,DOWN,2026-08-31T05:20:21.438754+00:00,22,78032.99,78089.81,UP,0
2026-08-31T05:20:00+00:00,5,K14,DOWN,2026-08-31T05:20:21.438754+00:00,22,78032.99,78089.81,UP,0
2026-08-31T05:20:00+00:00,5,K1,DOWN,2026-08-31T05:20:21.438754+00:00,22,78032.99,78089.81,UP,0
2026-08-31T05:20:00+00:00,5,?,DOWN,2026-08-31T05:20:43.551540+00:00,44,78032.99,78089.81,UP,0
2026-08-31T05:20:00+00:00,5,K11,DOWN,2026-08-31T05:21:43.611711+00:00,104,78032.99,78089.81,UP,0
2026-08-31T05:20:00+00:00,5,K9,DOWN,2026-08-31T05:20:21.438754+00:00,22,78032.99,78089.81,UP,0
2026-08-31T05:20:00+00:00,5,K4,DOWN,2026-08-31T05:20:21.438754+00:00,22,78032.99,78089.81,UP,0
2026-08-31T05:20:00+00:00,5,K3,DOWN,2026-08-31T05:20:21.438754+00:00,22,78032.99,78089.81,UP,0
2026-08-31T05:20:00+00:00,5,K8,DOWN,2026-08-31T05:20:21.438754+00:00,22,78032.99,78089.81,UP,0
2026-08-31T05:20:00+00:00,5,K5,DOWN,2026-08-31T05:20:21.438754+00:00,22,78032.99,78089.81,UP,0
2026-08-31T05:25:00+00:00,5,K2,DOWN,2026-08-31T05:25:21.052997+00:00,22,78089.81,77998.84,DOWN,1
2026-08-31T05:25:00+00:00,5,K7,DOWN,2026-08-31T05:25:21.052997+00:00,22,78089.81,77998.84,DOWN,1
2026-08-31T05:25:00+00:00,5,K14,DOWN,2026-08-31T05:25:21.052997+00:00,22,78089.81,77998.84,DOWN,1
2026-08-31T05:25:00+00:00,5,K1,DOWN,2026-08-31T05:25:21.052997+00:00,22,78089.81,77998.84,DOWN,1
2026-08-31T05:25:00+00:00,5,?,UP,2026-08-31T05:27:18.772404+00:00,139,78089.81,77998.84,DOWN,0
2026-08-31T05:25:00+00:00,5,K4,DOWN,2026-08-31T05:25:21.052997+00:00,22,78089.81,77998.84,DOWN,1
2026-08-31T05:25:00+00:00,5,K15,DOWN,2026-08-31T05:25:21.052997+00:00,22,78089.81,77998.84,DOWN,1
2026-08-31T05:25:00+00:00,5,K8,DOWN,2026-08-31T05:25:21.052997+00:00,22,78089.81,77998.84,DOWN,1
2026-08-31T05:25:00+00:00,5,K5,DOWN,2026-08-31T05:25:21.052997+00:00,22,78089.81,77998.84,DOWN,1
2026-08-31T05:25:00+00:00,5,K12,DOWN,2026-08-31T05:25:21.052997+00:00,22,78089.81,77998.84,DOWN,1
2026-08-31T05:30:00+00:00,5,K2,DOWN,2026-08-31T05:30:21.051284+00:00,22,77998.83,78060.98,UP,0
2026-08-31T05:30:00+00:00,5,K14,DOWN,2026-08-31T05:30:21.051284+00:00,22,77998.83,78060.98,UP,0
2026-08-31T05:30:00+00:00,5,K15,DOWN,2026-08-31T05:30:21.051284+00:00,22,77998.83,78060.98,UP,0
2026-08-31T05:30:00+00:00,15,K2,DOWN,2026-08-31T05:30:21.051284+00:00,22,77998.83,77974.02,DOWN,1
2026-08-31T05:30:00+00:00,15,K14,DOWN,2026-08-31T05:30:21.051284+00:00,22,77998.83,77974.02,DOWN,1
2026-08-31T05:30:00+00:00,15,?,DOWN,2026-08-31T05:36:31.902461+00:00,392,77998.83,77974.02,DOWN,1
2026-08-31T05:30:00+00:00,15,K9,DOWN,2026-08-31T05:30:21.051284+00:00,22,77998.83,77974.02,DOWN,1
2026-08-31T05:30:00+00:00,15,K4,DOWN,2026-08-31T05:30:21.051284+00:00,22,77998.83,77974.02,DOWN,1
2026-08-31T05:30:00+00:00,15,K15,DOWN,2026-08-31T05:30:21.051284+00:00,22,77998.83,77974.02,DOWN,1
2026-08-31T05:35:00+00:00,5,K2,DOWN,2026-08-31T05:35:21.076069+00:00,22,78060.97,77890.0,DOWN,1
2026-08-31T05:35:00+00:00,5,?,DOWN,2026-08-31T05:36:31.902461+00:00,92,78060.97,77890.0,DOWN,1
2026-08-31T05:35:00+00:00,5,K10,DOWN,2026-08-31T05:36:02.033041+00:00,63,78060.97,77890.0,DOWN,1
2026-08-31T05:35:00+00:00,5,K11,DOWN,2026-08-31T05:36:43.734099+00:00,104,78060.97,77890.0,DOWN,1
2026-08-31T05:35:00+00:00,5,K15,DOWN,2026-08-31T05:35:21.076069+00:00,22,78060.97,77890.0,DOWN,1
2026-08-31T05:35:00+00:00,5,K5,DOWN,2026-08-31T05:35:21.076069+00:00,22,78060.97,77890.0,DOWN,1
2026-08-31T05:40:00+00:00,5,K11,UP,2026-08-31T05:41:43.537487+00:00,104,77889.99,77974.02,UP,1
2026-08-31T05:40:00+00:00,5,K9,UP,2026-08-31T05:40:21.050813+00:00,22,77889.99,77974.02,UP,1
2026-08-31T05:40:00+00:00,5,K4,UP,2026-08-31T05:40:21.050813+00:00,22,77889.99,77974.02,UP,1
2026-08-31T05:40:00+00:00,5,K15,UP,2026-08-31T05:40:21.050813+00:00,22,77889.99,77974.02,UP,1
2026-08-31T05:45:00+00:00,5,K14,DOWN,2026-08-31T05:45:21.050970+00:00,22,77974.01,78014.91,UP,0
2026-08-31T05:45:00+00:00,15,K2,DOWN,2026-08-31T05:45:21.050970+00:00,22,77974.01,78016.0,UP,0
2026-08-31T05:45:00+00:00,15,K14,DOWN,2026-08-31T05:45:21.050970+00:00,22,77974.01,78016.0,UP,0
2026-08-31T05:45:00+00:00,15,?,DOWN,2026-08-31T05:52:15.941276+00:00,436,77974.01,78016.0,UP,0
2026-08-31T05:50:00+00:00,5,?,DOWN,2026-08-31T05:52:15.941276+00:00,136,78014.9,78004.12,DOWN,1
2026-08-31T05:55:00+00:00,5,?,DOWN,2026-08-31T05:59:02.101369+00:00,243,78004.12,78016.0,UP,0
2026-08-31T06:00:00+00:00,5,?,UP,2026-08-31T06:00:44.004325+00:00,45,78016.01,78046.85,UP,1
2026-08-31T06:00:00+00:00,15,K2,DOWN,2026-08-31T06:00:21.056362+00:00,22,78016.01,78023.13,UP,0
2026-08-31T06:00:00+00:00,15,?,UP,2026-08-31T06:00:44.004325+00:00,45,78016.01,78023.13,UP,1
2026-08-31T06:00:00+00:00,15,K5,DOWN,2026-08-31T06:00:21.056362+00:00,22,78016.01,78023.13,UP,0
2026-08-31T06:05:00+00:00,5,?,UP,2026-08-31T06:06:44.519481+00:00,105,78046.85,77972.0,DOWN,0
2026-08-31T06:05:00+00:00,5,K11,DOWN,2026-08-31T06:07:03.197752+00:00,124,78046.85,77972.0,DOWN,1
2026-08-31T06:05:00+00:00,5,K5,DOWN,2026-08-31T06:05:21.077654+00:00,22,78046.85,77972.0,DOWN,1
2026-08-31T06:15:00+00:00,5,K10,UP,2026-08-31T06:16:02.472362+00:00,63,78023.13,78112.03,UP,1
2026-08-31T06:15:00+00:00,5,K11,UP,2026-08-31T06:16:44.718851+00:00,105,78023.13,78112.03,UP,1
2026-08-31T06:15:00+00:00,5,K15,DOWN,2026-08-31T06:15:21.049815+00:00,22,78023.13,78112.03,UP,0
2026-08-31T06:15:00+00:00,5,K5,DOWN,2026-08-31T06:15:21.049815+00:00,22,78023.13,78112.03,UP,0
2026-08-31T06:15:00+00:00,15,K2,DOWN,2026-08-31T06:15:21.049815+00:00,22,78023.13,78007.99,DOWN,1
2026-08-31T06:15:00+00:00,15,?,DOWN,2026-08-31T06:21:55.050537+00:00,416,78023.13,78007.99,DOWN,1
2026-08-31T06:15:00+00:00,15,K15,DOWN,2026-08-31T06:15:21.049815+00:00,22,78023.13,78007.99,DOWN,1
2026-08-31T06:15:00+00:00,15,K5,DOWN,2026-08-31T06:15:21.049815+00:00,22,78023.13,78007.99,DOWN,1
2026-08-31T06:20:00+00:00,5,?,DOWN,2026-08-31T06:21:55.050537+00:00,116,78112.02,77990.0,DOWN,1
2026-08-31T06:20:00+00:00,5,K10,DOWN,2026-08-31T06:21:02.004950+00:00,63,78112.02,77990.0,DOWN,1
2026-08-31T06:20:00+00:00,5,K11,DOWN,2026-08-31T06:22:04.297937+00:00,125,78112.02,77990.0,DOWN,1
2026-08-31T06:20:00+00:00,5,K15,DOWN,2026-08-31T06:20:21.082397+00:00,22,78112.02,77990.0,DOWN,1
2026-08-31T06:20:00+00:00,5,K8,DOWN,2026-08-31T06:20:21.082397+00:00,22,78112.02,77990.0,DOWN,1
2026-08-31T06:20:00+00:00,5,K5,DOWN,2026-08-31T06:20:21.082397+00:00,22,78112.02,77990.0,DOWN,1
2026-08-31T06:25:00+00:00,5,?,UP,2026-08-31T06:28:00.687709+00:00,181,77990.0,78007.99,UP,1
2026-08-31T06:25:00+00:00,5,K9,UP,2026-08-31T06:25:21.049806+00:00,22,77990.0,78007.99,UP,1
2026-08-31T06:25:00+00:00,5,K4,UP,2026-08-31T06:25:21.049806+00:00,22,77990.0,78007.99,UP,1
2026-08-31T06:30:00+00:00,5,K14,UP,2026-08-31T06:30:21.049679+00:00,22,78007.99,77954.2,DOWN,0
2026-08-31T06:30:00+00:00,5,?,UP,2026-08-31T06:30:02.115906+00:00,3,78007.99,77954.2,DOWN,0
2026-08-31T06:30:00+00:00,5,K11,DOWN,2026-08-31T06:31:45.385016+00:00,106,78007.99,77954.2,DOWN,1
2026-08-31T06:30:00+00:00,15,K14,UP,2026-08-31T06:30:21.049679+00:00,22,78007.99,78084.0,UP,1
2026-08-31T06:30:00+00:00,15,?,UP,2026-08-31T06:30:02.115906+00:00,3,78007.99,78084.0,UP,1
2026-08-31T06:30:00+00:00,15,K5,DOWN,2026-08-31T06:30:21.049679+00:00,22,78007.99,78084.0,UP,0
2026-08-31T06:35:00+00:00,5,K14,UP,2026-08-31T06:35:21.077505+00:00,22,77954.21,78085.18,UP,1
2026-08-31T06:40:00+00:00,5,K14,UP,2026-08-31T06:40:21.047772+00:00,22,78085.17,78084.0,DOWN,0
2026-08-31T06:40:00+00:00,5,K9,DOWN,2026-08-31T06:40:21.047772+00:00,22,78085.17,78084.0,DOWN,1
2026-08-31T06:40:00+00:00,5,K4,DOWN,2026-08-31T06:40:21.047772+00:00,22,78085.17,78084.0,DOWN,1
2026-08-31T06:40:00+00:00,5,K5,DOWN,2026-08-31T06:40:21.047772+00:00,22,78085.17,78084.0,DOWN,1
2026-08-31T06:45:00+00:00,5,K5,DOWN,2026-08-31T06:45:21.049641+00:00,22,78084.01,78091.3,UP,0
2026-08-31T06:45:00+00:00,15,K2,DOWN,2026-08-31T06:45:21.049641+00:00,22,78084.01,78093.87,UP,0
2026-08-31T06:45:00+00:00,15,?,UP,2026-08-31T06:57:03.150620+00:00,724,78084.01,78093.87,UP,1
2026-08-31T06:45:00+00:00,15,K8,DOWN,2026-08-31T06:45:21.049641+00:00,22,78084.01,78093.87,UP,0
2026-08-31T06:45:00+00:00,15,K5,DOWN,2026-08-31T06:45:21.049641+00:00,22,78084.01,78093.87,UP,0
2026-08-31T06:50:00+00:00,5,K10,DOWN,2026-08-31T06:51:02.028728+00:00,63,78091.29,78108.34,UP,0
2026-08-31T06:50:00+00:00,5,K16,DOWN,2026-08-31T06:50:21.105336+00:00,22,78091.29,78108.34,UP,0
2026-08-31T06:50:00+00:00,5,K5,DOWN,2026-08-31T06:50:21.105336+00:00,22,78091.29,78108.34,UP,0
2026-08-31T06:55:00+00:00,5,?,UP,2026-08-31T06:57:03.150620+00:00,124,78108.35,78093.87,DOWN,0
2026-08-31T06:55:00+00:00,5,K5,DOWN,2026-08-31T06:55:21.048339+00:00,22,78108.35,78093.87,DOWN,1
2026-08-31T07:00:00+00:00,5,?,DOWN,2026-08-31T07:00:14.325969+00:00,15,78093.88,78064.19,DOWN,1
2026-08-31T07:00:00+00:00,15,?,DOWN,2026-08-31T07:00:14.325969+00:00,15,78093.88,78127.9,UP,0
2026-08-31T07:00:00+00:00,15,K8,DOWN,2026-08-31T07:00:21.055495+00:00,22,78093.88,78127.9,UP,0
2026-08-31T07:00:00+00:00,15,K5,DOWN,2026-08-31T07:00:21.055495+00:00,22,78093.88,78127.9,UP,0
2026-08-31T07:10:00+00:00,5,?,UP,2026-08-31T07:12:04.130455+00:00,125,78084.84,78127.9,UP,1
2026-08-31T07:10:00+00:00,5,K10,UP,2026-08-31T07:11:01.246716+00:00,62,78084.84,78127.9,UP,1
2026-08-31T07:10:00+00:00,5,K11,UP,2026-08-31T07:11:42.415385+00:00,103,78084.84,78127.9,UP,1
2026-08-31T07:15:00+00:00,5,K14,UP,2026-08-31T07:15:21.051003+00:00,22,78127.91,78170.01,UP,1
2026-08-31T07:15:00+00:00,5,K10,UP,2026-08-31T07:16:04.186330+00:00,65,78127.91,78170.01,UP,1
2026-08-31T07:15:00+00:00,5,K11,UP,2026-08-31T07:16:47.623716+00:00,108,78127.91,78170.01,UP,1
2026-08-31T07:15:00+00:00,5,K5,DOWN,2026-08-31T07:15:21.051003+00:00,22,78127.91,78170.01,UP,0
2026-08-31T07:15:00+00:00,15,K14,UP,2026-08-31T07:15:21.051003+00:00,22,78127.91,78213.01,UP,1
2026-08-31T07:15:00+00:00,15,K10,UP,2026-08-31T07:18:08.600878+00:00,189,78127.91,78213.01,UP,1
2026-08-31T07:15:00+00:00,15,K8,DOWN,2026-08-31T07:15:21.051003+00:00,22,78127.91,78213.01,UP,0
2026-08-31T07:15:00+00:00,15,K5,DOWN,2026-08-31T07:15:21.051003+00:00,22,78127.91,78213.01,UP,0
2026-08-31T07:20:00+00:00,5,K2,DOWN,2026-08-31T07:20:21.076294+00:00,22,78170.01,78286.35,UP,0
2026-08-31T07:20:00+00:00,5,K7,DOWN,2026-08-31T07:20:21.076294+00:00,22,78170.01,78286.35,UP,0
2026-08-31T07:20:00+00:00,5,K4,DOWN,2026-08-31T07:20:21.076294+00:00,22,78170.01,78286.35,UP,0
2026-08-31T07:20:00+00:00,5,K5,DOWN,2026-08-31T07:20:21.076294+00:00,22,78170.01,78286.35,UP,0
2026-08-31T07:25:00+00:00,5,K2,DOWN,2026-08-31T07:25:21.048807+00:00,22,78286.36,78213.01,DOWN,1
2026-08-31T07:25:00+00:00,5,K7,DOWN,2026-08-31T07:25:21.048807+00:00,22,78286.36,78213.01,DOWN,1
2026-08-31T07:25:00+00:00,5,K1,DOWN,2026-08-31T07:25:21.048807+00:00,22,78286.36,78213.01,DOWN,1
2026-08-31T07:25:00+00:00,5,K11,DOWN,2026-08-31T07:27:03.379855+00:00,124,78286.36,78213.01,DOWN,1
2026-08-31T07:25:00+00:00,5,K9,DOWN,2026-08-31T07:25:21.048807+00:00,22,78286.36,78213.01,DOWN,1
2026-08-31T07:25:00+00:00,5,K4,DOWN,2026-08-31T07:25:21.048807+00:00,22,78286.36,78213.01,DOWN,1
2026-08-31T07:25:00+00:00,5,K3,DOWN,2026-08-31T07:25:21.048807+00:00,22,78286.36,78213.01,DOWN,1
2026-08-31T07:25:00+00:00,5,K8,DOWN,2026-08-31T07:25:21.048807+00:00,22,78286.36,78213.01,DOWN,1
2026-08-31T07:25:00+00:00,5,K5,DOWN,2026-08-31T07:25:21.048807+00:00,22,78286.36,78213.01,DOWN,1
2026-08-31T07:30:00+00:00,5,K2,DOWN,2026-08-31T07:30:21.057472+00:00,22,78213.0,78182.11,DOWN,1
2026-08-31T07:30:00+00:00,5,K14,DOWN,2026-08-31T07:30:21.057472+00:00,22,78213.0,78182.11,DOWN,1
2026-08-31T07:30:00+00:00,5,?,UP,2026-08-31T07:30:39.691428+00:00,40,78213.0,78182.11,DOWN,0
2026-08-31T07:30:00+00:00,15,K2,DOWN,2026-08-31T07:30:21.057472+00:00,22,78213.0,78270.72,UP,0
2026-08-31T07:30:00+00:00,15,K14,DOWN,2026-08-31T07:30:21.057472+00:00,22,78213.0,78270.72,UP,0
2026-08-31T07:30:00+00:00,15,?,UP,2026-08-31T07:30:39.691428+00:00,40,78213.0,78270.72,UP,1
2026-08-31T07:30:00+00:00,15,K5,DOWN,2026-08-31T07:30:21.057472+00:00,22,78213.0,78270.72,UP,0
2026-08-31T07:40:00+00:00,5,K2,DOWN,2026-08-31T07:40:21.045839+00:00,22,78245.33,78270.72,UP,0
2026-08-31T07:40:00+00:00,5,K10,DOWN,2026-08-31T07:41:01.970206+00:00,62,78245.33,78270.72,UP,0
2026-08-31T07:40:00+00:00,5,K5,DOWN,2026-08-31T07:40:21.045839+00:00,22,78245.33,78270.72,UP,0
2026-08-31T07:45:00+00:00,5,K2,DOWN,2026-08-31T07:45:21.049614+00:00,22,78270.72,78198.82,DOWN,1
2026-08-31T07:45:00+00:00,5,K5,DOWN,2026-08-31T07:45:21.049614+00:00,22,78270.72,78198.82,DOWN,1
2026-08-31T07:45:00+00:00,15,K2,DOWN,2026-08-31T07:45:21.049614+00:00,22,78270.72,78196.01,DOWN,1
2026-08-31T07:45:00+00:00,15,K8,DOWN,2026-08-31T07:45:21.049614+00:00,22,78270.72,78196.01,DOWN,1
2026-08-31T07:45:00+00:00,15,K5,DOWN,2026-08-31T07:45:21.049614+00:00,22,78270.72,78196.01,DOWN,1
2026-08-31T08:00:00+00:00,5,?,DOWN,2026-08-31T08:01:19.156958+00:00,80,78196.01,78108.93,DOWN,1
2026-08-31T08:00:00+00:00,15,?,DOWN,2026-08-31T08:01:19.156958+00:00,80,78196.01,78157.6,DOWN,1
2026-08-31T08:00:00+00:00,15,K5,DOWN,2026-08-31T08:00:21.055578+00:00,22,78196.01,78157.6,DOWN,1
2026-08-31T08:10:00+00:00,5,?,DOWN,2026-08-31T08:11:58.757895+00:00,119,78171.42,78157.6,DOWN,1
2026-08-31T08:10:00+00:00,5,K11,UP,2026-08-31T08:12:01.776065+00:00,122,78171.42,78157.6,DOWN,0
2026-08-31T08:15:00+00:00,15,?,DOWN,2026-08-31T08:25:31.975797+00:00,632,78157.59,78094.0,DOWN,1
2026-08-31T08:15:00+00:00,15,K10,DOWN,2026-08-31T08:18:02.071378+00:00,183,78157.59,78094.0,DOWN,1
2026-08-31T08:20:00+00:00,5,K14,UP,2026-08-31T08:20:21.072978+00:00,22,78068.0,77995.9,DOWN,0
2026-08-31T08:20:00+00:00,5,K10,DOWN,2026-08-31T08:21:01.984392+00:00,62,78068.0,77995.9,DOWN,1
2026-08-31T08:20:00+00:00,5,K5,UP,2026-08-31T08:20:21.072978+00:00,22,78068.0,77995.9,DOWN,0
2026-08-31T08:25:00+00:00,5,K2,UP,2026-08-31T08:25:21.048311+00:00,22,77995.91,78094.0,UP,1
2026-08-31T08:25:00+00:00,5,K7,UP,2026-08-31T08:25:21.048311+00:00,22,77995.91,78094.0,UP,1
2026-08-31T08:25:00+00:00,5,K14,UP,2026-08-31T08:25:21.048311+00:00,22,77995.91,78094.0,UP,1
2026-08-31T08:25:00+00:00,5,?,DOWN,2026-08-31T08:25:31.975797+00:00,32,77995.91,78094.0,UP,0
2026-08-31T08:25:00+00:00,5,K10,UP,2026-08-31T08:26:01.920239+00:00,62,77995.91,78094.0,UP,1
2026-08-31T08:25:00+00:00,5,K11,UP,2026-08-31T08:26:43.398400+00:00,104,77995.91,78094.0,UP,1
2026-08-31T08:25:00+00:00,5,K4,UP,2026-08-31T08:25:21.048311+00:00,22,77995.91,78094.0,UP,1
2026-08-31T08:25:00+00:00,5,K8,UP,2026-08-31T08:25:21.048311+00:00,22,77995.91,78094.0,UP,1
2026-08-31T08:25:00+00:00,5,K5,UP,2026-08-31T08:25:21.048311+00:00,22,77995.91,78094.0,UP,1
2026-08-31T08:30:00+00:00,5,K9,DOWN,2026-08-31T08:30:21.059042+00:00,22,78094.0,78128.0,UP,0
2026-08-31T08:30:00+00:00,5,K4,DOWN,2026-08-31T08:30:21.059042+00:00,22,78094.0,78128.0,UP,0
2026-08-31T08:30:00+00:00,15,?,DOWN,2026-08-31T08:36:52.486750+00:00,413,78094.0,78324.0,UP,0
2026-08-31T08:35:00+00:00,5,?,DOWN,2026-08-31T08:36:52.486750+00:00,113,78128.01,78165.38,UP,0
2026-08-31T08:40:00+00:00,5,K14,DOWN,2026-08-31T08:40:21.062730+00:00,22,78165.39,78324.0,UP,0
2026-08-31T08:40:00+00:00,5,?,DOWN,2026-08-31T08:42:24.542955+00:00,145,78165.39,78324.0,UP,0
2026-08-31T08:40:00+00:00,5,K11,UP,2026-08-31T08:41:43.001544+00:00,104,78165.39,78324.0,UP,1
2026-08-31T08:45:00+00:00,5,K2,DOWN,2026-08-31T08:45:01.005480+00:00,2,78323.99,78395.93,UP,0
2026-08-31T08:45:00+00:00,5,K14,DOWN,2026-08-31T08:45:01.005480+00:00,2,78323.99,78395.93,UP,0
2026-08-31T08:45:00+00:00,5,K10,UP,2026-08-31T08:46:03.193875+00:00,64,78323.99,78395.93,UP,1
2026-08-31T08:45:00+00:00,5,K9,DOWN,2026-08-31T08:45:01.005480+00:00,2,78323.99,78395.93,UP,0
2026-08-31T08:45:00+00:00,5,K4,DOWN,2026-08-31T08:45:01.005480+00:00,2,78323.99,78395.93,UP,0
2026-08-31T08:45:00+00:00,15,K14,DOWN,2026-08-31T08:45:01.005480+00:00,2,78323.99,78480.8,UP,0
2026-08-31T08:45:00+00:00,15,?,DOWN,2026-08-31T08:55:52.616050+00:00,653,78323.99,78480.8,UP,0
2026-08-31T08:45:00+00:00,15,K9,DOWN,2026-08-31T08:45:01.005480+00:00,2,78323.99,78480.8,UP,0
2026-08-31T08:45:00+00:00,15,K4,DOWN,2026-08-31T08:45:01.005480+00:00,2,78323.99,78480.8,UP,0
2026-08-31T08:45:00+00:00,15,K5,DOWN,2026-08-31T08:45:01.005480+00:00,2,78323.99,78480.8,UP,0
2026-08-31T08:50:00+00:00,5,K2,DOWN,2026-08-31T08:50:21.080312+00:00,22,78395.93,78420.01,UP,0
2026-08-31T08:50:00+00:00,5,K7,DOWN,2026-08-31T08:50:21.080312+00:00,22,78395.93,78420.01,UP,0
2026-08-31T08:50:00+00:00,5,K14,DOWN,2026-08-31T08:50:21.080312+00:00,22,78395.93,78420.01,UP,0
2026-08-31T08:50:00+00:00,5,K4,DOWN,2026-08-31T08:50:21.080312+00:00,22,78395.93,78420.01,UP,0
2026-08-31T08:50:00+00:00,5,K5,DOWN,2026-08-31T08:50:21.080312+00:00,22,78395.93,78420.01,UP,0
2026-08-31T08:55:00+00:00,5,K2,DOWN,2026-08-31T08:55:21.051286+00:00,22,78420.0,78480.8,UP,0
2026-08-31T08:55:00+00:00,5,K7,DOWN,2026-08-31T08:55:21.051286+00:00,22,78420.0,78480.8,UP,0
2026-08-31T08:55:00+00:00,5,K14,DOWN,2026-08-31T08:55:21.051286+00:00,22,78420.0,78480.8,UP,0
2026-08-31T08:55:00+00:00,5,?,DOWN,2026-08-31T08:55:52.616050+00:00,53,78420.0,78480.8,UP,0
2026-08-31T08:55:00+00:00,5,K4,DOWN,2026-08-31T08:55:21.051286+00:00,22,78420.0,78480.8,UP,0
2026-08-31T08:55:00+00:00,5,K8,DOWN,2026-08-31T08:55:21.051286+00:00,22,78420.0,78480.8,UP,0
2026-08-31T08:55:00+00:00,5,K5,DOWN,2026-08-31T08:55:21.051286+00:00,22,78420.0,78480.8,UP,0
2026-08-31T09:00:00+00:00,5,K2,DOWN,2026-08-31T09:00:21.051289+00:00,22,78480.79,78402.0,DOWN,1
2026-08-31T09:00:00+00:00,5,K7,DOWN,2026-08-31T09:00:21.051289+00:00,22,78480.79,78402.0,DOWN,1
2026-08-31T09:00:00+00:00,5,K14,DOWN,2026-08-31T09:00:21.051289+00:00,22,78480.79,78402.0,DOWN,1
2026-08-31T09:00:00+00:00,5,?,DOWN,2026-08-31T09:00:52.799018+00:00,53,78480.79,78402.0,DOWN,1
2026-08-31T09:00:00+00:00,5,K4,DOWN,2026-08-31T09:00:21.051289+00:00,22,78480.79,78402.0,DOWN,1
2026-08-31T09:00:00+00:00,5,K8,DOWN,2026-08-31T09:00:21.051289+00:00,22,78480.79,78402.0,DOWN,1
2026-08-31T09:00:00+00:00,5,K5,DOWN,2026-08-31T09:00:21.051289+00:00,22,78480.79,78402.0,DOWN,1
2026-08-31T09:00:00+00:00,15,K2,DOWN,2026-08-31T09:00:21.051289+00:00,22,78480.79,78652.0,UP,0
2026-08-31T09:00:00+00:00,15,K14,DOWN,2026-08-31T09:00:21.051289+00:00,22,78480.79,78652.0,UP,0
2026-08-31T09:00:00+00:00,15,?,DOWN,2026-08-31T09:00:52.799018+00:00,53,78480.79,78652.0,UP,0
2026-08-31T09:00:00+00:00,15,K9,DOWN,2026-08-31T09:00:21.051289+00:00,22,78480.79,78652.0,UP,0
2026-08-31T09:00:00+00:00,15,K4,DOWN,2026-08-31T09:00:21.051289+00:00,22,78480.79,78652.0,UP,0
2026-08-31T09:00:00+00:00,15,K8,DOWN,2026-08-31T09:00:21.051289+00:00,22,78480.79,78652.0,UP,0
2026-08-31T09:00:00+00:00,15,K5,DOWN,2026-08-31T09:00:21.051289+00:00,22,78480.79,78652.0,UP,0
2026-08-31T09:05:00+00:00,5,K14,DOWN,2026-08-31T09:05:21.076838+00:00,22,78402.01,78757.01,UP,0
2026-08-31T09:05:00+00:00,5,?,DOWN,2026-08-31T09:08:47.078587+00:00,228,78402.01,78757.01,UP,0
2026-08-31T09:05:00+00:00,5,K10,UP,2026-08-31T09:06:02.592510+00:00,63,78402.01,78757.01,UP,1
2026-08-31T09:05:00+00:00,5,K11,UP,2026-08-31T09:06:44.096612+00:00,105,78402.01,78757.01,UP,1
2026-08-31T09:10:00+00:00,5,K2,DOWN,2026-08-31T09:10:21.049218+00:00,22,78757.0,78652.0,DOWN,1
2026-08-31T09:10:00+00:00,5,K7,DOWN,2026-08-31T09:10:21.049218+00:00,22,78757.0,78652.0,DOWN,1
2026-08-31T09:10:00+00:00,5,K14,DOWN,2026-08-31T09:10:21.049218+00:00,22,78757.0,78652.0,DOWN,1
2026-08-31T09:10:00+00:00,5,K1,DOWN,2026-08-31T09:10:21.049218+00:00,22,78757.0,78652.0,DOWN,1
2026-08-31T09:10:00+00:00,5,K6,DOWN,2026-08-31T09:10:21.049218+00:00,22,78757.0,78652.0,DOWN,1
2026-08-31T09:10:00+00:00,5,K10,DOWN,2026-08-31T09:11:01.931247+00:00,62,78757.0,78652.0,DOWN,1
2026-08-31T09:10:00+00:00,5,K11,DOWN,2026-08-31T09:11:43.990827+00:00,104,78757.0,78652.0,DOWN,1
2026-08-31T09:10:00+00:00,5,K9,DOWN,2026-08-31T09:10:21.049218+00:00,22,78757.0,78652.0,DOWN,1
2026-08-31T09:10:00+00:00,5,K4,DOWN,2026-08-31T09:10:21.049218+00:00,22,78757.0,78652.0,DOWN,1
2026-08-31T09:10:00+00:00,5,K3,DOWN,2026-08-31T09:10:21.049218+00:00,22,78757.0,78652.0,DOWN,1
2026-08-31T09:10:00+00:00,5,K16,DOWN,2026-08-31T09:11:22.697356+00:00,83,78757.0,78652.0,DOWN,1
2026-08-31T09:10:00+00:00,5,K8,DOWN,2026-08-31T09:10:21.049218+00:00,22,78757.0,78652.0,DOWN,1
2026-08-31T09:10:00+00:00,5,K5,DOWN,2026-08-31T09:10:21.049218+00:00,22,78757.0,78652.0,DOWN,1
2026-08-31T09:10:00+00:00,5,K12,DOWN,2026-08-31T09:10:21.049218+00:00,22,78757.0,78652.0,DOWN,1
2026-08-31T09:15:00+00:00,5,K2,DOWN,2026-08-31T09:15:21.053862+00:00,22,78652.01,78706.0,UP,0
2026-08-31T09:15:00+00:00,5,K10,DOWN,2026-08-31T09:16:03.117704+00:00,64,78652.01,78706.0,UP,0
2026-08-31T09:15:00+00:00,5,K9,UP,2026-08-31T09:15:21.053862+00:00,22,78652.01,78706.0,UP,1
2026-08-31T09:15:00+00:00,5,K4,UP,2026-08-31T09:15:21.053862+00:00,22,78652.01,78706.0,UP,1
2026-08-31T09:15:00+00:00,5,K16,DOWN,2026-08-31T09:15:21.053862+00:00,22,78652.01,78706.0,UP,0
2026-08-31T09:15:00+00:00,5,K5,DOWN,2026-08-31T09:15:21.053862+00:00,22,78652.01,78706.0,UP,0
2026-08-31T09:15:00+00:00,15,K2,DOWN,2026-08-31T09:15:21.053862+00:00,22,78652.01,78652.06,UP,0
2026-08-31T09:15:00+00:00,15,K7,DOWN,2026-08-31T09:15:21.053862+00:00,22,78652.01,78652.06,UP,0
2026-08-31T09:15:00+00:00,15,K1,DOWN,2026-08-31T09:15:21.053862+00:00,22,78652.01,78652.06,UP,0
2026-08-31T09:15:00+00:00,15,K6,DOWN,2026-08-31T09:15:21.053862+00:00,22,78652.01,78652.06,UP,0
2026-08-31T09:15:00+00:00,15,?,UP,2026-08-31T09:26:21.461364+00:00,682,78652.01,78652.06,UP,1
2026-08-31T09:15:00+00:00,15,K9,DOWN,2026-08-31T09:15:21.053862+00:00,22,78652.01,78652.06,UP,0
2026-08-31T09:15:00+00:00,15,K4,DOWN,2026-08-31T09:15:21.053862+00:00,22,78652.01,78652.06,UP,0
2026-08-31T09:15:00+00:00,15,K3,DOWN,2026-08-31T09:15:21.053862+00:00,22,78652.01,78652.06,UP,0
2026-08-31T09:15:00+00:00,15,K16,DOWN,2026-08-31T09:15:21.053862+00:00,22,78652.01,78652.06,UP,0
2026-08-31T09:15:00+00:00,15,K5,DOWN,2026-08-31T09:15:21.053862+00:00,22,78652.01,78652.06,UP,0
2026-08-31T09:15:00+00:00,15,K12,DOWN,2026-08-31T09:15:21.053862+00:00,22,78652.01,78652.06,UP,0
2026-08-31T09:20:00+00:00,5,K2,DOWN,2026-08-31T09:20:21.113370+00:00,22,78705.99,78770.01,UP,0
2026-08-31T09:20:00+00:00,5,K16,DOWN,2026-08-31T09:20:21.113370+00:00,22,78705.99,78770.01,UP,0
2026-08-31T09:20:00+00:00,5,K5,DOWN,2026-08-31T09:20:21.113370+00:00,22,78705.99,78770.01,UP,0
2026-08-31T09:25:00+00:00,5,K2,DOWN,2026-08-31T09:25:21.049607+00:00,22,78770.0,78652.06,DOWN,1
2026-08-31T09:25:00+00:00,5,?,UP,2026-08-31T09:26:21.461364+00:00,82,78770.0,78652.06,DOWN,0
2026-08-31T09:25:00+00:00,5,K11,DOWN,2026-08-31T09:26:43.479810+00:00,104,78770.0,78652.06,DOWN,1
2026-08-31T09:25:00+00:00,5,K8,DOWN,2026-08-31T09:25:21.049607+00:00,22,78770.0,78652.06,DOWN,1
2026-08-31T09:25:00+00:00,5,K5,DOWN,2026-08-31T09:25:21.049607+00:00,22,78770.0,78652.06,DOWN,1
2026-08-31T09:25:00+00:00,5,K12,DOWN,2026-08-31T09:25:21.049607+00:00,22,78770.0,78652.06,DOWN,1
2026-08-31T09:30:00+00:00,5,K9,UP,2026-08-31T09:30:21.053132+00:00,22,78652.07,78658.0,UP,1
2026-08-31T09:30:00+00:00,5,K4,UP,2026-08-31T09:30:21.053132+00:00,22,78652.07,78658.0,UP,1
2026-08-31T09:30:00+00:00,5,K5,DOWN,2026-08-31T09:30:21.053132+00:00,22,78652.07,78658.0,UP,0
2026-08-31T09:30:00+00:00,15,K2,DOWN,2026-08-31T09:30:21.053132+00:00,22,78652.07,78699.26,UP,0
2026-08-31T09:30:00+00:00,15,K5,DOWN,2026-08-31T09:30:21.053132+00:00,22,78652.07,78699.26,UP,0
2026-08-31T09:30:00+00:00,15,K12,DOWN,2026-08-31T09:30:21.053132+00:00,22,78652.07,78699.26,UP,0
2026-08-31T09:35:00+00:00,5,K15,UP,2026-08-31T09:35:21.075969+00:00,22,78658.0,78641.99,DOWN,0
2026-08-31T09:35:00+00:00,5,K5,DOWN,2026-08-31T09:35:21.075969+00:00,22,78658.0,78641.99,DOWN,1
2026-08-31T09:40:00+00:00,5,K15,UP,2026-08-31T09:41:22.374521+00:00,83,78642.0,78699.26,UP,1
2026-08-31T09:40:00+00:00,5,K5,DOWN,2026-08-31T09:40:21.048024+00:00,22,78642.0,78699.26,UP,0
2026-08-31T09:45:00+00:00,5,?,DOWN,2026-08-31T09:45:50.558242+00:00,51,78699.25,78666.0,DOWN,1
2026-08-31T09:45:00+00:00,5,K10,UP,2026-08-31T09:46:02.445485+00:00,63,78699.25,78666.0,DOWN,0
2026-08-31T09:45:00+00:00,5,K11,UP,2026-08-31T09:46:44.480814+00:00,105,78699.25,78666.0,DOWN,0
2026-08-31T09:45:00+00:00,5,K5,DOWN,2026-08-31T09:45:21.049186+00:00,22,78699.25,78666.0,DOWN,1
2026-08-31T09:45:00+00:00,15,K2,DOWN,2026-08-31T09:45:21.049186+00:00,22,78699.25,78511.03,DOWN,1
2026-08-31T09:45:00+00:00,15,?,DOWN,2026-08-31T09:45:50.558242+00:00,51,78699.25,78511.03,DOWN,1
2026-08-31T09:45:00+00:00,15,K8,DOWN,2026-08-31T09:45:21.049186+00:00,22,78699.25,78511.03,DOWN,1
2026-08-31T09:45:00+00:00,15,K5,DOWN,2026-08-31T09:45:21.049186+00:00,22,78699.25,78511.03,DOWN,1
2026-08-31T09:45:00+00:00,15,K12,DOWN,2026-08-31T09:45:21.049186+00:00,22,78699.25,78511.03,DOWN,1
2026-08-31T09:50:00+00:00,5,K10,DOWN,2026-08-31T09:51:02.596819+00:00,63,78666.0,78572.0,DOWN,1
2026-08-31T09:50:00+00:00,5,K11,DOWN,2026-08-31T09:51:44.154147+00:00,105,78666.0,78572.0,DOWN,1
2026-08-31T09:50:00+00:00,5,K5,DOWN,2026-08-31T09:50:21.076207+00:00,22,78666.0,78572.0,DOWN,1
2026-08-31T09:55:00+00:00,5,K9,UP,2026-08-31T09:55:21.048585+00:00,22,78571.99,78511.03,DOWN,0
2026-08-31T09:55:00+00:00,5,K4,UP,2026-08-31T09:55:21.048585+00:00,22,78571.99,78511.03,DOWN,0
2026-08-31T10:00:00+00:00,5,?,UP,2026-08-31T10:02:44.051780+00:00,165,78511.03,78438.0,DOWN,0
2026-08-31T10:00:00+00:00,15,?,UP,2026-08-31T10:02:44.051780+00:00,165,78511.03,78519.99,UP,1
2026-08-31T10:00:00+00:00,15,K9,UP,2026-08-31T10:00:21.050255+00:00,22,78511.03,78519.99,UP,1
2026-08-31T10:00:00+00:00,15,K4,UP,2026-08-31T10:00:21.050255+00:00,22,78511.03,78519.99,UP,1
2026-08-31T10:05:00+00:00,5,K14,UP,2026-08-31T10:05:01.004493+00:00,2,78437.99,78405.06,DOWN,0
2026-08-31T10:05:00+00:00,5,?,UP,2026-08-31T10:06:49.895110+00:00,110,78437.99,78405.06,DOWN,0
2026-08-31T10:05:00+00:00,5,K11,DOWN,2026-08-31T10:06:43.987155+00:00,104,78437.99,78405.06,DOWN,1
2026-08-31T10:15:00+00:00,5,K11,DOWN,2026-08-31T10:17:03.094823+00:00,124,78519.99,78440.22,DOWN,1
2026-08-31T10:15:00+00:00,5,K9,DOWN,2026-08-31T10:15:21.048227+00:00,22,78519.99,78440.22,DOWN,1
2026-08-31T10:15:00+00:00,5,K4,DOWN,2026-08-31T10:15:21.048227+00:00,22,78519.99,78440.22,DOWN,1
2026-08-31T10:15:00+00:00,15,K10,DOWN,2026-08-31T10:18:04.023174+00:00,185,78519.99,78438.16,DOWN,1
2026-08-31T10:30:00+00:00,15,?,DOWN,2026-08-31T10:35:54.741523+00:00,355,78438.16,78534.1,UP,0
2026-08-31T10:35:00+00:00,5,?,DOWN,2026-08-31T10:35:54.741523+00:00,55,78396.05,78508.01,UP,0
2026-08-31T10:35:00+00:00,5,K5,UP,2026-08-31T10:35:21.073841+00:00,22,78396.05,78508.01,UP,1
2026-08-31T10:40:00+00:00,5,K14,DOWN,2026-08-31T10:40:21.048935+00:00,22,78508.0,78534.1,UP,0
2026-08-31T10:40:00+00:00,5,?,DOWN,2026-08-31T10:40:55.412056+00:00,56,78508.0,78534.1,UP,0
2026-08-31T10:40:00+00:00,5,K9,DOWN,2026-08-31T10:40:21.048935+00:00,22,78508.0,78534.1,UP,0
2026-08-31T10:40:00+00:00,5,K4,DOWN,2026-08-31T10:40:21.048935+00:00,22,78508.0,78534.1,UP,0
2026-08-31T10:45:00+00:00,5,K14,DOWN,2026-08-31T10:45:21.049440+00:00,22,78534.1,78517.99,DOWN,1
2026-08-31T10:45:00+00:00,15,K14,DOWN,2026-08-31T10:45:21.049440+00:00,22,78534.1,78710.01,UP,0
2026-08-31T10:45:00+00:00,15,?,DOWN,2026-08-31T10:58:45.131388+00:00,826,78534.1,78710.01,UP,0
2026-08-31T10:50:00+00:00,5,K14,DOWN,2026-08-31T10:50:21.078784+00:00,22,78517.99,78646.26,UP,0
2026-08-31T10:55:00+00:00,5,K14,DOWN,2026-08-31T10:55:21.049657+00:00,22,78646.26,78710.01,UP,0
2026-08-31T10:55:00+00:00,5,?,DOWN,2026-08-31T10:58:45.131388+00:00,226,78646.26,78710.01,UP,0
2026-08-31T10:55:00+00:00,5,K9,DOWN,2026-08-31T10:55:21.049657+00:00,22,78646.26,78710.01,UP,0
2026-08-31T10:55:00+00:00,5,K4,DOWN,2026-08-31T10:55:21.049657+00:00,22,78646.26,78710.01,UP,0
2026-08-31T11:00:00+00:00,5,K14,DOWN,2026-08-31T11:00:21.059299+00:00,22,78710.02,78596.07,DOWN,1
2026-08-31T11:00:00+00:00,5,?,UP,2026-08-31T11:00:24.886471+00:00,25,78710.02,78596.07,DOWN,0
2026-08-31T11:00:00+00:00,5,K10,DOWN,2026-08-31T11:01:02.742686+00:00,63,78710.02,78596.07,DOWN,1
2026-08-31T11:00:00+00:00,5,K16,DOWN,2026-08-31T11:00:21.059299+00:00,22,78710.02,78596.07,DOWN,1
2026-08-31T11:00:00+00:00,5,K5,DOWN,2026-08-31T11:00:21.059299+00:00,22,78710.02,78596.07,DOWN,1
2026-08-31T11:00:00+00:00,15,K2,DOWN,2026-08-31T11:00:21.059299+00:00,22,78710.02,78623.71,DOWN,1
2026-08-31T11:00:00+00:00,15,K14,DOWN,2026-08-31T11:00:21.059299+00:00,22,78710.02,78623.71,DOWN,1
2026-08-31T11:00:00+00:00,15,?,UP,2026-08-31T11:00:24.886471+00:00,25,78710.02,78623.71,DOWN,0
2026-08-31T11:00:00+00:00,15,K11,DOWN,2026-08-31T11:05:01.006117+00:00,302,78710.02,78623.71,DOWN,1
2026-08-31T11:00:00+00:00,15,K9,DOWN,2026-08-31T11:00:21.059299+00:00,22,78710.02,78623.71,DOWN,1
2026-08-31T11:00:00+00:00,15,K4,DOWN,2026-08-31T11:00:21.059299+00:00,22,78710.02,78623.71,DOWN,1
2026-08-31T11:00:00+00:00,15,K16,DOWN,2026-08-31T11:00:21.059299+00:00,22,78710.02,78623.71,DOWN,1
2026-08-31T11:00:00+00:00,15,K8,DOWN,2026-08-31T11:00:21.059299+00:00,22,78710.02,78623.71,DOWN,1
2026-08-31T11:00:00+00:00,15,K5,DOWN,2026-08-31T11:00:21.059299+00:00,22,78710.02,78623.71,DOWN,1
2026-08-31T11:05:00+00:00,5,K11,UP,2026-08-31T11:07:05.183318+00:00,126,78596.07,78583.88,DOWN,0
2026-08-31T11:05:00+00:00,5,K9,UP,2026-08-31T11:05:21.432488+00:00,22,78596.07,78583.88,DOWN,0
2026-08-31T11:05:00+00:00,5,K4,UP,2026-08-31T11:05:21.432488+00:00,22,78596.07,78583.88,DOWN,0
2026-08-31T11:05:00+00:00,5,K16,DOWN,2026-08-31T11:05:21.432488+00:00,22,78596.07,78583.88,DOWN,1
2026-08-31T11:10:00+00:00,5,K16,UP,2026-08-31T11:10:01.005908+00:00,2,78583.88,78623.71,UP,1
2026-08-31T11:15:00+00:00,5,?,UP,2026-08-31T11:16:40.991387+00:00,101,78623.71,78600.59,DOWN,0
2026-08-31T11:15:00+00:00,15,?,UP,2026-08-31T11:16:40.991387+00:00,101,78623.71,78480.08,DOWN,0
2026-08-31T11:25:00+00:00,5,K14,UP,2026-08-31T11:25:21.046109+00:00,22,78573.78,78480.08,DOWN,0
2026-08-31T11:30:00+00:00,5,K14,UP,2026-08-31T11:30:21.054529+00:00,22,78480.09,78439.05,DOWN,0
2026-08-31T11:30:00+00:00,5,K9,UP,2026-08-31T11:30:21.054529+00:00,22,78480.09,78439.05,DOWN,0
2026-08-31T11:30:00+00:00,5,K4,UP,2026-08-31T11:30:21.054529+00:00,22,78480.09,78439.05,DOWN,0
2026-08-31T11:30:00+00:00,15,K14,UP,2026-08-31T11:30:21.054529+00:00,22,78480.09,78387.85,DOWN,0
2026-08-31T11:30:00+00:00,15,?,UP,2026-08-31T11:35:27.122754+00:00,328,78480.09,78387.85,DOWN,0
2026-08-31T11:35:00+00:00,5,K14,UP,2026-08-31T11:35:01.005324+00:00,2,78439.05,78424.0,DOWN,0
2026-08-31T11:35:00+00:00,5,?,UP,2026-08-31T11:35:27.122754+00:00,28,78439.05,78424.0,DOWN,0
2026-08-31T11:40:00+00:00,5,K14,UP,2026-08-31T11:40:01.005051+00:00,2,78424.0,78387.85,DOWN,0
2026-08-31T11:40:00+00:00,5,?,UP,2026-08-31T11:40:32.443610+00:00,33,78424.0,78387.85,DOWN,0
2026-08-31T11:45:00+00:00,5,K14,UP,2026-08-31T11:45:21.048635+00:00,22,78387.86,78354.35,DOWN,0
2026-08-31T11:45:00+00:00,5,K5,UP,2026-08-31T11:45:21.048635+00:00,22,78387.86,78354.35,DOWN,0
2026-08-31T11:45:00+00:00,15,K14,UP,2026-08-31T11:45:21.048635+00:00,22,78387.86,78315.43,DOWN,0
2026-08-31T11:45:00+00:00,15,?,DOWN,2026-08-31T11:55:38.561945+00:00,639,78387.86,78315.43,DOWN,1
2026-08-31T11:50:00+00:00,5,K2,UP,2026-08-31T11:50:21.077143+00:00,22,78354.34,78302.1,DOWN,0
2026-08-31T11:50:00+00:00,5,K14,UP,2026-08-31T11:50:21.077143+00:00,22,78354.34,78302.1,DOWN,0
2026-08-31T11:50:00+00:00,5,K8,UP,2026-08-31T11:50:21.077143+00:00,22,78354.34,78302.1,DOWN,0
2026-08-31T11:50:00+00:00,5,K5,UP,2026-08-31T11:50:21.077143+00:00,22,78354.34,78302.1,DOWN,0
2026-08-31T11:55:00+00:00,5,K2,UP,2026-08-31T11:55:21.086147+00:00,22,78302.1,78315.43,UP,1
2026-08-31T11:55:00+00:00,5,K14,UP,2026-08-31T11:55:21.086147+00:00,22,78302.1,78315.43,UP,1
2026-08-31T11:55:00+00:00,5,?,DOWN,2026-08-31T11:55:38.561945+00:00,39,78302.1,78315.43,UP,0
2026-08-31T11:55:00+00:00,5,K8,UP,2026-08-31T11:55:21.086147+00:00,22,78302.1,78315.43,UP,1
2026-08-31T11:55:00+00:00,5,K5,UP,2026-08-31T11:55:21.086147+00:00,22,78302.1,78315.43,UP,1
2026-08-31T12:00:00+00:00,5,K2,UP,2026-08-31T12:00:21.060785+00:00,22,78315.43,78522.84,UP,1
2026-08-31T12:00:00+00:00,5,?,UP,2026-08-31T12:00:42.432602+00:00,43,78315.43,78522.84,UP,1
2026-08-31T12:00:00+00:00,5,K11,UP,2026-08-31T12:02:03.184504+00:00,124,78315.43,78522.84,UP,1
2026-08-31T12:00:00+00:00,5,K8,UP,2026-08-31T12:00:21.060785+00:00,22,78315.43,78522.84,UP,1
2026-08-31T12:00:00+00:00,5,K5,UP,2026-08-31T12:00:21.060785+00:00,22,78315.43,78522.84,UP,1
2026-08-31T12:00:00+00:00,15,?,UP,2026-08-31T12:00:42.432602+00:00,43,78315.43,78410.01,UP,1
2026-08-31T12:00:00+00:00,15,K10,UP,2026-08-31T12:03:04.137206+00:00,185,78315.43,78410.01,UP,1
2026-08-31T12:00:00+00:00,15,K11,UP,2026-08-31T12:05:01.006133+00:00,302,78315.43,78410.01,UP,1
2026-08-31T12:05:00+00:00,5,?,UP,2026-08-31T12:09:08.074672+00:00,249,78522.85,78438.2,DOWN,0
2026-08-31T12:05:00+00:00,5,K9,DOWN,2026-08-31T12:05:21.401517+00:00,22,78522.85,78438.2,DOWN,1
2026-08-31T12:05:00+00:00,5,K4,DOWN,2026-08-31T12:05:21.401517+00:00,22,78522.85,78438.2,DOWN,1
2026-08-31T12:10:00+00:00,5,?,DOWN,2026-08-31T12:10:08.667591+00:00,9,78438.2,78410.01,DOWN,1
2026-08-31T12:15:00+00:00,15,?,UP,2026-08-31T12:24:34.954139+00:00,575,78410.0,78092.01,DOWN,0
2026-08-31T12:20:00+00:00,5,?,UP,2026-08-31T12:24:34.954139+00:00,275,78464.95,78257.99,DOWN,0
2026-08-31T12:20:00+00:00,5,K10,DOWN,2026-08-31T12:21:01.363705+00:00,62,78464.95,78257.99,DOWN,1
2026-08-31T12:20:00+00:00,5,K11,DOWN,2026-08-31T12:21:42.577009+00:00,103,78464.95,78257.99,DOWN,1
2026-08-31T12:25:00+00:00,5,K2,UP,2026-08-31T12:25:21.048820+00:00,22,78258.0,78092.01,DOWN,0
2026-08-31T12:25:00+00:00,5,K14,UP,2026-08-31T12:25:21.048820+00:00,22,78258.0,78092.01,DOWN,0
2026-08-31T12:25:00+00:00,5,?,UP,2026-08-31T12:25:34.958681+00:00,35,78258.0,78092.01,DOWN,0
2026-08-31T12:25:00+00:00,5,K10,DOWN,2026-08-31T12:26:01.968278+00:00,62,78258.0,78092.01,DOWN,1
2026-08-31T12:25:00+00:00,5,K11,DOWN,2026-08-31T12:26:43.816615+00:00,104,78258.0,78092.01,DOWN,1
2026-08-31T12:25:00+00:00,5,K9,UP,2026-08-31T12:25:21.048820+00:00,22,78258.0,78092.01,DOWN,0
2026-08-31T12:25:00+00:00,5,K4,UP,2026-08-31T12:25:21.048820+00:00,22,78258.0,78092.01,DOWN,0
2026-08-31T12:25:00+00:00,5,K8,UP,2026-08-31T12:25:21.048820+00:00,22,78258.0,78092.01,DOWN,0
2026-08-31T12:25:00+00:00,5,K5,UP,2026-08-31T12:25:21.048820+00:00,22,78258.0,78092.01,DOWN,0
2026-08-31T12:30:00+00:00,5,K2,UP,2026-08-31T12:30:21.057082+00:00,22,78092.0,78115.63,UP,1
2026-08-31T12:30:00+00:00,5,K7,UP,2026-08-31T12:30:21.057082+00:00,22,78092.0,78115.63,UP,1
2026-08-31T12:30:00+00:00,5,K14,UP,2026-08-31T12:30:21.057082+00:00,22,78092.0,78115.63,UP,1
2026-08-31T12:30:00+00:00,5,K1,UP,2026-08-31T12:30:21.057082+00:00,22,78092.0,78115.63,UP,1
2026-08-31T12:30:00+00:00,5,?,UP,2026-08-31T12:30:32.547321+00:00,33,78092.0,78115.63,UP,1
2026-08-31T12:30:00+00:00,5,K10,DOWN,2026-08-31T12:31:02.454872+00:00,63,78092.0,78115.63,UP,0
2026-08-31T12:30:00+00:00,5,K11,DOWN,2026-08-31T12:31:44.637683+00:00,105,78092.0,78115.63,UP,0
2026-08-31T12:30:00+00:00,5,K9,UP,2026-08-31T12:30:21.057082+00:00,22,78092.0,78115.63,UP,1
2026-08-31T12:30:00+00:00,5,K4,UP,2026-08-31T12:30:21.057082+00:00,22,78092.0,78115.63,UP,1
2026-08-31T12:30:00+00:00,5,K3,UP,2026-08-31T12:30:21.057082+00:00,22,78092.0,78115.63,UP,1
2026-08-31T12:30:00+00:00,5,K8,UP,2026-08-31T12:30:21.057082+00:00,22,78092.0,78115.63,UP,1
2026-08-31T12:30:00+00:00,5,K5,UP,2026-08-31T12:30:21.057082+00:00,22,78092.0,78115.63,UP,1
2026-08-31T12:30:00+00:00,15,K2,UP,2026-08-31T12:30:21.057082+00:00,22,78092.0,77885.56,DOWN,0
2026-08-31T12:30:00+00:00,15,K14,UP,2026-08-31T12:30:21.057082+00:00,22,78092.0,77885.56,DOWN,0
2026-08-31T12:30:00+00:00,15,?,UP,2026-08-31T12:30:32.547321+00:00,33,78092.0,77885.56,DOWN,0
2026-08-31T12:30:00+00:00,15,K9,UP,2026-08-31T12:30:21.057082+00:00,22,78092.0,77885.56,DOWN,0
2026-08-31T12:30:00+00:00,15,K4,UP,2026-08-31T12:30:21.057082+00:00,22,78092.0,77885.56,DOWN,0
2026-08-31T12:30:00+00:00,15,K5,UP,2026-08-31T12:30:21.057082+00:00,22,78092.0,77885.56,DOWN,0
2026-08-31T12:35:00+00:00,5,K2,UP,2026-08-31T12:35:21.082435+00:00,22,78115.64,77940.0,DOWN,0
2026-08-31T12:35:00+00:00,5,K14,UP,2026-08-31T12:35:21.082435+00:00,22,78115.64,77940.0,DOWN,0
2026-08-31T12:40:00+00:00,5,K2,UP,2026-08-31T12:40:21.051486+00:00,22,77940.0,77885.56,DOWN,0
2026-08-31T12:40:00+00:00,5,K7,UP,2026-08-31T12:40:21.051486+00:00,22,77940.0,77885.56,DOWN,0
2026-08-31T12:40:00+00:00,5,K14,UP,2026-08-31T12:40:21.051486+00:00,22,77940.0,77885.56,DOWN,0
2026-08-31T12:40:00+00:00,5,K1,UP,2026-08-31T12:40:21.051486+00:00,22,77940.0,77885.56,DOWN,0
2026-08-31T12:40:00+00:00,5,K6,UP,2026-08-31T12:40:21.051486+00:00,22,77940.0,77885.56,DOWN,0
2026-08-31T12:40:00+00:00,5,?,UP,2026-08-31T12:41:16.277279+00:00,77,77940.0,77885.56,DOWN,0
2026-08-31T12:40:00+00:00,5,K10,DOWN,2026-08-31T12:41:02.120930+00:00,63,77940.0,77885.56,DOWN,1
2026-08-31T12:40:00+00:00,5,K11,DOWN,2026-08-31T12:41:43.729353+00:00,104,77940.0,77885.56,DOWN,1
2026-08-31T12:40:00+00:00,5,K9,UP,2026-08-31T12:40:21.051486+00:00,22,77940.0,77885.56,DOWN,0
2026-08-31T12:40:00+00:00,5,K4,UP,2026-08-31T12:40:21.051486+00:00,22,77940.0,77885.56,DOWN,0
2026-08-31T12:40:00+00:00,5,K3,UP,2026-08-31T12:40:21.051486+00:00,22,77940.0,77885.56,DOWN,0
2026-08-31T12:40:00+00:00,5,K8,UP,2026-08-31T12:40:21.051486+00:00,22,77940.0,77885.56,DOWN,0
2026-08-31T12:40:00+00:00,5,K5,UP,2026-08-31T12:40:21.051486+00:00,22,77940.0,77885.56,DOWN,0
2026-08-31T12:40:00+00:00,5,K12,UP,2026-08-31T12:40:21.051486+00:00,22,77940.0,77885.56,DOWN,0
2026-08-31T12:45:00+00:00,5,K2,UP,2026-08-31T12:45:01.011006+00:00,2,77885.55,77776.49,DOWN,0
2026-08-31T12:45:00+00:00,5,K7,UP,2026-08-31T12:45:01.011006+00:00,2,77885.55,77776.49,DOWN,0
2026-08-31T12:45:00+00:00,5,K14,UP,2026-08-31T12:45:01.011006+00:00,2,77885.55,77776.49,DOWN,0
2026-08-31T12:45:00+00:00,5,K1,UP,2026-08-31T12:45:01.011006+00:00,2,77885.55,77776.49,DOWN,0
2026-08-31T12:45:00+00:00,5,K10,DOWN,2026-08-31T12:46:03.691953+00:00,64,77885.55,77776.49,DOWN,1
2026-08-31T12:45:00+00:00,5,K4,UP,2026-08-31T12:45:01.011006+00:00,2,77885.55,77776.49,DOWN,0
2026-08-31T12:45:00+00:00,5,K15,UP,2026-08-31T12:46:03.691953+00:00,64,77885.55,77776.49,DOWN,0
2026-08-31T12:45:00+00:00,5,K12,UP,2026-08-31T12:45:01.011006+00:00,2,77885.55,77776.49,DOWN,0
2026-08-31T12:45:00+00:00,15,K2,UP,2026-08-31T12:45:01.011006+00:00,2,77885.55,77930.39,UP,1
2026-08-31T12:45:00+00:00,15,K7,UP,2026-08-31T12:45:01.011006+00:00,2,77885.55,77930.39,UP,1
2026-08-31T12:45:00+00:00,15,K14,UP,2026-08-31T12:45:01.011006+00:00,2,77885.55,77930.39,UP,1
2026-08-31T12:45:00+00:00,15,K1,UP,2026-08-31T12:45:01.011006+00:00,2,77885.55,77930.39,UP,1
2026-08-31T12:45:00+00:00,15,K11,DOWN,2026-08-31T12:50:01.007124+00:00,302,77885.55,77930.39,UP,0
2026-08-31T12:45:00+00:00,15,K9,UP,2026-08-31T12:45:01.011006+00:00,2,77885.55,77930.39,UP,1
2026-08-31T12:45:00+00:00,15,K4,UP,2026-08-31T12:45:01.011006+00:00,2,77885.55,77930.39,UP,1
2026-08-31T12:45:00+00:00,15,K3,UP,2026-08-31T12:45:01.011006+00:00,2,77885.55,77930.39,UP,1
2026-08-31T12:45:00+00:00,15,K15,UP,2026-08-31T12:46:03.691953+00:00,64,77885.55,77930.39,UP,1
2026-08-31T12:45:00+00:00,15,K5,UP,2026-08-31T12:45:01.011006+00:00,2,77885.55,77930.39,UP,1
2026-08-31T12:50:00+00:00,5,K2,UP,2026-08-31T12:50:21.395626+00:00,22,77776.49,77844.0,UP,1
2026-08-31T12:50:00+00:00,5,K7,UP,2026-08-31T12:50:21.395626+00:00,22,77776.49,77844.0,UP,1
2026-08-31T12:50:00+00:00,5,K14,UP,2026-08-31T12:50:21.395626+00:00,22,77776.49,77844.0,UP,1
2026-08-31T12:50:00+00:00,5,K1,UP,2026-08-31T12:50:21.395626+00:00,22,77776.49,77844.0,UP,1
2026-08-31T12:50:00+00:00,5,K6,UP,2026-08-31T12:50:21.395626+00:00,22,77776.49,77844.0,UP,1
2026-08-31T12:50:00+00:00,5,K10,UP,2026-08-31T12:51:02.548695+00:00,63,77776.49,77844.0,UP,1
2026-08-31T12:50:00+00:00,5,K11,UP,2026-08-31T12:51:44.325294+00:00,105,77776.49,77844.0,UP,1
2026-08-31T12:50:00+00:00,5,K9,UP,2026-08-31T12:50:21.395626+00:00,22,77776.49,77844.0,UP,1
2026-08-31T12:50:00+00:00,5,K4,UP,2026-08-31T12:50:21.395626+00:00,22,77776.49,77844.0,UP,1
2026-08-31T12:50:00+00:00,5,K3,UP,2026-08-31T12:50:21.395626+00:00,22,77776.49,77844.0,UP,1
2026-08-31T12:50:00+00:00,5,K15,UP,2026-08-31T12:50:21.395626+00:00,22,77776.49,77844.0,UP,1
2026-08-31T12:50:00+00:00,5,K5,UP,2026-08-31T12:50:21.395626+00:00,22,77776.49,77844.0,UP,1
2026-08-31T12:50:00+00:00,5,K12,UP,2026-08-31T12:50:21.395626+00:00,22,77776.49,77844.0,UP,1
2026-08-31T12:55:00+00:00,5,K2,UP,2026-08-31T12:55:21.053299+00:00,22,77844.0,77930.39,UP,1
2026-08-31T12:55:00+00:00,5,K14,UP,2026-08-31T12:55:21.053299+00:00,22,77844.0,77930.39,UP,1
2026-08-31T12:55:00+00:00,5,K15,UP,2026-08-31T12:55:21.053299+00:00,22,77844.0,77930.39,UP,1
2026-08-31T12:55:00+00:00,5,K5,UP,2026-08-31T12:55:21.053299+00:00,22,77844.0,77930.39,UP,1
2026-08-31T12:55:00+00:00,5,K12,UP,2026-08-31T12:55:21.053299+00:00,22,77844.0,77930.39,UP,1
2026-08-31T13:00:00+00:00,5,?,DOWN,2026-08-31T13:01:24.213060+00:00,85,77930.4,78000.01,UP,0
2026-08-31T13:00:00+00:00,5,K10,UP,2026-08-31T13:01:01.964290+00:00,62,77930.4,78000.01,UP,1
2026-08-31T13:00:00+00:00,5,K11,UP,2026-08-31T13:01:43.633415+00:00,104,77930.4,78000.01,UP,1
2026-08-31T13:00:00+00:00,15,K2,UP,2026-08-31T13:00:21.061008+00:00,22,77930.4,78086.55,UP,1
2026-08-31T13:00:00+00:00,15,?,DOWN,2026-08-31T13:01:24.213060+00:00,85,77930.4,78086.55,UP,0
2026-08-31T13:00:00+00:00,15,K10,UP,2026-08-31T13:03:05.024610+00:00,186,77930.4,78086.55,UP,1
2026-08-31T13:05:00+00:00,5,K11,UP,2026-08-31T13:06:41.699059+00:00,102,78000.01,78036.01,UP,1
2026-08-31T13:15:00+00:00,5,?,UP,2026-08-31T13:19:00.271944+00:00,241,78086.55,77968.66,DOWN,0
2026-08-31T13:15:00+00:00,5,K10,DOWN,2026-08-31T13:16:02.046155+00:00,63,78086.55,77968.66,DOWN,1
2026-08-31T13:15:00+00:00,15,?,UP,2026-08-31T13:19:00.271944+00:00,241,78086.55,78055.64,DOWN,0
2026-08-31T13:15:00+00:00,15,K11,DOWN,2026-08-31T13:20:01.006878+00:00,302,78086.55,78055.64,DOWN,1
2026-08-31T13:15:00+00:00,15,K9,DOWN,2026-08-31T13:15:21.048721+00:00,22,78086.55,78055.64,DOWN,1
2026-08-31T13:15:00+00:00,15,K4,DOWN,2026-08-31T13:15:21.048721+00:00,22,78086.55,78055.64,DOWN,1
2026-08-31T13:20:00+00:00,5,K10,UP,2026-08-31T13:21:03.188793+00:00,64,77968.67,78051.99,UP,1
2026-08-31T13:20:00+00:00,5,K11,UP,2026-08-31T13:21:44.795746+00:00,105,77968.67,78051.99,UP,1
2026-08-31T13:20:00+00:00,5,K9,UP,2026-08-31T13:20:21.449428+00:00,22,77968.67,78051.99,UP,1
2026-08-31T13:20:00+00:00,5,K4,UP,2026-08-31T13:20:21.449428+00:00,22,77968.67,78051.99,UP,1
2026-08-31T13:25:00+00:00,5,?,UP,2026-08-31T13:27:07.632058+00:00,128,78051.99,78055.64,UP,1
2026-08-31T13:25:00+00:00,5,K10,DOWN,2026-08-31T13:26:01.310980+00:00,62,78051.99,78055.64,UP,0
2026-08-31T13:25:00+00:00,5,K11,DOWN,2026-08-31T13:26:42.343201+00:00,103,78051.99,78055.64,UP,0
2026-08-31T13:30:00+00:00,5,?,DOWN,2026-08-31T13:30:21.221658+00:00,22,78055.65,78018.0,DOWN,1
2026-08-31T13:30:00+00:00,5,K10,UP,2026-08-31T13:31:01.253683+00:00,62,78055.65,78018.0,DOWN,0
2026-08-31T13:30:00+00:00,5,K11,UP,2026-08-31T13:31:42.436689+00:00,103,78055.65,78018.0,DOWN,0
2026-08-31T13:30:00+00:00,15,?,DOWN,2026-08-31T13:30:21.221658+00:00,22,78055.65,78000.0,DOWN,1
2026-08-31T13:30:00+00:00,15,K10,DOWN,2026-08-31T13:33:04.332125+00:00,185,78055.65,78000.0,DOWN,1
2026-08-31T13:35:00+00:00,5,K10,DOWN,2026-08-31T13:36:01.379024+00:00,62,78017.99,78142.01,UP,0
2026-08-31T13:35:00+00:00,5,K11,DOWN,2026-08-31T13:36:42.501682+00:00,103,78017.99,78142.01,UP,0
2026-08-31T13:40:00+00:00,5,K10,DOWN,2026-08-31T13:41:02.034615+00:00,63,78142.01,78000.0,DOWN,1
2026-08-31T13:40:00+00:00,5,K9,DOWN,2026-08-31T13:40:21.074939+00:00,22,78142.01,78000.0,DOWN,1
2026-08-31T13:40:00+00:00,5,K4,DOWN,2026-08-31T13:40:21.074939+00:00,22,78142.01,78000.0,DOWN,1
2026-08-31T13:45:00+00:00,5,K10,DOWN,2026-08-31T13:46:09.628125+00:00,70,78000.01,77907.83,DOWN,1
2026-08-31T13:45:00+00:00,5,K11,DOWN,2026-08-31T13:46:52.254111+00:00,113,78000.01,77907.83,DOWN,1
2026-08-31T13:45:00+00:00,5,K9,UP,2026-08-31T13:45:21.049864+00:00,22,78000.01,77907.83,DOWN,0
2026-08-31T13:45:00+00:00,5,K4,UP,2026-08-31T13:45:21.049864+00:00,22,78000.01,77907.83,DOWN,0
2026-08-31T13:50:00+00:00,5,K9,UP,2026-08-31T13:50:21.078095+00:00,22,77907.83,77842.62,DOWN,0
2026-08-31T13:50:00+00:00,5,K4,UP,2026-08-31T13:50:21.078095+00:00,22,77907.83,77842.62,DOWN,0
2026-08-31T13:55:00+00:00,5,K10,UP,2026-08-31T13:56:07.135961+00:00,68,77842.62,77867.39,UP,1
2026-08-31T13:55:00+00:00,5,K11,UP,2026-08-31T13:56:48.805004+00:00,109,77842.62,77867.39,UP,1
2026-08-31T13:55:00+00:00,5,K15,UP,2026-08-31T13:55:21.051928+00:00,22,77842.62,77867.39,UP,1
2026-08-31T14:00:00+00:00,15,K2,UP,2026-08-31T14:00:21.078851+00:00,22,77867.39,77902.01,UP,1
2026-08-31T14:00:00+00:00,15,?,DOWN,2026-08-31T14:08:37.414206+00:00,518,77867.39,77902.01,UP,0
2026-08-31T14:00:00+00:00,15,K5,UP,2026-08-31T14:00:21.078851+00:00,22,77867.39,77902.01,UP,1
2026-08-31T14:05:00+00:00,5,?,DOWN,2026-08-31T14:08:37.414206+00:00,218,77962.0,77975.17,UP,0
2026-08-31T14:05:00+00:00,5,K11,DOWN,2026-08-31T14:07:03.389010+00:00,124,77962.0,77975.17,UP,0
2026-08-31T14:05:00+00:00,5,K9,DOWN,2026-08-31T14:05:21.075049+00:00,22,77962.0,77975.17,UP,0
2026-08-31T14:05:00+00:00,5,K4,DOWN,2026-08-31T14:05:21.075049+00:00,22,77962.0,77975.17,UP,0
2026-08-31T14:10:00+00:00,5,K11,DOWN,2026-08-31T14:12:01.819154+00:00,122,77975.18,77902.01,DOWN,1
2026-08-31T14:15:00+00:00,15,?,UP,2026-08-31T14:22:55.287626+00:00,476,77902.01,78030.08,UP,1
2026-08-31T14:15:00+00:00,15,K11,UP,2026-08-31T14:20:01.003311+00:00,302,77902.01,78030.08,UP,1
2026-08-31T14:20:00+00:00,5,?,UP,2026-08-31T14:22:55.287626+00:00,176,78005.52,77794.01,DOWN,0
2026-08-31T14:20:00+00:00,5,K10,DOWN,2026-08-31T14:21:03.510495+00:00,64,78005.52,77794.01,DOWN,1
2026-08-31T14:20:00+00:00,5,K11,DOWN,2026-08-31T14:21:45.104243+00:00,106,78005.52,77794.01,DOWN,1
2026-08-31T14:20:00+00:00,5,K9,DOWN,2026-08-31T14:20:21.492026+00:00,22,78005.52,77794.01,DOWN,1
2026-08-31T14:20:00+00:00,5,K4,DOWN,2026-08-31T14:20:21.492026+00:00,22,78005.52,77794.01,DOWN,1
2026-08-31T14:25:00+00:00,5,K2,UP,2026-08-31T14:25:21.051513+00:00,22,77794.0,78030.08,UP,1
2026-08-31T14:25:00+00:00,5,K10,UP,2026-08-31T14:26:02.021950+00:00,63,77794.0,78030.08,UP,1
2026-08-31T14:25:00+00:00,5,K9,UP,2026-08-31T14:25:21.051513+00:00,22,77794.0,78030.08,UP,1
2026-08-31T14:25:00+00:00,5,K4,UP,2026-08-31T14:25:21.051513+00:00,22,77794.0,78030.08,UP,1
2026-08-31T14:25:00+00:00,5,K5,UP,2026-08-31T14:25:21.051513+00:00,22,77794.0,78030.08,UP,1
2026-08-31T14:30:00+00:00,5,K10,UP,2026-08-31T14:31:02.631858+00:00,63,78030.08,77970.01,DOWN,0
2026-08-31T14:30:00+00:00,5,K9,DOWN,2026-08-31T14:30:21.056607+00:00,22,78030.08,77970.01,DOWN,1
2026-08-31T14:30:00+00:00,5,K4,DOWN,2026-08-31T14:30:21.056607+00:00,22,78030.08,77970.01,DOWN,1
2026-08-31T14:30:00+00:00,15,?,DOWN,2026-08-31T14:41:17.542763+00:00,678,78030.08,78517.19,UP,0
2026-08-31T14:35:00+00:00,5,K10,UP,2026-08-31T14:36:01.342566+00:00,62,77970.0,78160.0,UP,1
2026-08-31T14:35:00+00:00,5,K11,UP,2026-08-31T14:36:42.976567+00:00,103,77970.0,78160.0,UP,1
2026-08-31T14:40:00+00:00,5,K2,DOWN,2026-08-31T14:40:01.004928+00:00,2,78160.0,78517.19,UP,0
2026-08-31T14:40:00+00:00,5,?,DOWN,2026-08-31T14:41:17.542763+00:00,78,78160.0,78517.19,UP,0
2026-08-31T14:40:00+00:00,5,K10,UP,2026-08-31T14:41:02.843633+00:00,63,78160.0,78517.19,UP,1
2026-08-31T14:40:00+00:00,5,K11,UP,2026-08-31T14:41:44.332907+00:00,105,78160.0,78517.19,UP,1
2026-08-31T14:40:00+00:00,5,K9,DOWN,2026-08-31T14:40:01.004928+00:00,2,78160.0,78517.19,UP,0
2026-08-31T14:40:00+00:00,5,K4,DOWN,2026-08-31T14:40:01.004928+00:00,2,78160.0,78517.19,UP,0
2026-08-31T14:45:00+00:00,5,K2,DOWN,2026-08-31T14:45:21.050240+00:00,22,78517.18,78416.16,DOWN,1
2026-08-31T14:45:00+00:00,5,K7,DOWN,2026-08-31T14:45:21.050240+00:00,22,78517.18,78416.16,DOWN,1
2026-08-31T14:45:00+00:00,5,K14,DOWN,2026-08-31T14:45:21.050240+00:00,22,78517.18,78416.16,DOWN,1
2026-08-31T14:45:00+00:00,5,K1,DOWN,2026-08-31T14:45:21.050240+00:00,22,78517.18,78416.16,DOWN,1
2026-08-31T14:45:00+00:00,5,K11,DOWN,2026-08-31T14:46:45.219085+00:00,106,78517.18,78416.16,DOWN,1
2026-08-31T14:45:00+00:00,5,K9,DOWN,2026-08-31T14:45:21.050240+00:00,22,78517.18,78416.16,DOWN,1
2026-08-31T14:45:00+00:00,5,K4,DOWN,2026-08-31T14:45:21.050240+00:00,22,78517.18,78416.16,DOWN,1
2026-08-31T14:45:00+00:00,5,K3,DOWN,2026-08-31T14:45:21.050240+00:00,22,78517.18,78416.16,DOWN,1
2026-08-31T14:45:00+00:00,5,K5,DOWN,2026-08-31T14:45:21.050240+00:00,22,78517.18,78416.16,DOWN,1
2026-08-31T14:45:00+00:00,15,K14,DOWN,2026-08-31T14:45:21.050240+00:00,22,78517.18,78600.14,UP,0
2026-08-31T14:45:00+00:00,15,?,DOWN,2026-08-31T14:59:31.177908+00:00,872,78517.18,78600.14,UP,0
2026-08-31T14:45:00+00:00,15,K11,DOWN,2026-08-31T14:50:01.007800+00:00,302,78517.18,78600.14,UP,0
2026-08-31T14:45:00+00:00,15,K9,DOWN,2026-08-31T14:45:21.050240+00:00,22,78517.18,78600.14,UP,0
2026-08-31T14:45:00+00:00,15,K4,DOWN,2026-08-31T14:45:21.050240+00:00,22,78517.18,78600.14,UP,0
2026-08-31T14:50:00+00:00,5,K2,DOWN,2026-08-31T14:50:21.386508+00:00,22,78416.16,78457.12,UP,0
2026-08-31T14:50:00+00:00,5,K7,DOWN,2026-08-31T14:50:21.386508+00:00,22,78416.16,78457.12,UP,0
2026-08-31T14:50:00+00:00,5,K14,DOWN,2026-08-31T14:50:21.386508+00:00,22,78416.16,78457.12,UP,0
2026-08-31T14:50:00+00:00,5,K9,UP,2026-08-31T14:50:21.386508+00:00,22,78416.16,78457.12,UP,1
2026-08-31T14:50:00+00:00,5,K15,DOWN,2026-08-31T14:50:21.386508+00:00,22,78416.16,78457.12,UP,0
2026-08-31T14:55:00+00:00,5,K2,DOWN,2026-08-31T14:55:21.050204+00:00,22,78457.11,78600.14,UP,0
2026-08-31T14:55:00+00:00,5,K7,DOWN,2026-08-31T14:55:21.050204+00:00,22,78457.11,78600.14,UP,0
2026-08-31T14:55:00+00:00,5,K14,DOWN,2026-08-31T14:55:21.050204+00:00,22,78457.11,78600.14,UP,0
2026-08-31T14:55:00+00:00,5,?,DOWN,2026-08-31T14:59:31.177908+00:00,272,78457.11,78600.14,UP,0
2026-08-31T14:55:00+00:00,5,K11,UP,2026-08-31T14:56:43.237859+00:00,104,78457.11,78600.14,UP,1
2026-08-31T14:55:00+00:00,5,K4,DOWN,2026-08-31T14:55:21.050204+00:00,22,78457.11,78600.14,UP,0
2026-08-31T14:55:00+00:00,5,K15,DOWN,2026-08-31T14:55:21.050204+00:00,22,78457.11,78600.14,UP,0
2026-08-31T15:00:00+00:00,5,K2,DOWN,2026-08-31T15:00:01.008392+00:00,2,78601.93,78464.0,DOWN,1
2026-08-31T15:00:00+00:00,5,K7,DOWN,2026-08-31T15:00:01.008392+00:00,2,78601.93,78464.0,DOWN,1
2026-08-31T15:00:00+00:00,5,K14,DOWN,2026-08-31T15:00:01.008392+00:00,2,78601.93,78464.0,DOWN,1
2026-08-31T15:00:00+00:00,5,K1,DOWN,2026-08-31T15:00:01.008392+00:00,2,78601.93,78464.0,DOWN,1
2026-08-31T15:00:00+00:00,5,?,DOWN,2026-08-31T15:00:32.050774+00:00,33,78601.93,78464.0,DOWN,1
2026-08-31T15:00:00+00:00,5,K9,DOWN,2026-08-31T15:00:01.008392+00:00,2,78601.93,78464.0,DOWN,1
2026-08-31T15:00:00+00:00,5,K4,DOWN,2026-08-31T15:00:01.008392+00:00,2,78601.93,78464.0,DOWN,1
2026-08-31T15:00:00+00:00,5,K3,DOWN,2026-08-31T15:00:01.008392+00:00,2,78601.93,78464.0,DOWN,1
2026-08-31T15:00:00+00:00,5,K16,DOWN,2026-08-31T15:00:01.008392+00:00,2,78601.93,78464.0,DOWN,1
2026-08-31T15:00:00+00:00,5,K8,DOWN,2026-08-31T15:00:01.008392+00:00,2,78601.93,78464.0,DOWN,1
2026-08-31T15:00:00+00:00,5,K5,DOWN,2026-08-31T15:00:01.008392+00:00,2,78601.93,78464.0,DOWN,1
2026-08-31T15:00:00+00:00,15,K14,DOWN,2026-08-31T15:00:01.008392+00:00,2,78601.93,78325.59,DOWN,1
2026-08-31T15:00:00+00:00,15,?,DOWN,2026-08-31T15:00:32.050774+00:00,33,78601.93,78325.59,DOWN,1
2026-08-31T15:00:00+00:00,15,K10,DOWN,2026-08-31T15:03:05.731952+00:00,186,78601.93,78325.59,DOWN,1
2026-08-31T15:00:00+00:00,15,K11,DOWN,2026-08-31T15:05:01.011212+00:00,302,78601.93,78325.59,DOWN,1
2026-08-31T15:00:00+00:00,15,K16,DOWN,2026-08-31T15:00:01.008392+00:00,2,78601.93,78325.59,DOWN,1
2026-08-31T15:00:00+00:00,15,K5,DOWN,2026-08-31T15:00:01.008392+00:00,2,78601.93,78325.59,DOWN,1
2026-08-31T15:05:00+00:00,5,K9,UP,2026-08-31T15:05:21.401539+00:00,22,78464.01,78539.7,UP,1
2026-08-31T15:05:00+00:00,5,K4,UP,2026-08-31T15:05:21.401539+00:00,22,78464.01,78539.7,UP,1
2026-08-31T15:10:00+00:00,5,K2,DOWN,2026-08-31T15:10:21.048546+00:00,22,78539.7,78325.59,DOWN,1
2026-08-31T15:10:00+00:00,5,K10,DOWN,2026-08-31T15:11:01.940779+00:00,62,78539.7,78325.59,DOWN,1
2026-08-31T15:10:00+00:00,5,K11,DOWN,2026-08-31T15:12:04.053779+00:00,125,78539.7,78325.59,DOWN,1
2026-08-31T15:10:00+00:00,5,K5,DOWN,2026-08-31T15:10:21.048546+00:00,22,78539.7,78325.59,DOWN,1
2026-08-31T15:15:00+00:00,5,K11,UP,2026-08-31T15:16:44.043658+00:00,105,78325.59,78269.21,DOWN,0
2026-08-31T15:15:00+00:00,5,K9,UP,2026-08-31T15:15:21.051531+00:00,22,78325.59,78269.21,DOWN,0
2026-08-31T15:15:00+00:00,5,K4,UP,2026-08-31T15:15:21.051531+00:00,22,78325.59,78269.21,DOWN,0
2026-08-31T15:15:00+00:00,15,K9,UP,2026-08-31T15:15:21.051531+00:00,22,78325.59,78462.94,UP,1
2026-08-31T15:15:00+00:00,15,K4,UP,2026-08-31T15:15:21.051531+00:00,22,78325.59,78462.94,UP,1
2026-08-31T15:20:00+00:00,5,K14,DOWN,2026-08-31T15:20:21.077463+00:00,22,78269.22,78356.53,UP,0
2026-08-31T15:20:00+00:00,5,K10,UP,2026-08-31T15:21:02.507910+00:00,63,78269.22,78356.53,UP,1
2026-08-31T15:20:00+00:00,5,K11,UP,2026-08-31T15:21:44.112742+00:00,105,78269.22,78356.53,UP,1
2026-08-31T15:25:00+00:00,5,K14,DOWN,2026-08-31T15:25:21.070699+00:00,22,78356.53,78462.94,UP,0
2026-08-31T15:30:00+00:00,5,K14,DOWN,2026-08-31T15:30:21.058924+00:00,22,78462.94,78532.52,UP,0
2026-08-31T15:30:00+00:00,5,?,DOWN,2026-08-31T15:32:14.521019+00:00,135,78462.94,78532.52,UP,0
2026-08-31T15:30:00+00:00,5,K10,UP,2026-08-31T15:31:02.457342+00:00,63,78462.94,78532.52,UP,1
2026-08-31T15:30:00+00:00,5,K9,DOWN,2026-08-31T15:30:21.058924+00:00,22,78462.94,78532.52,UP,0
2026-08-31T15:30:00+00:00,5,K4,DOWN,2026-08-31T15:30:21.058924+00:00,22,78462.94,78532.52,UP,0
2026-08-31T15:30:00+00:00,15,K14,DOWN,2026-08-31T15:30:21.058924+00:00,22,78462.94,78718.0,UP,0
2026-08-31T15:30:00+00:00,15,?,DOWN,2026-08-31T15:32:14.521019+00:00,135,78462.94,78718.0,UP,0
2026-08-31T15:30:00+00:00,15,K10,UP,2026-08-31T15:33:05.287113+00:00,186,78462.94,78718.0,UP,1
2026-08-31T15:35:00+00:00,5,K5,DOWN,2026-08-31T15:35:21.085920+00:00,22,78532.52,78535.99,UP,0
2026-08-31T15:40:00+00:00,5,?,DOWN,2026-08-31T15:43:05.614437+00:00,186,78535.99,78718.0,UP,0
2026-08-31T15:40:00+00:00,5,K5,DOWN,2026-08-31T15:40:01.004842+00:00,2,78535.99,78718.0,UP,0
2026-08-31T15:45:00+00:00,5,K2,DOWN,2026-08-31T15:45:21.050301+00:00,22,78718.01,78660.0,DOWN,1
2026-08-31T15:45:00+00:00,5,K10,DOWN,2026-08-31T15:46:02.426547+00:00,63,78718.01,78660.0,DOWN,1
2026-08-31T15:45:00+00:00,5,K11,DOWN,2026-08-31T15:47:05.107474+00:00,126,78718.01,78660.0,DOWN,1
2026-08-31T15:45:00+00:00,5,K9,DOWN,2026-08-31T15:45:21.050301+00:00,22,78718.01,78660.0,DOWN,1
2026-08-31T15:45:00+00:00,5,K4,DOWN,2026-08-31T15:45:21.050301+00:00,22,78718.01,78660.0,DOWN,1
2026-08-31T15:45:00+00:00,5,K8,DOWN,2026-08-31T15:45:21.050301+00:00,22,78718.01,78660.0,DOWN,1
2026-08-31T15:45:00+00:00,5,K5,DOWN,2026-08-31T15:45:21.050301+00:00,22,78718.01,78660.0,DOWN,1
2026-08-31T15:45:00+00:00,15,K2,DOWN,2026-08-31T15:45:21.050301+00:00,22,78718.01,78580.42,DOWN,1
2026-08-31T15:45:00+00:00,15,K10,DOWN,2026-08-31T15:48:05.661272+00:00,186,78718.01,78580.42,DOWN,1
2026-08-31T15:45:00+00:00,15,K9,DOWN,2026-08-31T15:45:21.050301+00:00,22,78718.01,78580.42,DOWN,1
2026-08-31T15:45:00+00:00,15,K4,DOWN,2026-08-31T15:45:21.050301+00:00,22,78718.01,78580.42,DOWN,1
2026-08-31T15:45:00+00:00,15,K8,DOWN,2026-08-31T15:45:21.050301+00:00,22,78718.01,78580.42,DOWN,1
2026-08-31T15:45:00+00:00,15,K5,DOWN,2026-08-31T15:45:21.050301+00:00,22,78718.01,78580.42,DOWN,1
2026-08-31T15:50:00+00:00,5,K5,DOWN,2026-08-31T15:50:21.079254+00:00,22,78660.0,78600.0,DOWN,1
2026-08-31T15:55:00+00:00,5,K5,DOWN,2026-08-31T15:55:21.048158+00:00,22,78600.01,78580.42,DOWN,1
2026-08-31T16:00:00+00:00,5,?,UP,2026-08-31T16:01:39.716925+00:00,100,78580.43,78598.0,UP,1
2026-08-31T16:00:00+00:00,5,K5,DOWN,2026-08-31T16:00:21.050167+00:00,22,78580.43,78598.0,UP,0
2026-08-31T16:00:00+00:00,15,?,UP,2026-08-31T16:01:39.716925+00:00,100,78580.43,78675.99,UP,1
2026-08-31T16:00:00+00:00,15,K10,UP,2026-08-31T16:03:04.909535+00:00,185,78580.43,78675.99,UP,1
2026-08-31T16:00:00+00:00,15,K5,DOWN,2026-08-31T16:00:21.050167+00:00,22,78580.43,78675.99,UP,0
2026-08-31T16:05:00+00:00,5,K5,DOWN,2026-08-31T16:05:21.076047+00:00,22,78598.0,78612.0,UP,0
2026-08-31T16:10:00+00:00,5,?,DOWN,2026-08-31T16:11:32.821588+00:00,93,78611.99,78675.99,UP,0
2026-08-31T16:10:00+00:00,5,K10,UP,2026-08-31T16:11:01.269672+00:00,62,78611.99,78675.99,UP,1
2026-08-31T16:10:00+00:00,5,K11,UP,2026-08-31T16:11:42.302618+00:00,103,78611.99,78675.99,UP,1
2026-08-31T16:15:00+00:00,5,?,UP,2026-08-31T16:18:25.573462+00:00,206,78675.98,78715.99,UP,1
2026-08-31T16:15:00+00:00,5,K10,DOWN,2026-08-31T16:16:02.461391+00:00,63,78675.98,78715.99,UP,0
2026-08-31T16:15:00+00:00,5,K11,DOWN,2026-08-31T16:16:45.352689+00:00,106,78675.98,78715.99,UP,0
2026-08-31T16:15:00+00:00,5,K5,DOWN,2026-08-31T16:15:21.050080+00:00,22,78675.98,78715.99,UP,0
2026-08-31T16:15:00+00:00,15,?,UP,2026-08-31T16:18:25.573462+00:00,206,78675.98,78647.2,DOWN,0
2026-08-31T16:15:00+00:00,15,K10,DOWN,2026-08-31T16:18:06.379166+00:00,187,78675.98,78647.2,DOWN,1
2026-08-31T16:15:00+00:00,15,K5,DOWN,2026-08-31T16:15:21.050080+00:00,22,78675.98,78647.2,DOWN,1
2026-08-31T16:20:00+00:00,5,K11,DOWN,2026-08-31T16:21:43.496234+00:00,104,78716.0,78601.99,DOWN,1
2026-08-31T16:20:00+00:00,5,K5,DOWN,2026-08-31T16:20:21.077310+00:00,22,78716.0,78601.99,DOWN,1
2026-08-31T16:25:00+00:00,5,K10,UP,2026-08-31T16:26:01.926573+00:00,62,78602.0,78647.2,UP,1
2026-08-31T16:25:00+00:00,5,K9,UP,2026-08-31T16:25:21.049134+00:00,22,78602.0,78647.2,UP,1
2026-08-31T16:25:00+00:00,5,K4,UP,2026-08-31T16:25:21.049134+00:00,22,78602.0,78647.2,UP,1
2026-08-31T16:30:00+00:00,15,K5,DOWN,2026-08-31T16:30:21.060339+00:00,22,78647.2,78726.0,UP,0
2026-08-31T16:45:00+00:00,5,K11,DOWN,2026-08-31T16:46:44.224345+00:00,105,78726.0,78714.84,DOWN,1
2026-08-31T16:45:00+00:00,5,K9,DOWN,2026-08-31T16:45:21.049399+00:00,22,78726.0,78714.84,DOWN,1
2026-08-31T16:45:00+00:00,5,K4,DOWN,2026-08-31T16:45:21.049399+00:00,22,78726.0,78714.84,DOWN,1
2026-08-31T16:45:00+00:00,5,K5,DOWN,2026-08-31T16:45:21.049399+00:00,22,78726.0,78714.84,DOWN,1
2026-08-31T16:45:00+00:00,15,?,DOWN,2026-08-31T16:55:24.805105+00:00,625,78726.0,78639.57,DOWN,1
2026-08-31T16:45:00+00:00,15,K8,DOWN,2026-08-31T16:45:21.049399+00:00,22,78726.0,78639.57,DOWN,1
2026-08-31T16:45:00+00:00,15,K5,DOWN,2026-08-31T16:45:21.049399+00:00,22,78726.0,78639.57,DOWN,1
2026-08-31T16:50:00+00:00,5,K5,DOWN,2026-08-31T16:50:21.077199+00:00,22,78714.84,78736.0,UP,0
2026-08-31T16:55:00+00:00,5,?,DOWN,2026-08-31T16:55:24.805105+00:00,25,78735.99,78639.57,DOWN,1
2026-08-31T16:55:00+00:00,5,K10,UP,2026-08-31T16:56:01.895391+00:00,62,78735.99,78639.57,DOWN,0
2026-08-31T16:55:00+00:00,5,K5,DOWN,2026-08-31T16:55:21.048055+00:00,22,78735.99,78639.57,DOWN,1
2026-08-31T17:00:00+00:00,5,K9,UP,2026-08-31T17:00:21.057194+00:00,22,78639.57,78676.34,UP,1
2026-08-31T17:00:00+00:00,5,K4,UP,2026-08-31T17:00:21.057194+00:00,22,78639.57,78676.34,UP,1
2026-08-31T17:00:00+00:00,5,K15,UP,2026-08-31T17:00:21.057194+00:00,22,78639.57,78676.34,UP,1
2026-08-31T17:00:00+00:00,15,?,DOWN,2026-08-31T17:07:44.994387+00:00,465,78639.57,78737.22,UP,0
2026-08-31T17:00:00+00:00,15,K15,UP,2026-08-31T17:00:21.057194+00:00,22,78639.57,78737.22,UP,1
2026-08-31T17:05:00+00:00,5,?,DOWN,2026-08-31T17:07:44.994387+00:00,165,78676.34,78748.99,UP,0
2026-08-31T17:05:00+00:00,5,K15,UP,2026-08-31T17:05:21.093162+00:00,22,78676.34,78748.99,UP,1
2026-08-31T17:10:00+00:00,5,K2,DOWN,2026-08-31T17:10:21.049018+00:00,22,78749.0,78737.22,DOWN,1
2026-08-31T17:10:00+00:00,5,K14,DOWN,2026-08-31T17:10:21.049018+00:00,22,78749.0,78737.22,DOWN,1
2026-08-31T17:10:00+00:00,5,K15,DOWN,2026-08-31T17:10:21.049018+00:00,22,78749.0,78737.22,DOWN,1
2026-08-31T17:15:00+00:00,5,K14,DOWN,2026-08-31T17:15:21.052041+00:00,22,78737.23,78650.0,DOWN,1
2026-08-31T17:15:00+00:00,5,?,DOWN,2026-08-31T17:18:51.294248+00:00,232,78737.23,78650.0,DOWN,1
2026-08-31T17:15:00+00:00,5,K11,DOWN,2026-08-31T17:17:04.275176+00:00,125,78737.23,78650.0,DOWN,1
2026-08-31T17:15:00+00:00,15,K14,DOWN,2026-08-31T17:15:21.052041+00:00,22,78737.23,78534.26,DOWN,1
2026-08-31T17:15:00+00:00,15,?,DOWN,2026-08-31T17:18:51.294248+00:00,232,78737.23,78534.26,DOWN,1
2026-08-31T17:15:00+00:00,15,K10,DOWN,2026-08-31T17:18:04.838283+00:00,185,78737.23,78534.26,DOWN,1
2026-08-31T17:15:00+00:00,15,K5,DOWN,2026-08-31T17:15:21.052041+00:00,22,78737.23,78534.26,DOWN,1
2026-08-31T17:25:00+00:00,5,K2,UP,2026-08-31T17:25:21.062489+00:00,22,78557.1,78534.26,DOWN,0
2026-08-31T17:25:00+00:00,5,K9,UP,2026-08-31T17:25:21.062489+00:00,22,78557.1,78534.26,DOWN,0
2026-08-31T17:25:00+00:00,5,K4,UP,2026-08-31T17:25:21.062489+00:00,22,78557.1,78534.26,DOWN,0
2026-08-31T17:25:00+00:00,5,K8,UP,2026-08-31T17:25:21.062489+00:00,22,78557.1,78534.26,DOWN,0
2026-08-31T17:25:00+00:00,5,K5,UP,2026-08-31T17:25:21.062489+00:00,22,78557.1,78534.26,DOWN,0
2026-08-31T17:30:00+00:00,5,K2,UP,2026-08-31T17:30:21.052658+00:00,22,78534.25,78619.34,UP,1
2026-08-31T17:30:00+00:00,5,K16,UP,2026-08-31T17:30:21.052658+00:00,22,78534.25,78619.34,UP,1
2026-08-31T17:30:00+00:00,5,K5,UP,2026-08-31T17:30:21.052658+00:00,22,78534.25,78619.34,UP,1
2026-08-31T17:30:00+00:00,15,?,UP,2026-08-31T17:36:00.578383+00:00,361,78534.25,78911.33,UP,1
2026-08-31T17:30:00+00:00,15,K9,UP,2026-08-31T17:30:21.052658+00:00,22,78534.25,78911.33,UP,1
2026-08-31T17:30:00+00:00,15,K4,UP,2026-08-31T17:30:21.052658+00:00,22,78534.25,78911.33,UP,1
2026-08-31T17:30:00+00:00,15,K16,UP,2026-08-31T17:30:21.052658+00:00,22,78534.25,78911.33,UP,1
2026-08-31T17:35:00+00:00,5,?,UP,2026-08-31T17:36:00.578383+00:00,61,78619.35,78789.99,UP,1
2026-08-31T17:35:00+00:00,5,K16,UP,2026-08-31T17:35:21.076853+00:00,22,78619.35,78789.99,UP,1
2026-08-31T17:40:00+00:00,5,K2,DOWN,2026-08-31T17:40:21.048517+00:00,22,78790.0,78911.33,UP,0
2026-08-31T17:40:00+00:00,5,K14,DOWN,2026-08-31T17:40:21.048517+00:00,22,78790.0,78911.33,UP,0
2026-08-31T17:40:00+00:00,5,?,DOWN,2026-08-31T17:41:31.720228+00:00,92,78790.0,78911.33,UP,0
2026-08-31T17:40:00+00:00,5,K11,UP,2026-08-31T17:41:43.016901+00:00,104,78790.0,78911.33,UP,1
2026-08-31T17:40:00+00:00,5,K9,DOWN,2026-08-31T17:40:21.048517+00:00,22,78790.0,78911.33,UP,0
2026-08-31T17:40:00+00:00,5,K4,DOWN,2026-08-31T17:40:21.048517+00:00,22,78790.0,78911.33,UP,0
2026-08-31T17:40:00+00:00,5,K16,DOWN,2026-08-31T17:40:21.048517+00:00,22,78790.0,78911.33,UP,0
2026-08-31T17:45:00+00:00,5,K2,DOWN,2026-08-31T17:45:21.051929+00:00,22,78911.34,78850.69,DOWN,1
2026-08-31T17:45:00+00:00,5,K7,DOWN,2026-08-31T17:45:21.051929+00:00,22,78911.34,78850.69,DOWN,1
2026-08-31T17:45:00+00:00,5,K14,DOWN,2026-08-31T17:45:21.051929+00:00,22,78911.34,78850.69,DOWN,1
2026-08-31T17:45:00+00:00,5,K1,DOWN,2026-08-31T17:45:21.051929+00:00,22,78911.34,78850.69,DOWN,1
2026-08-31T17:45:00+00:00,5,K9,DOWN,2026-08-31T17:45:21.051929+00:00,22,78911.34,78850.69,DOWN,1
2026-08-31T17:45:00+00:00,5,K4,DOWN,2026-08-31T17:45:21.051929+00:00,22,78911.34,78850.69,DOWN,1
2026-08-31T17:45:00+00:00,5,K3,DOWN,2026-08-31T17:45:21.051929+00:00,22,78911.34,78850.69,DOWN,1
2026-08-31T17:45:00+00:00,5,K15,DOWN,2026-08-31T17:46:23.931722+00:00,84,78911.34,78850.69,DOWN,1
2026-08-31T17:45:00+00:00,15,K2,DOWN,2026-08-31T17:45:21.051929+00:00,22,78911.34,78897.36,DOWN,1
2026-08-31T17:45:00+00:00,15,K14,DOWN,2026-08-31T17:45:21.051929+00:00,22,78911.34,78897.36,DOWN,1
2026-08-31T17:45:00+00:00,15,K9,DOWN,2026-08-31T17:45:21.051929+00:00,22,78911.34,78897.36,DOWN,1
2026-08-31T17:45:00+00:00,15,K4,DOWN,2026-08-31T17:45:21.051929+00:00,22,78911.34,78897.36,DOWN,1
2026-08-31T17:45:00+00:00,15,K15,DOWN,2026-08-31T17:46:23.931722+00:00,84,78911.34,78897.36,DOWN,1
2026-08-31T17:45:00+00:00,15,K8,DOWN,2026-08-31T17:45:21.051929+00:00,22,78911.34,78897.36,DOWN,1
2026-08-31T17:45:00+00:00,15,K5,DOWN,2026-08-31T17:45:21.051929+00:00,22,78911.34,78897.36,DOWN,1
2026-08-31T17:50:00+00:00,5,K2,DOWN,2026-08-31T17:50:21.081269+00:00,22,78850.69,78921.99,UP,0
2026-08-31T17:50:00+00:00,5,K14,DOWN,2026-08-31T17:50:21.081269+00:00,22,78850.69,78921.99,UP,0
2026-08-31T17:50:00+00:00,5,K11,UP,2026-08-31T17:51:43.216114+00:00,104,78850.69,78921.99,UP,1
2026-08-31T17:50:00+00:00,5,K15,DOWN,2026-08-31T17:50:21.081269+00:00,22,78850.69,78921.99,UP,0
2026-08-31T17:55:00+00:00,5,K2,DOWN,2026-08-31T17:55:21.072957+00:00,22,78921.99,78897.36,DOWN,1
2026-08-31T17:55:00+00:00,5,K7,DOWN,2026-08-31T17:55:21.072957+00:00,22,78921.99,78897.36,DOWN,1
2026-08-31T17:55:00+00:00,5,K14,DOWN,2026-08-31T17:55:21.072957+00:00,22,78921.99,78897.36,DOWN,1
2026-08-31T17:55:00+00:00,5,K4,DOWN,2026-08-31T17:55:21.072957+00:00,22,78921.99,78897.36,DOWN,1
2026-08-31T17:55:00+00:00,5,K5,DOWN,2026-08-31T17:55:21.072957+00:00,22,78921.99,78897.36,DOWN,1
2026-08-31T18:00:00+00:00,5,K2,DOWN,2026-08-31T18:00:21.059414+00:00,22,78897.35,78807.04,DOWN,1
2026-08-31T18:00:00+00:00,5,K10,DOWN,2026-08-31T18:01:02.486246+00:00,63,78897.35,78807.04,DOWN,1
2026-08-31T18:00:00+00:00,5,K11,DOWN,2026-08-31T18:01:44.547858+00:00,105,78897.35,78807.04,DOWN,1
2026-08-31T18:00:00+00:00,15,?,DOWN,2026-08-31T18:12:53.585038+00:00,774,78897.35,78956.93,UP,0
2026-08-31T18:00:00+00:00,15,K10,DOWN,2026-08-31T18:03:05.787587+00:00,186,78897.35,78956.93,UP,0
2026-08-31T18:00:00+00:00,15,K8,DOWN,2026-08-31T18:00:21.059414+00:00,22,78897.35,78956.93,UP,0
2026-08-31T18:00:00+00:00,15,K5,DOWN,2026-08-31T18:00:21.059414+00:00,22,78897.35,78956.93,UP,0
2026-08-31T18:05:00+00:00,5,K9,UP,2026-08-31T18:05:21.077971+00:00,22,78807.04,78848.0,UP,1
2026-08-31T18:05:00+00:00,5,K4,UP,2026-08-31T18:05:21.077971+00:00,22,78807.04,78848.0,UP,1
2026-08-31T18:10:00+00:00,5,?,DOWN,2026-08-31T18:12:53.585038+00:00,174,78848.0,78956.93,UP,0
2026-08-31T18:15:00+00:00,5,K2,DOWN,2026-08-31T18:15:21.049862+00:00,22,78956.92,79046.0,UP,0
2026-08-31T18:15:00+00:00,5,?,DOWN,2026-08-31T18:15:54.281107+00:00,55,78956.92,79046.0,UP,0
2026-08-31T18:15:00+00:00,5,K11,UP,2026-08-31T18:17:04.340782+00:00,125,78956.92,79046.0,UP,1
2026-08-31T18:15:00+00:00,5,K9,DOWN,2026-08-31T18:15:21.049862+00:00,22,78956.92,79046.0,UP,0
2026-08-31T18:15:00+00:00,5,K4,DOWN,2026-08-31T18:15:21.049862+00:00,22,78956.92,79046.0,UP,0
2026-08-31T18:15:00+00:00,5,K5,DOWN,2026-08-31T18:15:21.049862+00:00,22,78956.92,79046.0,UP,0
2026-08-31T18:15:00+00:00,15,?,DOWN,2026-08-31T18:15:54.281107+00:00,55,78956.92,78908.0,DOWN,1
2026-08-31T18:15:00+00:00,15,K8,DOWN,2026-08-31T18:15:21.049862+00:00,22,78956.92,78908.0,DOWN,1
2026-08-31T18:15:00+00:00,15,K5,DOWN,2026-08-31T18:15:21.049862+00:00,22,78956.92,78908.0,DOWN,1
2026-08-31T18:20:00+00:00,5,K2,DOWN,2026-08-31T18:20:21.077220+00:00,22,79045.99,78894.38,DOWN,1
2026-08-31T18:20:00+00:00,5,K7,DOWN,2026-08-31T18:20:21.077220+00:00,22,79045.99,78894.38,DOWN,1
2026-08-31T18:20:00+00:00,5,K14,DOWN,2026-08-31T18:20:21.077220+00:00,22,79045.99,78894.38,DOWN,1
2026-08-31T18:20:00+00:00,5,K1,DOWN,2026-08-31T18:20:21.077220+00:00,22,79045.99,78894.38,DOWN,1
2026-08-31T18:20:00+00:00,5,K11,DOWN,2026-08-31T18:22:03.167436+00:00,124,79045.99,78894.38,DOWN,1
2026-08-31T18:20:00+00:00,5,K9,DOWN,2026-08-31T18:20:21.077220+00:00,22,79045.99,78894.38,DOWN,1
2026-08-31T18:20:00+00:00,5,K4,DOWN,2026-08-31T18:20:21.077220+00:00,22,79045.99,78894.38,DOWN,1
2026-08-31T18:20:00+00:00,5,K3,DOWN,2026-08-31T18:20:21.077220+00:00,22,79045.99,78894.38,DOWN,1
2026-08-31T18:20:00+00:00,5,K8,DOWN,2026-08-31T18:20:21.077220+00:00,22,79045.99,78894.38,DOWN,1
2026-08-31T18:20:00+00:00,5,K5,DOWN,2026-08-31T18:20:21.077220+00:00,22,79045.99,78894.38,DOWN,1
2026-08-31T18:25:00+00:00,5,K14,DOWN,2026-08-31T18:25:21.052003+00:00,22,78894.38,78908.0,UP,0
2026-08-31T18:25:00+00:00,5,K10,DOWN,2026-08-31T18:26:02.439492+00:00,63,78894.38,78908.0,UP,0
2026-08-31T18:25:00+00:00,5,K9,UP,2026-08-31T18:25:21.052003+00:00,22,78894.38,78908.0,UP,1
2026-08-31T18:25:00+00:00,5,K4,UP,2026-08-31T18:25:21.052003+00:00,22,78894.38,78908.0,UP,1
2026-08-31T18:30:00+00:00,15,?,DOWN,2026-08-31T18:37:57.162509+00:00,478,78908.0,79188.07,UP,0
2026-08-31T18:30:00+00:00,15,K5,DOWN,2026-08-31T18:30:21.058123+00:00,22,78908.0,79188.07,UP,0
2026-08-31T18:35:00+00:00,5,?,DOWN,2026-08-31T18:37:57.162509+00:00,178,78897.35,78998.0,UP,0
2026-08-31T18:35:00+00:00,5,K10,UP,2026-08-31T18:36:01.329611+00:00,62,78897.35,78998.0,UP,1
2026-08-31T18:35:00+00:00,5,K11,UP,2026-08-31T18:37:02.933716+00:00,123,78897.35,78998.0,UP,1
2026-08-31T18:40:00+00:00,5,K14,DOWN,2026-08-31T18:40:21.049341+00:00,22,78997.99,79188.07,UP,0
2026-08-31T18:40:00+00:00,5,?,DOWN,2026-08-31T18:41:00.213060+00:00,61,78997.99,79188.07,UP,0
2026-08-31T18:40:00+00:00,5,K10,UP,2026-08-31T18:41:01.875137+00:00,62,78997.99,79188.07,UP,1
2026-08-31T18:40:00+00:00,5,K11,UP,2026-08-31T18:41:43.327256+00:00,104,78997.99,79188.07,UP,1
2026-08-31T18:40:00+00:00,5,K9,DOWN,2026-08-31T18:40:21.049341+00:00,22,78997.99,79188.07,UP,0
2026-08-31T18:40:00+00:00,5,K4,DOWN,2026-08-31T18:40:21.049341+00:00,22,78997.99,79188.07,UP,0
2026-08-31T18:40:00+00:00,5,K5,DOWN,2026-08-31T18:40:21.049341+00:00,22,78997.99,79188.07,UP,0
2026-08-31T18:45:00+00:00,5,K2,DOWN,2026-08-31T18:45:21.051213+00:00,22,79188.08,79084.0,DOWN,1
2026-08-31T18:45:00+00:00,5,K7,DOWN,2026-08-31T18:45:21.051213+00:00,22,79188.08,79084.0,DOWN,1
2026-08-31T18:45:00+00:00,5,K14,DOWN,2026-08-31T18:45:21.051213+00:00,22,79188.08,79084.0,DOWN,1
2026-08-31T18:45:00+00:00,5,K1,DOWN,2026-08-31T18:45:21.051213+00:00,22,79188.08,79084.0,DOWN,1
2026-08-31T18:45:00+00:00,5,?,UP,2026-08-31T18:45:28.616730+00:00,29,79188.08,79084.0,DOWN,0
2026-08-31T18:45:00+00:00,5,K10,DOWN,2026-08-31T18:46:02.391306+00:00,63,79188.08,79084.0,DOWN,1
2026-08-31T18:45:00+00:00,5,K11,DOWN,2026-08-31T18:46:45.355867+00:00,106,79188.08,79084.0,DOWN,1
2026-08-31T18:45:00+00:00,5,K9,DOWN,2026-08-31T18:45:21.051213+00:00,22,79188.08,79084.0,DOWN,1
2026-08-31T18:45:00+00:00,5,K4,DOWN,2026-08-31T18:45:21.051213+00:00,22,79188.08,79084.0,DOWN,1
2026-08-31T18:45:00+00:00,5,K3,DOWN,2026-08-31T18:45:21.051213+00:00,22,79188.08,79084.0,DOWN,1
2026-08-31T18:45:00+00:00,5,K8,DOWN,2026-08-31T18:45:21.051213+00:00,22,79188.08,79084.0,DOWN,1
2026-08-31T18:45:00+00:00,5,K5,DOWN,2026-08-31T18:45:21.051213+00:00,22,79188.08,79084.0,DOWN,1
2026-08-31T18:45:00+00:00,15,K2,DOWN,2026-08-31T18:45:21.051213+00:00,22,79188.08,79016.0,DOWN,1
2026-08-31T18:45:00+00:00,15,K14,DOWN,2026-08-31T18:45:21.051213+00:00,22,79188.08,79016.0,DOWN,1
2026-08-31T18:45:00+00:00,15,?,UP,2026-08-31T18:45:28.616730+00:00,29,79188.08,79016.0,DOWN,0
2026-08-31T18:45:00+00:00,15,K10,DOWN,2026-08-31T18:48:06.347088+00:00,187,79188.08,79016.0,DOWN,1
2026-08-31T18:45:00+00:00,15,K11,DOWN,2026-08-31T18:50:01.008893+00:00,302,79188.08,79016.0,DOWN,1
2026-08-31T18:45:00+00:00,15,K9,DOWN,2026-08-31T18:45:21.051213+00:00,22,79188.08,79016.0,DOWN,1
2026-08-31T18:45:00+00:00,15,K4,DOWN,2026-08-31T18:45:21.051213+00:00,22,79188.08,79016.0,DOWN,1
2026-08-31T18:45:00+00:00,15,K8,DOWN,2026-08-31T18:45:21.051213+00:00,22,79188.08,79016.0,DOWN,1
2026-08-31T18:45:00+00:00,15,K5,DOWN,2026-08-31T18:45:21.051213+00:00,22,79188.08,79016.0,DOWN,1
2026-08-31T18:50:00+00:00,5,K9,UP,2026-08-31T18:50:21.395643+00:00,22,79084.01,79010.0,DOWN,0
2026-08-31T18:50:00+00:00,5,K4,UP,2026-08-31T18:50:21.395643+00:00,22,79084.01,79010.0,DOWN,0
2026-08-31T18:50:00+00:00,5,K5,DOWN,2026-08-31T18:50:21.395643+00:00,22,79084.01,79010.0,DOWN,1
2026-08-31T19:00:00+00:00,5,K14,UP,2026-08-31T19:00:21.051287+00:00,22,79016.01,79072.0,UP,1
2026-08-31T19:00:00+00:00,5,K10,UP,2026-08-31T19:01:03.307435+00:00,64,79016.01,79072.0,UP,1
2026-08-31T19:00:00+00:00,5,K11,UP,2026-08-31T19:01:46.764047+00:00,107,79016.01,79072.0,UP,1
2026-08-31T19:00:00+00:00,15,K14,UP,2026-08-31T19:00:21.051287+00:00,22,79016.01,79188.08,UP,1
2026-08-31T19:00:00+00:00,15,?,DOWN,2026-08-31T19:07:43.623360+00:00,464,79016.01,79188.08,UP,0
2026-08-31T19:00:00+00:00,15,K9,UP,2026-08-31T19:00:21.051287+00:00,22,79016.01,79188.08,UP,1
2026-08-31T19:00:00+00:00,15,K4,UP,2026-08-31T19:00:21.051287+00:00,22,79016.01,79188.08,UP,1
2026-08-31T19:00:00+00:00,15,K5,DOWN,2026-08-31T19:00:21.051287+00:00,22,79016.01,79188.08,UP,0
2026-08-31T19:05:00+00:00,5,?,DOWN,2026-08-31T19:07:43.623360+00:00,164,79071.99,79214.0,UP,0
2026-08-31T19:05:00+00:00,5,K5,DOWN,2026-08-31T19:05:21.076567+00:00,22,79071.99,79214.0,UP,0
2026-08-31T19:10:00+00:00,5,K2,DOWN,2026-08-31T19:10:21.049388+00:00,22,79214.01,79188.08,DOWN,1
2026-08-31T19:10:00+00:00,5,?,DOWN,2026-08-31T19:10:51.377687+00:00,52,79214.01,79188.08,DOWN,1
2026-08-31T19:10:00+00:00,5,K11,DOWN,2026-08-31T19:12:03.275385+00:00,124,79214.01,79188.08,DOWN,1
2026-08-31T19:10:00+00:00,5,K9,DOWN,2026-08-31T19:10:21.049388+00:00,22,79214.01,79188.08,DOWN,1
2026-08-31T19:10:00+00:00,5,K4,DOWN,2026-08-31T19:10:21.049388+00:00,22,79214.01,79188.08,DOWN,1
2026-08-31T19:10:00+00:00,5,K8,DOWN,2026-08-31T19:10:21.049388+00:00,22,79214.01,79188.08,DOWN,1
2026-08-31T19:10:00+00:00,5,K5,DOWN,2026-08-31T19:10:21.049388+00:00,22,79214.01,79188.08,DOWN,1
2026-08-31T19:15:00+00:00,5,K2,DOWN,2026-08-31T19:15:21.052577+00:00,22,79188.08,79065.33,DOWN,1
2026-08-31T19:15:00+00:00,5,?,UP,2026-08-31T19:15:43.506995+00:00,44,79188.08,79065.33,DOWN,0
2026-08-31T19:15:00+00:00,5,K10,DOWN,2026-08-31T19:16:02.418507+00:00,63,79188.08,79065.33,DOWN,1
2026-08-31T19:15:00+00:00,5,K11,DOWN,2026-08-31T19:16:44.453544+00:00,105,79188.08,79065.33,DOWN,1
2026-08-31T19:15:00+00:00,5,K8,DOWN,2026-08-31T19:15:21.052577+00:00,22,79188.08,79065.33,DOWN,1
2026-08-31T19:15:00+00:00,5,K5,DOWN,2026-08-31T19:15:21.052577+00:00,22,79188.08,79065.33,DOWN,1
2026-08-31T19:15:00+00:00,15,K2,DOWN,2026-08-31T19:15:21.052577+00:00,22,79188.08,79090.01,DOWN,1
2026-08-31T19:15:00+00:00,15,?,UP,2026-08-31T19:15:43.506995+00:00,44,79188.08,79090.01,DOWN,0
2026-08-31T19:15:00+00:00,15,K11,DOWN,2026-08-31T19:20:01.007166+00:00,302,79188.08,79090.01,DOWN,1
2026-08-31T19:15:00+00:00,15,K9,DOWN,2026-08-31T19:15:21.052577+00:00,22,79188.08,79090.01,DOWN,1
2026-08-31T19:15:00+00:00,15,K4,DOWN,2026-08-31T19:15:21.052577+00:00,22,79188.08,79090.01,DOWN,1
2026-08-31T19:15:00+00:00,15,K8,DOWN,2026-08-31T19:15:21.052577+00:00,22,79188.08,79090.01,DOWN,1
2026-08-31T19:15:00+00:00,15,K5,DOWN,2026-08-31T19:15:21.052577+00:00,22,79188.08,79090.01,DOWN,1
2026-08-31T19:20:00+00:00,5,K9,UP,2026-08-31T19:20:21.427871+00:00,22,79065.32,79078.48,UP,1
2026-08-31T19:20:00+00:00,5,K4,UP,2026-08-31T19:20:21.427871+00:00,22,79065.32,79078.48,UP,1
2026-08-31T19:25:00+00:00,5,K15,UP,2026-08-31T19:25:21.050709+00:00,22,79078.48,79090.01,UP,1
2026-08-31T19:30:00+00:00,5,?,DOWN,2026-08-31T19:34:28.335398+00:00,269,79090.01,79087.99,DOWN,1
2026-08-31T19:30:00+00:00,5,K10,UP,2026-08-31T19:31:02.977254+00:00,63,79090.01,79087.99,DOWN,0
2026-08-31T19:30:00+00:00,5,K15,UP,2026-08-31T19:30:21.057309+00:00,22,79090.01,79087.99,DOWN,0
2026-08-31T19:30:00+00:00,15,?,DOWN,2026-08-31T19:34:28.335398+00:00,269,79090.01,78981.99,DOWN,1
2026-08-31T19:30:00+00:00,15,K15,UP,2026-08-31T19:30:21.057309+00:00,22,79090.01,78981.99,DOWN,0
2026-08-31T19:30:00+00:00,15,K5,DOWN,2026-08-31T19:30:21.057309+00:00,22,79090.01,78981.99,DOWN,1
2026-08-31T19:40:00+00:00,5,?,UP,2026-08-31T19:42:22.072608+00:00,143,79056.0,78981.99,DOWN,0
2026-08-31T19:40:00+00:00,5,K11,DOWN,2026-08-31T19:41:41.731240+00:00,102,79056.0,78981.99,DOWN,1
2026-08-31T19:45:00+00:00,15,?,DOWN,2026-08-31T19:50:04.213702+00:00,305,78981.99,78898.06,DOWN,1
2026-08-31T19:50:00+00:00,5,?,DOWN,2026-08-31T19:50:04.213702+00:00,5,79056.0,78915.27,DOWN,1
2026-08-31T19:50:00+00:00,5,K10,DOWN,2026-08-31T19:51:01.329019+00:00,62,79056.0,78915.27,DOWN,1
2026-08-31T19:50:00+00:00,5,K11,DOWN,2026-08-31T19:52:03.086208+00:00,124,79056.0,78915.27,DOWN,1
2026-08-31T19:55:00+00:00,5,?,UP,2026-08-31T19:56:35.101393+00:00,96,78915.28,78898.06,DOWN,0
2026-08-31T19:55:00+00:00,5,K10,DOWN,2026-08-31T19:56:01.903101+00:00,62,78915.28,78898.06,DOWN,1
2026-08-31T19:55:00+00:00,5,K11,DOWN,2026-08-31T19:56:43.399642+00:00,104,78915.28,78898.06,DOWN,1
2026-08-31T19:55:00+00:00,5,K9,UP,2026-08-31T19:55:21.049081+00:00,22,78915.28,78898.06,DOWN,0
2026-08-31T19:55:00+00:00,5,K4,UP,2026-08-31T19:55:21.049081+00:00,22,78915.28,78898.06,DOWN,0
2026-08-31T19:55:00+00:00,5,K5,UP,2026-08-31T19:55:21.049081+00:00,22,78915.28,78898.06,DOWN,0
2026-08-31T20:00:00+00:00,5,K5,UP,2026-08-31T20:00:21.050705+00:00,22,78898.06,78892.03,DOWN,0
2026-08-31T20:05:00+00:00,5,K5,UP,2026-08-31T20:05:21.075789+00:00,22,78892.04,78946.0,UP,1
2026-08-31T20:15:00+00:00,5,?,DOWN,2026-08-31T20:17:42.538749+00:00,163,78960.51,79083.99,UP,0
2026-08-31T20:15:00+00:00,15,?,DOWN,2026-08-31T20:17:42.538749+00:00,163,78960.51,78923.08,DOWN,1
2026-08-31T20:15:00+00:00,15,K11,UP,2026-08-31T20:20:01.004836+00:00,302,78960.51,78923.08,DOWN,0
2026-08-31T20:20:00+00:00,5,?,UP,2026-08-31T20:20:18.239239+00:00,19,79083.99,79016.02,DOWN,0
2026-08-31T20:20:00+00:00,5,K10,UP,2026-08-31T20:21:02.535268+00:00,63,79083.99,79016.02,DOWN,0
2026-08-31T20:20:00+00:00,5,K9,DOWN,2026-08-31T20:20:21.453577+00:00,22,79083.99,79016.02,DOWN,1
2026-08-31T20:20:00+00:00,5,K4,DOWN,2026-08-31T20:20:21.453577+00:00,22,79083.99,79016.02,DOWN,1
2026-08-31T20:30:00+00:00,5,?,UP,2026-08-31T20:33:42.701163+00:00,223,78923.07,78838.01,DOWN,0
2026-08-31T20:30:00+00:00,5,K9,UP,2026-08-31T20:30:21.049155+00:00,22,78923.07,78838.01,DOWN,0
2026-08-31T20:30:00+00:00,5,K4,UP,2026-08-31T20:30:21.049155+00:00,22,78923.07,78838.01,DOWN,0
2026-08-31T20:30:00+00:00,5,K5,UP,2026-08-31T20:30:21.049155+00:00,22,78923.07,78838.01,DOWN,0
2026-08-31T20:30:00+00:00,15,?,UP,2026-08-31T20:33:42.701163+00:00,223,78923.07,78883.68,DOWN,0
2026-08-31T20:35:00+00:00,5,K2,UP,2026-08-31T20:35:21.077964+00:00,22,78838.0,78808.0,DOWN,0
2026-08-31T20:35:00+00:00,5,K14,UP,2026-08-31T20:35:21.077964+00:00,22,78838.0,78808.0,DOWN,0
2026-08-31T20:35:00+00:00,5,?,UP,2026-08-31T20:38:17.511728+00:00,198,78838.0,78808.0,DOWN,0
2026-08-31T20:35:00+00:00,5,K8,UP,2026-08-31T20:35:21.077964+00:00,22,78838.0,78808.0,DOWN,0
2026-08-31T20:35:00+00:00,5,K5,UP,2026-08-31T20:35:21.077964+00:00,22,78838.0,78808.0,DOWN,0
2026-08-31T20:40:00+00:00,5,K2,UP,2026-08-31T20:40:21.050492+00:00,22,78808.0,78883.68,UP,1
2026-08-31T20:40:00+00:00,5,K14,UP,2026-08-31T20:40:21.050492+00:00,22,78808.0,78883.68,UP,1
2026-08-31T20:40:00+00:00,5,K8,UP,2026-08-31T20:40:21.050492+00:00,22,78808.0,78883.68,UP,1
2026-08-31T20:40:00+00:00,5,K5,UP,2026-08-31T20:40:21.050492+00:00,22,78808.0,78883.68,UP,1
2026-08-31T20:45:00+00:00,15,?,DOWN,2026-08-31T20:50:35.437784+00:00,336,78883.69,78864.72,DOWN,1
2026-08-31T20:50:00+00:00,5,?,DOWN,2026-08-31T20:50:35.437784+00:00,36,78840.0,78899.68,UP,0
2026-08-31T20:50:00+00:00,5,K5,UP,2026-08-31T20:50:21.074725+00:00,22,78840.0,78899.68,UP,1
2026-08-31T20:55:00+00:00,5,K14,DOWN,2026-08-31T20:55:21.049528+00:00,22,78899.68,78864.72,DOWN,1
2026-08-31T20:55:00+00:00,5,?,DOWN,2026-08-31T20:56:32.152869+00:00,93,78899.68,78864.72,DOWN,1
2026-08-31T21:00:00+00:00,5,K14,DOWN,2026-08-31T21:00:21.055648+00:00,22,78864.73,78826.9,DOWN,1
2026-08-31T21:00:00+00:00,15,K14,DOWN,2026-08-31T21:00:21.055648+00:00,22,78864.73,78838.0,DOWN,1
2026-08-31T21:00:00+00:00,15,?,UP,2026-08-31T21:05:20.646122+00:00,321,78864.73,78838.0,DOWN,0
2026-08-31T21:05:00+00:00,5,K14,DOWN,2026-08-31T21:05:21.075690+00:00,22,78826.9,78890.86,UP,0
2026-08-31T21:05:00+00:00,5,?,UP,2026-08-31T21:05:20.646122+00:00,21,78826.9,78890.86,UP,1
2026-08-31T21:05:00+00:00,5,K10,DOWN,2026-08-31T21:06:02.318592+00:00,63,78826.9,78890.86,UP,0
2026-08-31T21:05:00+00:00,5,K11,DOWN,2026-08-31T21:06:44.255316+00:00,105,78826.9,78890.86,UP,0
2026-08-31T21:05:00+00:00,5,K5,UP,2026-08-31T21:05:21.075690+00:00,22,78826.9,78890.86,UP,1
2026-08-31T21:10:00+00:00,5,K10,DOWN,2026-08-31T21:11:01.257301+00:00,62,78890.86,78838.0,DOWN,1
2026-08-31T21:10:00+00:00,5,K11,DOWN,2026-08-31T21:11:42.302375+00:00,103,78890.86,78838.0,DOWN,1
2026-08-31T21:15:00+00:00,15,?,DOWN,2026-08-31T21:20:29.314673+00:00,330,78838.0,78960.38,UP,0
2026-08-31T21:20:00+00:00,5,?,DOWN,2026-08-31T21:20:29.314673+00:00,30,78819.58,78860.02,UP,0
2026-08-31T21:20:00+00:00,5,K10,UP,2026-08-31T21:21:02.077268+00:00,63,78819.58,78860.02,UP,1
2026-08-31T21:20:00+00:00,5,K5,UP,2026-08-31T21:20:21.075182+00:00,22,78819.58,78860.02,UP,1
2026-08-31T21:25:00+00:00,5,K14,DOWN,2026-08-31T21:25:21.064330+00:00,22,78860.02,78960.38,UP,0
2026-08-31T21:25:00+00:00,5,?,DOWN,2026-08-31T21:28:15.446944+00:00,196,78860.02,78960.38,UP,0
2026-08-31T21:25:00+00:00,5,K11,UP,2026-08-31T21:26:43.130960+00:00,104,78860.02,78960.38,UP,1
2026-08-31T21:30:00+00:00,5,K14,DOWN,2026-08-31T21:30:21.059028+00:00,22,78960.39,79030.09,UP,0
2026-08-31T21:30:00+00:00,5,?,UP,2026-08-31T21:32:03.363801+00:00,124,78960.39,79030.09,UP,1
2026-08-31T21:30:00+00:00,5,K10,UP,2026-08-31T21:31:02.337331+00:00,63,78960.39,79030.09,UP,1
2026-08-31T21:30:00+00:00,5,K9,DOWN,2026-08-31T21:30:21.059028+00:00,22,78960.39,79030.09,UP,0
2026-08-31T21:30:00+00:00,5,K4,DOWN,2026-08-31T21:30:21.059028+00:00,22,78960.39,79030.09,UP,0
2026-08-31T21:30:00+00:00,15,K14,DOWN,2026-08-31T21:30:21.059028+00:00,22,78960.39,79054.0,UP,0
2026-08-31T21:30:00+00:00,15,?,UP,2026-08-31T21:32:03.363801+00:00,124,78960.39,79054.0,UP,1
2026-08-31T21:35:00+00:00,5,K2,DOWN,2026-08-31T21:35:21.077721+00:00,22,79030.08,79014.01,DOWN,1
2026-08-31T21:35:00+00:00,5,K14,DOWN,2026-08-31T21:35:21.077721+00:00,22,79030.08,79014.01,DOWN,1
2026-08-31T21:35:00+00:00,5,?,UP,2026-08-31T21:38:08.052560+00:00,189,79030.08,79014.01,DOWN,0
2026-08-31T21:40:00+00:00,5,K14,DOWN,2026-08-31T21:40:21.048848+00:00,22,79014.01,79054.0,UP,0
2026-08-31T21:45:00+00:00,5,K2,DOWN,2026-08-31T21:45:21.049835+00:00,22,79054.0,79001.04,DOWN,1
2026-08-31T21:45:00+00:00,15,?,UP,2026-08-31T21:54:42.888633+00:00,583,79054.0,78964.32,DOWN,0
2026-08-31T21:50:00+00:00,5,?,UP,2026-08-31T21:54:42.888633+00:00,283,79001.04,78993.17,DOWN,0
2026-08-31T22:00:00+00:00,5,K10,UP,2026-08-31T22:01:01.256298+00:00,62,78964.33,78917.98,DOWN,0
2026-08-31T22:05:00+00:00,5,K10,UP,2026-08-31T22:06:01.474343+00:00,62,78917.98,78973.75,UP,1
2026-08-31T22:05:00+00:00,5,K11,UP,2026-08-31T22:06:42.421613+00:00,103,78917.98,78973.75,UP,1
2026-08-31T22:10:00+00:00,5,K10,DOWN,2026-08-31T22:11:01.244880+00:00,62,78973.75,78894.0,DOWN,1
2026-08-31T22:25:00+00:00,5,K2,UP,2026-08-31T22:25:21.047410+00:00,22,78786.0,78761.92,DOWN,0
2026-08-31T22:25:00+00:00,5,K5,UP,2026-08-31T22:25:21.047410+00:00,22,78786.0,78761.92,DOWN,0
2026-08-31T22:30:00+00:00,5,K2,UP,2026-08-31T22:30:21.055401+00:00,22,78761.91,78732.0,DOWN,0
2026-08-31T22:30:00+00:00,5,?,UP,2026-08-31T22:34:10.828519+00:00,251,78761.91,78732.0,DOWN,0
2026-08-31T22:30:00+00:00,5,K8,UP,2026-08-31T22:30:21.055401+00:00,22,78761.91,78732.0,DOWN,0
2026-08-31T22:30:00+00:00,5,K5,UP,2026-08-31T22:30:21.055401+00:00,22,78761.91,78732.0,DOWN,0
2026-08-31T22:30:00+00:00,15,K2,UP,2026-08-31T22:30:21.055401+00:00,22,78761.91,78665.36,DOWN,0
2026-08-31T22:30:00+00:00,15,?,UP,2026-08-31T22:34:10.828519+00:00,251,78761.91,78665.36,DOWN,0
2026-08-31T22:35:00+00:00,5,K2,UP,2026-08-31T22:35:21.082586+00:00,22,78731.99,78700.01,DOWN,0
2026-08-31T22:35:00+00:00,5,K14,DOWN,2026-08-31T22:35:21.082586+00:00,22,78731.99,78700.01,DOWN,1
2026-08-31T22:35:00+00:00,5,K10,DOWN,2026-08-31T22:36:02.414971+00:00,63,78731.99,78700.01,DOWN,1
2026-08-31T22:35:00+00:00,5,K8,UP,2026-08-31T22:35:21.082586+00:00,22,78731.99,78700.01,DOWN,0
2026-08-31T22:35:00+00:00,5,K5,UP,2026-08-31T22:35:21.082586+00:00,22,78731.99,78700.01,DOWN,0
2026-08-31T22:40:00+00:00,5,K2,UP,2026-08-31T22:40:21.050052+00:00,22,78700.0,78665.36,DOWN,0
2026-08-31T22:40:00+00:00,5,K8,UP,2026-08-31T22:40:21.050052+00:00,22,78700.0,78665.36,DOWN,0
2026-08-31T22:40:00+00:00,5,K5,UP,2026-08-31T22:40:21.050052+00:00,22,78700.0,78665.36,DOWN,0
2026-08-31T22:45:00+00:00,5,K2,UP,2026-08-31T22:45:21.052833+00:00,22,78665.37,78589.47,DOWN,0
2026-08-31T22:45:00+00:00,5,K8,UP,2026-08-31T22:45:21.052833+00:00,22,78665.37,78589.47,DOWN,0
2026-08-31T22:45:00+00:00,5,K5,UP,2026-08-31T22:45:21.052833+00:00,22,78665.37,78589.47,DOWN,0
2026-08-31T22:45:00+00:00,15,K2,UP,2026-08-31T22:45:21.052833+00:00,22,78665.37,78593.15,DOWN,0
2026-08-31T22:45:00+00:00,15,K7,UP,2026-08-31T22:45:21.052833+00:00,22,78665.37,78593.15,DOWN,0
2026-08-31T22:45:00+00:00,15,?,DOWN,2026-08-31T22:50:05.322307+00:00,306,78665.37,78593.15,DOWN,1
2026-08-31T22:45:00+00:00,15,K4,UP,2026-08-31T22:45:21.052833+00:00,22,78665.37,78593.15,DOWN,0
2026-08-31T22:45:00+00:00,15,K8,UP,2026-08-31T22:45:21.052833+00:00,22,78665.37,78593.15,DOWN,0
2026-08-31T22:45:00+00:00,15,K5,UP,2026-08-31T22:45:21.052833+00:00,22,78665.37,78593.15,DOWN,0
2026-08-31T22:50:00+00:00,5,K2,UP,2026-08-31T22:50:21.079638+00:00,22,78589.47,78629.39,UP,1
2026-08-31T22:50:00+00:00,5,K7,UP,2026-08-31T22:50:21.079638+00:00,22,78589.47,78629.39,UP,1
2026-08-31T22:50:00+00:00,5,K1,UP,2026-08-31T22:50:21.079638+00:00,22,78589.47,78629.39,UP,1
2026-08-31T22:50:00+00:00,5,?,DOWN,2026-08-31T22:50:05.322307+00:00,6,78589.47,78629.39,UP,0
2026-08-31T22:50:00+00:00,5,K4,UP,2026-08-31T22:50:21.079638+00:00,22,78589.47,78629.39,UP,1
2026-08-31T22:50:00+00:00,5,K8,UP,2026-08-31T22:50:21.079638+00:00,22,78589.47,78629.39,UP,1
2026-08-31T22:50:00+00:00,5,K5,UP,2026-08-31T22:50:21.079638+00:00,22,78589.47,78629.39,UP,1
2026-08-31T22:50:00+00:00,5,K12,UP,2026-08-31T22:50:21.079638+00:00,22,78589.47,78629.39,UP,1
2026-08-31T22:55:00+00:00,5,K2,UP,2026-08-31T22:55:21.054827+00:00,22,78629.39,78593.15,DOWN,0
2026-08-31T22:55:00+00:00,5,K10,DOWN,2026-08-31T22:56:02.464026+00:00,63,78629.39,78593.15,DOWN,1
2026-08-31T22:55:00+00:00,5,K5,UP,2026-08-31T22:55:21.054827+00:00,22,78629.39,78593.15,DOWN,0
2026-08-31T23:00:00+00:00,5,K2,UP,2026-08-31T23:00:21.058229+00:00,22,78593.15,78444.0,DOWN,0
2026-08-31T23:00:00+00:00,5,K14,DOWN,2026-08-31T23:00:21.058229+00:00,22,78593.15,78444.0,DOWN,1
2026-08-31T23:00:00+00:00,5,?,UP,2026-08-31T23:00:53.066219+00:00,54,78593.15,78444.0,DOWN,0
2026-08-31T23:00:00+00:00,5,K10,DOWN,2026-08-31T23:01:03.434855+00:00,64,78593.15,78444.0,DOWN,1
2026-08-31T23:00:00+00:00,5,K11,DOWN,2026-08-31T23:01:46.427468+00:00,107,78593.15,78444.0,DOWN,1
2026-08-31T23:00:00+00:00,5,K8,UP,2026-08-31T23:00:21.058229+00:00,22,78593.15,78444.0,DOWN,0
2026-08-31T23:00:00+00:00,5,K5,UP,2026-08-31T23:00:21.058229+00:00,22,78593.15,78444.0,DOWN,0
2026-08-31T23:00:00+00:00,15,K2,UP,2026-08-31T23:00:21.058229+00:00,22,78593.15,78457.56,DOWN,0
2026-08-31T23:00:00+00:00,15,K7,UP,2026-08-31T23:00:21.058229+00:00,22,78593.15,78457.56,DOWN,0
2026-08-31T23:00:00+00:00,15,K14,DOWN,2026-08-31T23:00:21.058229+00:00,22,78593.15,78457.56,DOWN,1
2026-08-31T23:00:00+00:00,15,?,UP,2026-08-31T23:00:53.066219+00:00,54,78593.15,78457.56,DOWN,0
2026-08-31T23:00:00+00:00,15,K10,DOWN,2026-08-31T23:03:07.346862+00:00,188,78593.15,78457.56,DOWN,1
2026-08-31T23:00:00+00:00,15,K11,DOWN,2026-08-31T23:05:01.007466+00:00,302,78593.15,78457.56,DOWN,1
2026-08-31T23:00:00+00:00,15,K4,UP,2026-08-31T23:00:21.058229+00:00,22,78593.15,78457.56,DOWN,0
2026-08-31T23:00:00+00:00,15,K8,UP,2026-08-31T23:00:21.058229+00:00,22,78593.15,78457.56,DOWN,0
2026-08-31T23:00:00+00:00,15,K5,UP,2026-08-31T23:00:21.058229+00:00,22,78593.15,78457.56,DOWN,0
2026-08-31T23:05:00+00:00,5,K2,UP,2026-08-31T23:05:21.390341+00:00,22,78444.0,78507.26,UP,1
2026-08-31T23:05:00+00:00,5,K7,UP,2026-08-31T23:05:21.390341+00:00,22,78444.0,78507.26,UP,1
2026-08-31T23:05:00+00:00,5,K1,UP,2026-08-31T23:05:21.390341+00:00,22,78444.0,78507.26,UP,1
2026-08-31T23:05:00+00:00,5,K6,UP,2026-08-31T23:05:21.390341+00:00,22,78444.0,78507.26,UP,1
2026-08-31T23:05:00+00:00,5,K9,UP,2026-08-31T23:05:21.390341+00:00,22,78444.0,78507.26,UP,1
2026-08-31T23:05:00+00:00,5,K4,UP,2026-08-31T23:05:21.390341+00:00,22,78444.0,78507.26,UP,1
2026-08-31T23:05:00+00:00,5,K3,UP,2026-08-31T23:05:21.390341+00:00,22,78444.0,78507.26,UP,1
2026-08-31T23:05:00+00:00,5,K8,UP,2026-08-31T23:05:21.390341+00:00,22,78444.0,78507.26,UP,1
2026-08-31T23:05:00+00:00,5,K5,UP,2026-08-31T23:05:21.390341+00:00,22,78444.0,78507.26,UP,1
2026-08-31T23:05:00+00:00,5,K12,UP,2026-08-31T23:05:21.390341+00:00,22,78444.0,78507.26,UP,1
2026-08-31T23:10:00+00:00,5,K2,UP,2026-08-31T23:10:21.052491+00:00,22,78507.25,78457.56,DOWN,0
2026-08-31T23:10:00+00:00,5,K10,DOWN,2026-08-31T23:11:02.233699+00:00,63,78507.25,78457.56,DOWN,1
2026-08-31T23:10:00+00:00,5,K5,UP,2026-08-31T23:10:21.052491+00:00,22,78507.25,78457.56,DOWN,0
2026-08-31T23:15:00+00:00,5,K2,UP,2026-08-31T23:15:21.055835+00:00,22,78457.57,78560.0,UP,1
2026-08-31T23:15:00+00:00,5,K8,UP,2026-08-31T23:15:21.055835+00:00,22,78457.57,78560.0,UP,1
2026-08-31T23:15:00+00:00,5,K5,UP,2026-08-31T23:15:21.055835+00:00,22,78457.57,78560.0,UP,1
2026-08-31T23:15:00+00:00,5,K12,UP,2026-08-31T23:15:21.055835+00:00,22,78457.57,78560.0,UP,1
2026-08-31T23:15:00+00:00,15,K2,UP,2026-08-31T23:15:21.055835+00:00,22,78457.57,78580.57,UP,1
2026-08-31T23:15:00+00:00,15,K7,UP,2026-08-31T23:15:21.055835+00:00,22,78457.57,78580.57,UP,1
2026-08-31T23:15:00+00:00,15,?,DOWN,2026-08-31T23:26:45.354599+00:00,706,78457.57,78580.57,UP,0
2026-08-31T23:15:00+00:00,15,K11,UP,2026-08-31T23:20:01.006842+00:00,302,78457.57,78580.57,UP,1
2026-08-31T23:15:00+00:00,15,K4,UP,2026-08-31T23:15:21.055835+00:00,22,78457.57,78580.57,UP,1
2026-08-31T23:15:00+00:00,15,K8,UP,2026-08-31T23:15:21.055835+00:00,22,78457.57,78580.57,UP,1
2026-08-31T23:15:00+00:00,15,K5,UP,2026-08-31T23:15:21.055835+00:00,22,78457.57,78580.57,UP,1
2026-08-31T23:20:00+00:00,5,K14,DOWN,2026-08-31T23:20:21.388797+00:00,22,78560.0,78548.63,DOWN,1
2026-08-31T23:20:00+00:00,5,K9,DOWN,2026-08-31T23:20:21.388797+00:00,22,78560.0,78548.63,DOWN,1
2026-08-31T23:20:00+00:00,5,K4,DOWN,2026-08-31T23:20:21.388797+00:00,22,78560.0,78548.63,DOWN,1
2026-08-31T23:25:00+00:00,5,K14,DOWN,2026-08-31T23:25:21.054394+00:00,22,78548.63,78580.57,UP,0
2026-08-31T23:25:00+00:00,5,?,DOWN,2026-08-31T23:26:45.354599+00:00,106,78548.63,78580.57,UP,0
2026-08-31T23:30:00+00:00,5,K14,DOWN,2026-08-31T23:30:21.052156+00:00,22,78580.57,78542.87,DOWN,1
2026-08-31T23:30:00+00:00,15,K2,UP,2026-08-31T23:30:21.052156+00:00,22,78580.57,78559.41,DOWN,0
2026-08-31T23:30:00+00:00,15,K14,DOWN,2026-08-31T23:30:21.052156+00:00,22,78580.57,78559.41,DOWN,1
2026-08-31T23:30:00+00:00,15,?,UP,2026-08-31T23:37:12.657592+00:00,433,78580.57,78559.41,DOWN,0
2026-08-31T23:35:00+00:00,5,K14,DOWN,2026-08-31T23:35:21.084719+00:00,22,78542.87,78559.99,UP,0
2026-08-31T23:35:00+00:00,5,?,UP,2026-08-31T23:37:12.657592+00:00,133,78542.87,78559.99,UP,1
2026-08-31T23:40:00+00:00,5,K14,DOWN,2026-08-31T23:40:21.050004+00:00,22,78560.0,78559.41,DOWN,1
2026-08-31T23:40:00+00:00,5,?,UP,2026-08-31T23:43:26.018532+00:00,207,78560.0,78559.41,DOWN,0
2026-08-31T23:45:00+00:00,15,K2,UP,2026-08-31T23:45:21.050155+00:00,22,78559.42,78581.29,UP,1
2026-08-31T23:45:00+00:00,15,?,DOWN,2026-08-31T23:58:08.195637+00:00,789,78559.42,78581.29,UP,0
2026-08-31T23:45:00+00:00,15,K5,UP,2026-08-31T23:45:21.050155+00:00,22,78559.42,78581.29,UP,1
2026-08-31T23:55:00+00:00,5,?,DOWN,2026-08-31T23:58:08.195637+00:00,189,78556.54,78581.29,UP,0
2026-09-01T00:00:00+00:00,5,K14,DOWN,2026-09-01T00:00:21.052504+00:00,22,78581.3,78640.17,UP,0
2026-09-01T00:00:00+00:00,5,?,DOWN,2026-09-01T00:03:31.123919+00:00,212,78581.3,78640.17,UP,0
2026-09-01T00:00:00+00:00,15,K14,DOWN,2026-09-01T00:00:21.052504+00:00,22,78581.3,78754.74,UP,0
2026-09-01T00:00:00+00:00,15,?,DOWN,2026-09-01T00:03:31.123919+00:00,212,78581.3,78754.74,UP,0
2026-09-01T00:05:00+00:00,5,K14,DOWN,2026-09-01T00:05:21.083195+00:00,22,78640.17,78720.0,UP,0
2026-09-01T00:05:00+00:00,5,K10,UP,2026-09-01T00:06:01.973715+00:00,62,78640.17,78720.0,UP,1
2026-09-01T00:10:00+00:00,5,K2,DOWN,2026-09-01T00:10:21.049558+00:00,22,78720.0,78754.74,UP,0
2026-09-01T00:10:00+00:00,5,K14,DOWN,2026-09-01T00:10:21.049558+00:00,22,78720.0,78754.74,UP,0
2026-09-01T00:10:00+00:00,5,?,DOWN,2026-09-01T00:11:29.076716+00:00,90,78720.0,78754.74,UP,0
2026-09-01T00:10:00+00:00,5,K11,UP,2026-09-01T00:11:42.821090+00:00,103,78720.0,78754.74,UP,1
2026-09-01T00:10:00+00:00,5,K15,DOWN,2026-09-01T00:11:22.288384+00:00,83,78720.0,78754.74,UP,0
2026-09-01T00:10:00+00:00,5,K5,DOWN,2026-09-01T00:10:21.049558+00:00,22,78720.0,78754.74,UP,0
2026-09-01T00:15:00+00:00,5,K2,DOWN,2026-09-01T00:15:21.051245+00:00,22,78754.73,78811.03,UP,0
2026-09-01T00:15:00+00:00,5,K7,DOWN,2026-09-01T00:15:21.051245+00:00,22,78754.73,78811.03,UP,0
2026-09-01T00:15:00+00:00,5,K14,DOWN,2026-09-01T00:15:21.051245+00:00,22,78754.73,78811.03,UP,0
2026-09-01T00:15:00+00:00,5,K4,DOWN,2026-09-01T00:15:21.051245+00:00,22,78754.73,78811.03,UP,0
2026-09-01T00:15:00+00:00,5,K15,DOWN,2026-09-01T00:15:21.051245+00:00,22,78754.73,78811.03,UP,0
2026-09-01T00:15:00+00:00,5,K5,DOWN,2026-09-01T00:15:21.051245+00:00,22,78754.73,78811.03,UP,0
2026-09-01T00:15:00+00:00,15,K14,DOWN,2026-09-01T00:15:21.051245+00:00,22,78754.73,78872.73,UP,0
2026-09-01T00:15:00+00:00,15,K9,DOWN,2026-09-01T00:15:21.051245+00:00,22,78754.73,78872.73,UP,0
2026-09-01T00:15:00+00:00,15,K4,DOWN,2026-09-01T00:15:21.051245+00:00,22,78754.73,78872.73,UP,0
2026-09-01T00:15:00+00:00,15,K15,DOWN,2026-09-01T00:15:21.051245+00:00,22,78754.73,78872.73,UP,0
2026-09-01T00:20:00+00:00,5,K2,DOWN,2026-09-01T00:20:21.077988+00:00,22,78811.03,78847.71,UP,0
2026-09-01T00:20:00+00:00,5,K7,DOWN,2026-09-01T00:20:21.077988+00:00,22,78811.03,78847.71,UP,0
2026-09-01T00:20:00+00:00,5,K14,DOWN,2026-09-01T00:20:21.077988+00:00,22,78811.03,78847.71,UP,0
2026-09-01T00:20:00+00:00,5,K4,DOWN,2026-09-01T00:20:21.077988+00:00,22,78811.03,78847.71,UP,0
2026-09-01T00:20:00+00:00,5,K8,DOWN,2026-09-01T00:20:21.077988+00:00,22,78811.03,78847.71,UP,0
2026-09-01T00:20:00+00:00,5,K5,DOWN,2026-09-01T00:20:21.077988+00:00,22,78811.03,78847.71,UP,0
2026-09-01T00:25:00+00:00,5,K2,DOWN,2026-09-01T00:25:21.050408+00:00,22,78847.71,78872.73,UP,0
2026-09-01T00:25:00+00:00,5,K7,DOWN,2026-09-01T00:25:21.050408+00:00,22,78847.71,78872.73,UP,0
2026-09-01T00:25:00+00:00,5,K14,DOWN,2026-09-01T00:25:21.050408+00:00,22,78847.71,78872.73,UP,0
2026-09-01T00:25:00+00:00,5,K4,DOWN,2026-09-01T00:25:21.050408+00:00,22,78847.71,78872.73,UP,0
2026-09-01T00:25:00+00:00,5,K15,DOWN,2026-09-01T00:26:22.290442+00:00,83,78847.71,78872.73,UP,0
2026-09-01T00:25:00+00:00,5,K8,DOWN,2026-09-01T00:25:21.050408+00:00,22,78847.71,78872.73,UP,0
2026-09-01T00:25:00+00:00,5,K5,DOWN,2026-09-01T00:25:21.050408+00:00,22,78847.71,78872.73,UP,0
2026-09-01T00:30:00+00:00,5,K2,DOWN,2026-09-01T00:30:21.052354+00:00,22,78872.73,78809.62,DOWN,1
2026-09-01T00:30:00+00:00,5,K7,DOWN,2026-09-01T00:30:21.052354+00:00,22,78872.73,78809.62,DOWN,1
2026-09-01T00:30:00+00:00,5,K14,DOWN,2026-09-01T00:30:21.052354+00:00,22,78872.73,78809.62,DOWN,1
2026-09-01T00:30:00+00:00,5,?,UP,2026-09-01T00:31:03.988566+00:00,64,78872.73,78809.62,DOWN,0
2026-09-01T00:30:00+00:00,5,K11,DOWN,2026-09-01T00:31:43.817233+00:00,104,78872.73,78809.62,DOWN,1
2026-09-01T00:30:00+00:00,5,K4,DOWN,2026-09-01T00:30:21.052354+00:00,22,78872.73,78809.62,DOWN,1
2026-09-01T00:30:00+00:00,5,K8,DOWN,2026-09-01T00:30:21.052354+00:00,22,78872.73,78809.62,DOWN,1
2026-09-01T00:30:00+00:00,5,K5,DOWN,2026-09-01T00:30:21.052354+00:00,22,78872.73,78809.62,DOWN,1
2026-09-01T00:30:00+00:00,15,K14,DOWN,2026-09-01T00:30:21.052354+00:00,22,78872.73,78707.98,DOWN,1
2026-09-01T00:30:00+00:00,15,?,UP,2026-09-01T00:31:03.988566+00:00,64,78872.73,78707.98,DOWN,0
2026-09-01T00:30:00+00:00,15,K10,DOWN,2026-09-01T00:33:04.847864+00:00,185,78872.73,78707.98,DOWN,1
2026-09-01T00:35:00+00:00,5,K5,DOWN,2026-09-01T00:35:21.081069+00:00,22,78809.61,78710.0,DOWN,1
2026-09-01T00:40:00+00:00,5,K9,UP,2026-09-01T00:40:21.048436+00:00,22,78710.01,78707.98,DOWN,0
2026-09-01T00:40:00+00:00,5,K4,UP,2026-09-01T00:40:21.048436+00:00,22,78710.01,78707.98,DOWN,0
2026-09-01T00:45:00+00:00,15,?,UP,2026-09-01T00:51:31.454652+00:00,392,78707.97,78652.0,DOWN,0
2026-09-01T00:45:00+00:00,15,K11,UP,2026-09-01T00:50:01.003876+00:00,302,78707.97,78652.0,DOWN,0
2026-09-01T00:45:00+00:00,15,K9,UP,2026-09-01T00:45:21.051033+00:00,22,78707.97,78652.0,DOWN,0
2026-09-01T00:45:00+00:00,15,K4,UP,2026-09-01T00:45:21.051033+00:00,22,78707.97,78652.0,DOWN,0
2026-09-01T00:50:00+00:00,5,K14,DOWN,2026-09-01T00:50:21.371755+00:00,22,78808.0,78653.75,DOWN,1
2026-09-01T00:50:00+00:00,5,?,UP,2026-09-01T00:51:31.454652+00:00,92,78808.0,78653.75,DOWN,0
2026-09-01T00:50:00+00:00,5,K10,DOWN,2026-09-01T00:51:02.430406+00:00,63,78808.0,78653.75,DOWN,1
2026-09-01T00:50:00+00:00,5,K11,DOWN,2026-09-01T00:51:43.935519+00:00,104,78808.0,78653.75,DOWN,1
2026-09-01T00:50:00+00:00,5,K9,DOWN,2026-09-01T00:50:21.371755+00:00,22,78808.0,78653.75,DOWN,1
2026-09-01T00:50:00+00:00,5,K4,DOWN,2026-09-01T00:50:21.371755+00:00,22,78808.0,78653.75,DOWN,1
2026-09-01T00:50:00+00:00,5,K5,DOWN,2026-09-01T00:50:21.371755+00:00,22,78808.0,78653.75,DOWN,1
2026-09-01T00:55:00+00:00,5,K14,DOWN,2026-09-01T00:55:21.050799+00:00,22,78653.75,78652.0,DOWN,1
2026-09-01T00:55:00+00:00,5,?,DOWN,2026-09-01T00:59:55.221456+00:00,296,78653.75,78652.0,DOWN,1
2026-09-01T00:55:00+00:00,5,K9,UP,2026-09-01T00:55:21.050799+00:00,22,78653.75,78652.0,DOWN,0
2026-09-01T00:55:00+00:00,5,K4,UP,2026-09-01T00:55:21.050799+00:00,22,78653.75,78652.0,DOWN,0
2026-09-01T01:00:00+00:00,5,K10,UP,2026-09-01T01:01:01.265769+00:00,62,78652.0,78706.81,UP,1
2026-09-01T01:00:00+00:00,5,K11,UP,2026-09-01T01:01:42.774741+00:00,103,78652.0,78706.81,UP,1
2026-09-01T01:00:00+00:00,15,?,UP,2026-09-01T01:07:55.016088+00:00,476,78652.0,78545.83,DOWN,0
2026-09-01T01:05:00+00:00,5,?,UP,2026-09-01T01:07:55.016088+00:00,176,78706.81,78699.77,DOWN,0
2026-09-01T01:05:00+00:00,5,K10,UP,2026-09-01T01:06:01.334960+00:00,62,78706.81,78699.77,DOWN,0
2026-09-01T01:05:00+00:00,5,K11,UP,2026-09-01T01:06:42.306258+00:00,103,78706.81,78699.77,DOWN,0
2026-09-01T01:10:00+00:00,5,K14,DOWN,2026-09-01T01:10:21.049609+00:00,22,78699.77,78545.83,DOWN,1
2026-09-01T01:15:00+00:00,5,K9,UP,2026-09-01T01:15:21.049162+00:00,22,78545.83,78624.61,UP,1
2026-09-01T01:15:00+00:00,5,K4,UP,2026-09-01T01:15:21.049162+00:00,22,78545.83,78624.61,UP,1
2026-09-01T01:15:00+00:00,5,K5,UP,2026-09-01T01:15:21.049162+00:00,22,78545.83,78624.61,UP,1
2026-09-01T01:15:00+00:00,15,?,UP,2026-09-01T01:26:39.187622+00:00,700,78545.83,78421.38,DOWN,0
2026-09-01T01:15:00+00:00,15,K5,UP,2026-09-01T01:15:21.049162+00:00,22,78545.83,78421.38,DOWN,0
2026-09-01T01:25:00+00:00,5,K14,DOWN,2026-09-01T01:25:21.049734+00:00,22,78588.01,78421.38,DOWN,1
2026-09-01T01:25:00+00:00,5,?,UP,2026-09-01T01:26:39.187622+00:00,100,78588.01,78421.38,DOWN,0
2026-09-01T01:25:00+00:00,5,K11,DOWN,2026-09-01T01:26:42.984524+00:00,103,78588.01,78421.38,DOWN,1
2026-09-01T01:30:00+00:00,5,K2,UP,2026-09-01T01:30:21.056668+00:00,22,78421.38,78477.67,UP,1
2026-09-01T01:30:00+00:00,5,K7,UP,2026-09-01T01:30:21.056668+00:00,22,78421.38,78477.67,UP,1
2026-09-01T01:30:00+00:00,5,K1,UP,2026-09-01T01:30:21.056668+00:00,22,78421.38,78477.67,UP,1
2026-09-01T01:30:00+00:00,5,?,UP,2026-09-01T01:30:26.662395+00:00,27,78421.38,78477.67,UP,1
2026-09-01T01:30:00+00:00,5,K9,UP,2026-09-01T01:30:21.056668+00:00,22,78421.38,78477.67,UP,1
2026-09-01T01:30:00+00:00,5,K4,UP,2026-09-01T01:30:21.056668+00:00,22,78421.38,78477.67,UP,1
2026-09-01T01:30:00+00:00,5,K3,UP,2026-09-01T01:30:21.056668+00:00,22,78421.38,78477.67,UP,1
2026-09-01T01:30:00+00:00,5,K8,UP,2026-09-01T01:30:21.056668+00:00,22,78421.38,78477.67,UP,1
2026-09-01T01:30:00+00:00,5,K5,UP,2026-09-01T01:30:21.056668+00:00,22,78421.38,78477.67,UP,1
2026-09-01T01:30:00+00:00,15,K2,UP,2026-09-01T01:30:21.056668+00:00,22,78421.38,78575.99,UP,1
2026-09-01T01:30:00+00:00,15,?,UP,2026-09-01T01:30:26.662395+00:00,27,78421.38,78575.99,UP,1
2026-09-01T01:30:00+00:00,15,K8,UP,2026-09-01T01:30:21.056668+00:00,22,78421.38,78575.99,UP,1
2026-09-01T01:30:00+00:00,15,K5,UP,2026-09-01T01:30:21.056668+00:00,22,78421.38,78575.99,UP,1
2026-09-01T01:35:00+00:00,5,K2,UP,2026-09-01T01:35:21.079063+00:00,22,78477.68,78539.78,UP,1
2026-09-01T01:35:00+00:00,5,K10,UP,2026-09-01T01:36:02.004255+00:00,63,78477.68,78539.78,UP,1
2026-09-01T01:35:00+00:00,5,K11,UP,2026-09-01T01:36:43.473912+00:00,104,78477.68,78539.78,UP,1
2026-09-01T01:35:00+00:00,5,K5,UP,2026-09-01T01:35:21.079063+00:00,22,78477.68,78539.78,UP,1
2026-09-01T01:45:00+00:00,5,K10,DOWN,2026-09-01T01:46:01.942066+00:00,62,78575.99,78518.42,DOWN,1
2026-09-01T01:45:00+00:00,5,K11,DOWN,2026-09-01T01:46:43.414533+00:00,104,78575.99,78518.42,DOWN,1
2026-09-01T01:45:00+00:00,15,?,UP,2026-09-01T01:53:27.564857+00:00,508,78575.99,78410.62,DOWN,0
2026-09-01T01:45:00+00:00,15,K9,DOWN,2026-09-01T01:45:21.049682+00:00,22,78575.99,78410.62,DOWN,1
2026-09-01T01:45:00+00:00,15,K4,DOWN,2026-09-01T01:45:21.049682+00:00,22,78575.99,78410.62,DOWN,1
2026-09-01T01:50:00+00:00,5,?,UP,2026-09-01T01:53:27.564857+00:00,208,78518.43,78441.82,DOWN,0
2026-09-01T01:55:00+00:00,5,K2,UP,2026-09-01T01:55:21.048703+00:00,22,78441.82,78410.62,DOWN,0
2026-09-01T01:55:00+00:00,5,?,DOWN,2026-09-01T01:55:41.688425+00:00,42,78441.82,78410.62,DOWN,1
2026-09-01T01:55:00+00:00,5,K5,UP,2026-09-01T01:55:21.048703+00:00,22,78441.82,78410.62,DOWN,0
2026-09-01T02:00:00+00:00,5,K2,UP,2026-09-01T02:00:21.051275+00:00,22,78410.62,78324.02,DOWN,0
2026-09-01T02:00:00+00:00,5,?,UP,2026-09-01T02:03:19.032286+00:00,200,78410.62,78324.02,DOWN,0
2026-09-01T02:00:00+00:00,5,K10,DOWN,2026-09-01T02:01:02.402409+00:00,63,78410.62,78324.02,DOWN,1
2026-09-01T02:00:00+00:00,5,K11,DOWN,2026-09-01T02:01:44.534672+00:00,105,78410.62,78324.02,DOWN,1
2026-09-01T02:00:00+00:00,5,K8,UP,2026-09-01T02:00:21.051275+00:00,22,78410.62,78324.02,DOWN,0
2026-09-01T02:00:00+00:00,5,K5,UP,2026-09-01T02:00:21.051275+00:00,22,78410.62,78324.02,DOWN,0
2026-09-01T02:00:00+00:00,15,?,UP,2026-09-01T02:03:19.032286+00:00,200,78410.62,78293.99,DOWN,0
2026-09-01T02:00:00+00:00,15,K10,DOWN,2026-09-01T02:03:05.967286+00:00,186,78410.62,78293.99,DOWN,1
2026-09-01T02:00:00+00:00,15,K9,UP,2026-09-01T02:00:21.051275+00:00,22,78410.62,78293.99,DOWN,0
2026-09-01T02:00:00+00:00,15,K4,UP,2026-09-01T02:00:21.051275+00:00,22,78410.62,78293.99,DOWN,0
2026-09-01T02:00:00+00:00,15,K8,UP,2026-09-01T02:00:21.051275+00:00,22,78410.62,78293.99,DOWN,0
2026-09-01T02:00:00+00:00,15,K5,UP,2026-09-01T02:00:21.051275+00:00,22,78410.62,78293.99,DOWN,0
2026-09-01T02:05:00+00:00,5,K2,UP,2026-09-01T02:05:21.077894+00:00,22,78324.01,78315.17,DOWN,0
2026-09-01T02:05:00+00:00,5,?,UP,2026-09-01T02:06:25.637536+00:00,86,78324.01,78315.17,DOWN,0
2026-09-01T02:05:00+00:00,5,K8,UP,2026-09-01T02:05:21.077894+00:00,22,78324.01,78315.17,DOWN,0
2026-09-01T02:05:00+00:00,5,K5,UP,2026-09-01T02:05:21.077894+00:00,22,78324.01,78315.17,DOWN,0
2026-09-01T02:10:00+00:00,5,K2,UP,2026-09-01T02:10:21.050478+00:00,22,78315.16,78293.99,DOWN,0
2026-09-01T02:10:00+00:00,5,?,UP,2026-09-01T02:12:26.108701+00:00,147,78315.16,78293.99,DOWN,0
2026-09-01T02:10:00+00:00,5,K8,UP,2026-09-01T02:10:21.050478+00:00,22,78315.16,78293.99,DOWN,0
2026-09-01T02:10:00+00:00,5,K5,UP,2026-09-01T02:10:21.050478+00:00,22,78315.16,78293.99,DOWN,0
2026-09-01T02:15:00+00:00,5,K2,UP,2026-09-01T02:15:21.052702+00:00,22,78293.99,78281.99,DOWN,0
2026-09-01T02:15:00+00:00,5,K11,DOWN,2026-09-01T02:16:44.398682+00:00,105,78293.99,78281.99,DOWN,1
2026-09-01T02:15:00+00:00,5,K5,UP,2026-09-01T02:15:21.052702+00:00,22,78293.99,78281.99,DOWN,0
2026-09-01T02:15:00+00:00,15,K2,UP,2026-09-01T02:15:21.052702+00:00,22,78293.99,78215.99,DOWN,0
2026-09-01T02:15:00+00:00,15,?,UP,2026-09-01T02:28:19.674354+00:00,800,78293.99,78215.99,DOWN,0
2026-09-01T02:15:00+00:00,15,K5,UP,2026-09-01T02:15:21.052702+00:00,22,78293.99,78215.99,DOWN,0
2026-09-01T02:20:00+00:00,5,K2,UP,2026-09-01T02:20:21.077385+00:00,22,78281.99,78329.62,UP,1
2026-09-01T02:20:00+00:00,5,K5,UP,2026-09-01T02:20:21.077385+00:00,22,78281.99,78329.62,UP,1
2026-09-01T02:25:00+00:00,5,?,UP,2026-09-01T02:28:19.674354+00:00,200,78329.62,78215.99,DOWN,0
2026-09-01T02:30:00+00:00,5,K2,UP,2026-09-01T02:30:21.050508+00:00,22,78215.99,78375.26,UP,1
2026-09-01T02:30:00+00:00,5,?,DOWN,2026-09-01T02:30:38.815474+00:00,39,78215.99,78375.26,UP,0
2026-09-01T02:30:00+00:00,5,K10,UP,2026-09-01T02:31:02.929988+00:00,63,78215.99,78375.26,UP,1
2026-09-01T02:30:00+00:00,5,K11,UP,2026-09-01T02:31:44.879966+00:00,105,78215.99,78375.26,UP,1
2026-09-01T02:30:00+00:00,5,K9,UP,2026-09-01T02:30:21.050508+00:00,22,78215.99,78375.26,UP,1
2026-09-01T02:30:00+00:00,5,K4,UP,2026-09-01T02:30:21.050508+00:00,22,78215.99,78375.26,UP,1
2026-09-01T02:30:00+00:00,5,K8,UP,2026-09-01T02:30:21.050508+00:00,22,78215.99,78375.26,UP,1
2026-09-01T02:30:00+00:00,5,K5,UP,2026-09-01T02:30:21.050508+00:00,22,78215.99,78375.26,UP,1
2026-09-01T02:30:00+00:00,15,K2,UP,2026-09-01T02:30:21.050508+00:00,22,78215.99,78362.0,UP,1
2026-09-01T02:30:00+00:00,15,?,DOWN,2026-09-01T02:30:38.815474+00:00,39,78215.99,78362.0,UP,0
2026-09-01T02:30:00+00:00,15,K10,UP,2026-09-01T02:33:06.154068+00:00,187,78215.99,78362.0,UP,1
2026-09-01T02:30:00+00:00,15,K11,UP,2026-09-01T02:35:01.008027+00:00,302,78215.99,78362.0,UP,1
2026-09-01T02:30:00+00:00,15,K8,UP,2026-09-01T02:30:21.050508+00:00,22,78215.99,78362.0,UP,1
2026-09-01T02:30:00+00:00,15,K5,UP,2026-09-01T02:30:21.050508+00:00,22,78215.99,78362.0,UP,1
2026-09-01T02:35:00+00:00,5,K9,DOWN,2026-09-01T02:35:21.413183+00:00,22,78375.26,78339.65,DOWN,1
2026-09-01T02:35:00+00:00,5,K4,DOWN,2026-09-01T02:35:21.413183+00:00,22,78375.26,78339.65,DOWN,1
2026-09-01T02:40:00+00:00,5,?,DOWN,2026-09-01T02:43:53.926023+00:00,234,78339.65,78362.0,UP,0
2026-09-01T02:45:00+00:00,5,K14,DOWN,2026-09-01T02:45:21.050822+00:00,22,78362.0,78416.02,UP,0
2026-09-01T02:45:00+00:00,15,K14,DOWN,2026-09-01T02:45:21.050822+00:00,22,78362.0,78449.99,UP,0
2026-09-01T02:45:00+00:00,15,?,DOWN,2026-09-01T02:52:22.163582+00:00,443,78362.0,78449.99,UP,0
2026-09-01T02:45:00+00:00,15,K5,UP,2026-09-01T02:45:21.050822+00:00,22,78362.0,78449.99,UP,1
2026-09-01T02:50:00+00:00,5,K14,DOWN,2026-09-01T02:50:21.076244+00:00,22,78416.02,78417.78,UP,0
2026-09-01T02:50:00+00:00,5,?,DOWN,2026-09-01T02:52:22.163582+00:00,143,78416.02,78417.78,UP,0
2026-09-01T02:55:00+00:00,5,K14,DOWN,2026-09-01T02:55:01.005792+00:00,2,78417.78,78449.99,UP,0
2026-09-01T03:00:00+00:00,15,?,DOWN,2026-09-01T03:14:04.059502+00:00,845,78449.99,78430.86,DOWN,1
2026-09-01T03:10:00+00:00,5,?,DOWN,2026-09-01T03:14:04.059502+00:00,245,78449.46,78430.86,DOWN,1
2026-09-01T03:15:00+00:00,5,?,UP,2026-09-01T03:15:04.309427+00:00,5,78430.86,78505.97,UP,1
2026-09-01T03:15:00+00:00,5,K10,UP,2026-09-01T03:16:01.252809+00:00,62,78430.86,78505.97,UP,1
2026-09-01T03:15:00+00:00,5,K11,UP,2026-09-01T03:16:42.442486+00:00,103,78430.86,78505.97,UP,1
2026-09-01T03:15:00+00:00,15,?,UP,2026-09-01T03:15:04.309427+00:00,5,78430.86,78477.87,UP,1
2026-09-01T03:25:00+00:00,5,?,UP,2026-09-01T03:25:59.289687+00:00,60,78444.99,78477.87,UP,1
2026-09-01T03:30:00+00:00,5,?,DOWN,2026-09-01T03:31:31.070726+00:00,92,78477.87,78730.01,UP,0
2026-09-01T03:30:00+00:00,5,K11,UP,2026-09-01T03:31:43.581618+00:00,104,78477.87,78730.01,UP,1
2026-09-01T03:30:00+00:00,5,K5,DOWN,2026-09-01T03:30:21.049752+00:00,22,78477.87,78730.01,UP,0
2026-09-01T03:30:00+00:00,15,?,DOWN,2026-09-01T03:31:31.070726+00:00,92,78477.87,78792.91,UP,0
2026-09-01T03:30:00+00:00,15,K10,UP,2026-09-01T03:33:04.600424+00:00,185,78477.87,78792.91,UP,1
2026-09-01T03:30:00+00:00,15,K11,UP,2026-09-01T03:35:01.007018+00:00,302,78477.87,78792.91,UP,1
2026-09-01T03:35:00+00:00,5,K2,DOWN,2026-09-01T03:35:21.408523+00:00,22,78730.0,78847.86,UP,0
2026-09-01T03:35:00+00:00,5,K7,DOWN,2026-09-01T03:35:21.408523+00:00,22,78730.0,78847.86,UP,0
2026-09-01T03:35:00+00:00,5,K1,DOWN,2026-09-01T03:35:21.408523+00:00,22,78730.0,78847.86,UP,0
2026-09-01T03:35:00+00:00,5,?,DOWN,2026-09-01T03:35:59.374812+00:00,60,78730.0,78847.86,UP,0
2026-09-01T03:35:00+00:00,5,K10,UP,2026-09-01T03:36:02.564646+00:00,63,78730.0,78847.86,UP,1
2026-09-01T03:35:00+00:00,5,K11,UP,2026-09-01T03:36:44.242914+00:00,105,78730.0,78847.86,UP,1
2026-09-01T03:35:00+00:00,5,K9,DOWN,2026-09-01T03:35:21.408523+00:00,22,78730.0,78847.86,UP,0
2026-09-01T03:35:00+00:00,5,K4,DOWN,2026-09-01T03:35:21.408523+00:00,22,78730.0,78847.86,UP,0
2026-09-01T03:35:00+00:00,5,K3,DOWN,2026-09-01T03:35:21.408523+00:00,22,78730.0,78847.86,UP,0
2026-09-01T03:35:00+00:00,5,K8,DOWN,2026-09-01T03:35:21.408523+00:00,22,78730.0,78847.86,UP,0
2026-09-01T03:35:00+00:00,5,K5,DOWN,2026-09-01T03:35:21.408523+00:00,22,78730.0,78847.86,UP,0
2026-09-01T03:40:00+00:00,5,K2,DOWN,2026-09-01T03:40:21.052912+00:00,22,78847.86,78792.91,DOWN,1
2026-09-01T03:40:00+00:00,5,K7,DOWN,2026-09-01T03:40:21.052912+00:00,22,78847.86,78792.91,DOWN,1
2026-09-01T03:40:00+00:00,5,K1,DOWN,2026-09-01T03:40:21.052912+00:00,22,78847.86,78792.91,DOWN,1
2026-09-01T03:40:00+00:00,5,?,UP,2026-09-01T03:40:33.460739+00:00,34,78847.86,78792.91,DOWN,0
2026-09-01T03:40:00+00:00,5,K9,DOWN,2026-09-01T03:40:21.052912+00:00,22,78847.86,78792.91,DOWN,1
2026-09-01T03:40:00+00:00,5,K4,DOWN,2026-09-01T03:40:21.052912+00:00,22,78847.86,78792.91,DOWN,1
2026-09-01T03:40:00+00:00,5,K3,DOWN,2026-09-01T03:40:21.052912+00:00,22,78847.86,78792.91,DOWN,1
2026-09-01T03:40:00+00:00,5,K8,DOWN,2026-09-01T03:40:21.052912+00:00,22,78847.86,78792.91,DOWN,1
2026-09-01T03:40:00+00:00,5,K5,DOWN,2026-09-01T03:40:21.052912+00:00,22,78847.86,78792.91,DOWN,1
2026-09-01T03:45:00+00:00,5,K2,DOWN,2026-09-01T03:45:21.053475+00:00,22,78792.9,78716.0,DOWN,1
2026-09-01T03:45:00+00:00,5,K7,DOWN,2026-09-01T03:45:21.053475+00:00,22,78792.9,78716.0,DOWN,1
2026-09-01T03:45:00+00:00,5,K14,UP,2026-09-01T03:45:21.053475+00:00,22,78792.9,78716.0,DOWN,0
2026-09-01T03:45:00+00:00,5,?,UP,2026-09-01T03:45:16.303632+00:00,17,78792.9,78716.0,DOWN,0
2026-09-01T03:45:00+00:00,5,K11,DOWN,2026-09-01T03:47:06.297168+00:00,127,78792.9,78716.0,DOWN,1
2026-09-01T03:45:00+00:00,5,K4,DOWN,2026-09-01T03:45:21.053475+00:00,22,78792.9,78716.0,DOWN,1
2026-09-01T03:45:00+00:00,5,K5,DOWN,2026-09-01T03:45:21.053475+00:00,22,78792.9,78716.0,DOWN,1
2026-09-01T03:45:00+00:00,15,K2,DOWN,2026-09-01T03:45:21.053475+00:00,22,78792.9,78679.01,DOWN,1
2026-09-01T03:45:00+00:00,15,K14,UP,2026-09-01T03:45:21.053475+00:00,22,78792.9,78679.01,DOWN,0
2026-09-01T03:45:00+00:00,15,?,UP,2026-09-01T03:45:16.303632+00:00,17,78792.9,78679.01,DOWN,0
2026-09-01T03:45:00+00:00,15,K10,DOWN,2026-09-01T03:48:06.835343+00:00,187,78792.9,78679.01,DOWN,1
2026-09-01T03:45:00+00:00,15,K9,DOWN,2026-09-01T03:45:21.053475+00:00,22,78792.9,78679.01,DOWN,1
2026-09-01T03:45:00+00:00,15,K4,DOWN,2026-09-01T03:45:21.053475+00:00,22,78792.9,78679.01,DOWN,1
2026-09-01T03:45:00+00:00,15,K5,DOWN,2026-09-01T03:45:21.053475+00:00,22,78792.9,78679.01,DOWN,1
2026-09-01T03:45:00+00:00,15,K13,DOWN,2026-09-01T03:45:21.053475+00:00,22,78792.9,78679.01,DOWN,1
2026-09-01T03:50:00+00:00,5,K14,UP,2026-09-01T03:50:21.080364+00:00,22,78716.0,78690.63,DOWN,0
2026-09-01T03:55:00+00:00,5,K14,UP,2026-09-01T03:55:21.050986+00:00,22,78690.62,78679.01,DOWN,0
2026-09-01T04:00:00+00:00,5,K14,UP,2026-09-01T04:00:21.058903+00:00,22,78679.01,78690.01,UP,1
2026-09-01T04:00:00+00:00,5,K10,UP,2026-09-01T04:01:03.042152+00:00,64,78679.01,78690.01,UP,1
2026-09-01T04:00:00+00:00,15,K14,UP,2026-09-01T04:00:21.058903+00:00,22,78679.01,78672.6,DOWN,0
2026-09-01T04:00:00+00:00,15,?,DOWN,2026-09-01T04:08:37.438350+00:00,518,78679.01,78672.6,DOWN,1
2026-09-01T04:05:00+00:00,5,?,DOWN,2026-09-01T04:08:37.438350+00:00,218,78690.01,78768.0,UP,0
2026-09-01T04:10:00+00:00,5,?,UP,2026-09-01T04:13:18.242897+00:00,199,78768.0,78672.6,DOWN,0
2026-09-01T04:10:00+00:00,5,K5,DOWN,2026-09-01T04:10:21.049743+00:00,22,78768.0,78672.6,DOWN,1
2026-09-01T04:15:00+00:00,5,K14,DOWN,2026-09-01T04:15:21.050218+00:00,22,78672.6,78728.45,UP,0
2026-09-01T04:15:00+00:00,5,K10,UP,2026-09-01T04:16:03.527343+00:00,64,78672.6,78728.45,UP,1
2026-09-01T04:15:00+00:00,5,K9,UP,2026-09-01T04:15:21.050218+00:00,22,78672.6,78728.45,UP,1
2026-09-01T04:15:00+00:00,5,K4,UP,2026-09-01T04:15:21.050218+00:00,22,78672.6,78728.45,UP,1
2026-09-01T04:15:00+00:00,15,K14,DOWN,2026-09-01T04:15:21.050218+00:00,22,78672.6,78829.54,UP,0
2026-09-01T04:15:00+00:00,15,?,DOWN,2026-09-01T04:26:23.323585+00:00,684,78672.6,78829.54,UP,0
2026-09-01T04:15:00+00:00,15,K10,UP,2026-09-01T04:18:06.586796+00:00,187,78672.6,78829.54,UP,1
2026-09-01T04:20:00+00:00,5,K14,DOWN,2026-09-01T04:20:21.078356+00:00,22,78728.46,78806.52,UP,0
2026-09-01T04:25:00+00:00,5,K14,DOWN,2026-09-01T04:25:21.050373+00:00,22,78806.52,78829.54,UP,0
2026-09-01T04:25:00+00:00,5,?,DOWN,2026-09-01T04:26:23.323585+00:00,84,78806.52,78829.54,UP,0
2026-09-01T04:25:00+00:00,5,K11,UP,2026-09-01T04:26:43.038492+00:00,104,78806.52,78829.54,UP,1
2026-09-01T04:25:00+00:00,5,K5,DOWN,2026-09-01T04:25:21.050373+00:00,22,78806.52,78829.54,UP,0
2026-09-01T04:30:00+00:00,5,K5,DOWN,2026-09-01T04:30:21.051276+00:00,22,78829.53,78755.19,DOWN,1
2026-09-01T04:30:00+00:00,15,K9,DOWN,2026-09-01T04:30:21.051276+00:00,22,78829.53,78720.01,DOWN,1
2026-09-01T04:30:00+00:00,15,K4,DOWN,2026-09-01T04:30:21.051276+00:00,22,78829.53,78720.01,DOWN,1
2026-09-01T04:30:00+00:00,15,K5,DOWN,2026-09-01T04:30:21.051276+00:00,22,78829.53,78720.01,DOWN,1
2026-09-01T04:45:00+00:00,15,?,DOWN,2026-09-01T04:52:57.619328+00:00,478,78720.01,78727.11,UP,0
2026-09-01T04:50:00+00:00,5,?,DOWN,2026-09-01T04:52:57.619328+00:00,178,78777.99,78740.0,DOWN,1
2026-09-01T04:50:00+00:00,5,K10,DOWN,2026-09-01T04:51:01.345681+00:00,62,78777.99,78740.0,DOWN,1
2026-09-01T04:50:00+00:00,5,K11,DOWN,2026-09-01T04:51:42.604206+00:00,103,78777.99,78740.0,DOWN,1
2026-09-01T04:55:00+00:00,5,?,UP,2026-09-01T04:58:17.957943+00:00,198,78739.99,78727.11,DOWN,0
2026-09-01T05:00:00+00:00,5,?,UP,2026-09-01T05:00:19.637142+00:00,20,78727.11,78907.99,UP,1
2026-09-01T05:00:00+00:00,15,?,UP,2026-09-01T05:00:19.637142+00:00,20,78727.11,78858.76,UP,1
2026-09-01T05:00:00+00:00,15,K10,UP,2026-09-01T05:03:02.123297+00:00,183,78727.11,78858.76,UP,1
2026-09-01T05:00:00+00:00,15,K11,UP,2026-09-01T05:05:01.005615+00:00,302,78727.11,78858.76,UP,1
2026-09-01T05:05:00+00:00,5,K2,DOWN,2026-09-01T05:05:21.418334+00:00,22,78907.99,78931.16,UP,0
2026-09-01T05:05:00+00:00,5,K10,UP,2026-09-01T05:06:02.667590+00:00,63,78907.99,78931.16,UP,1
2026-09-01T05:05:00+00:00,5,K9,DOWN,2026-09-01T05:05:21.418334+00:00,22,78907.99,78931.16,UP,0
2026-09-01T05:05:00+00:00,5,K4,DOWN,2026-09-01T05:05:21.418334+00:00,22,78907.99,78931.16,UP,0
2026-09-01T05:05:00+00:00,5,K8,DOWN,2026-09-01T05:05:21.418334+00:00,22,78907.99,78931.16,UP,0
2026-09-01T05:05:00+00:00,5,K5,DOWN,2026-09-01T05:05:21.418334+00:00,22,78907.99,78931.16,UP,0
2026-09-01T05:10:00+00:00,5,K2,DOWN,2026-09-01T05:10:21.051598+00:00,22,78931.15,78858.76,DOWN,1
2026-09-01T05:10:00+00:00,5,K7,DOWN,2026-09-01T05:10:21.051598+00:00,22,78931.15,78858.76,DOWN,1
2026-09-01T05:10:00+00:00,5,K10,DOWN,2026-09-01T05:11:02.010529+00:00,63,78931.15,78858.76,DOWN,1
2026-09-01T05:10:00+00:00,5,K4,DOWN,2026-09-01T05:10:21.051598+00:00,22,78931.15,78858.76,DOWN,1
2026-09-01T05:10:00+00:00,5,K8,DOWN,2026-09-01T05:10:21.051598+00:00,22,78931.15,78858.76,DOWN,1
2026-09-01T05:10:00+00:00,5,K5,DOWN,2026-09-01T05:10:21.051598+00:00,22,78931.15,78858.76,DOWN,1
2026-09-01T05:15:00+00:00,5,K14,DOWN,2026-09-01T05:15:21.051599+00:00,22,78858.76,78843.63,DOWN,1
2026-09-01T05:15:00+00:00,15,K14,DOWN,2026-09-01T05:15:21.051599+00:00,22,78858.76,78993.19,UP,0
2026-09-01T05:15:00+00:00,15,?,DOWN,2026-09-01T05:23:44.509335+00:00,525,78858.76,78993.19,UP,0
2026-09-01T05:15:00+00:00,15,K5,DOWN,2026-09-01T05:15:21.051599+00:00,22,78858.76,78993.19,UP,0
2026-09-01T05:20:00+00:00,5,K14,DOWN,2026-09-01T05:20:21.077737+00:00,22,78843.63,78812.0,DOWN,1
2026-09-01T05:20:00+00:00,5,?,DOWN,2026-09-01T05:23:44.509335+00:00,225,78843.63,78812.0,DOWN,1
2026-09-01T05:25:00+00:00,5,K14,DOWN,2026-09-01T05:25:21.050089+00:00,22,78812.0,78993.19,UP,0
2026-09-01T05:25:00+00:00,5,?,DOWN,2026-09-01T05:25:35.277304+00:00,36,78812.0,78993.19,UP,0
2026-09-01T05:25:00+00:00,5,K11,UP,2026-09-01T05:27:03.163143+00:00,124,78812.0,78993.19,UP,1
2026-09-01T05:30:00+00:00,5,K2,DOWN,2026-09-01T05:30:21.057982+00:00,22,78993.19,79072.53,UP,0
2026-09-01T05:30:00+00:00,5,K7,DOWN,2026-09-01T05:30:21.057982+00:00,22,78993.19,79072.53,UP,0
2026-09-01T05:30:00+00:00,5,K14,DOWN,2026-09-01T05:30:21.057982+00:00,22,78993.19,79072.53,UP,0
2026-09-01T05:30:00+00:00,5,K1,DOWN,2026-09-01T05:30:21.057982+00:00,22,78993.19,79072.53,UP,0
2026-09-01T05:30:00+00:00,5,?,DOWN,2026-09-01T05:30:49.964806+00:00,50,78993.19,79072.53,UP,0
2026-09-01T05:30:00+00:00,5,K9,DOWN,2026-09-01T05:30:21.057982+00:00,22,78993.19,79072.53,UP,0
2026-09-01T05:30:00+00:00,5,K4,DOWN,2026-09-01T05:30:21.057982+00:00,22,78993.19,79072.53,UP,0
2026-09-01T05:30:00+00:00,5,K3,DOWN,2026-09-01T05:30:21.057982+00:00,22,78993.19,79072.53,UP,0
2026-09-01T05:30:00+00:00,5,K8,DOWN,2026-09-01T05:30:21.057982+00:00,22,78993.19,79072.53,UP,0
2026-09-01T05:30:00+00:00,5,K5,DOWN,2026-09-01T05:30:21.057982+00:00,22,78993.19,79072.53,UP,0
2026-09-01T05:30:00+00:00,15,K2,DOWN,2026-09-01T05:30:21.057982+00:00,22,78993.19,79167.51,UP,0
2026-09-01T05:30:00+00:00,15,K14,DOWN,2026-09-01T05:30:21.057982+00:00,22,78993.19,79167.51,UP,0
2026-09-01T05:30:00+00:00,15,?,DOWN,2026-09-01T05:30:49.964806+00:00,50,78993.19,79167.51,UP,0
2026-09-01T05:30:00+00:00,15,K8,DOWN,2026-09-01T05:30:21.057982+00:00,22,78993.19,79167.51,UP,0
2026-09-01T05:30:00+00:00,15,K5,DOWN,2026-09-01T05:30:21.057982+00:00,22,78993.19,79167.51,UP,0
2026-09-01T05:35:00+00:00,5,K2,DOWN,2026-09-01T05:35:21.079727+00:00,22,79072.53,79098.0,UP,0
2026-09-01T05:35:00+00:00,5,K7,DOWN,2026-09-01T05:35:21.079727+00:00,22,79072.53,79098.0,UP,0
2026-09-01T05:35:00+00:00,5,K14,DOWN,2026-09-01T05:35:21.079727+00:00,22,79072.53,79098.0,UP,0
2026-09-01T05:35:00+00:00,5,K4,DOWN,2026-09-01T05:35:21.079727+00:00,22,79072.53,79098.0,UP,0
2026-09-01T05:35:00+00:00,5,K8,DOWN,2026-09-01T05:35:21.079727+00:00,22,79072.53,79098.0,UP,0
2026-09-01T05:35:00+00:00,5,K5,DOWN,2026-09-01T05:35:21.079727+00:00,22,79072.53,79098.0,UP,0
2026-09-01T05:40:00+00:00,5,K2,DOWN,2026-09-01T05:40:21.052505+00:00,22,79098.0,79167.51,UP,0
2026-09-01T05:40:00+00:00,5,K7,DOWN,2026-09-01T05:40:21.052505+00:00,22,79098.0,79167.51,UP,0
2026-09-01T05:40:00+00:00,5,K14,DOWN,2026-09-01T05:40:21.052505+00:00,22,79098.0,79167.51,UP,0
2026-09-01T05:40:00+00:00,5,K10,DOWN,2026-09-01T05:41:01.993215+00:00,62,79098.0,79167.51,UP,0
2026-09-01T05:40:00+00:00,5,K4,DOWN,2026-09-01T05:40:21.052505+00:00,22,79098.0,79167.51,UP,0
2026-09-01T05:40:00+00:00,5,K8,DOWN,2026-09-01T05:40:21.052505+00:00,22,79098.0,79167.51,UP,0
2026-09-01T05:40:00+00:00,5,K5,DOWN,2026-09-01T05:40:21.052505+00:00,22,79098.0,79167.51,UP,0
2026-09-01T05:45:00+00:00,5,K2,DOWN,2026-09-01T05:45:21.053188+00:00,22,79167.5,79184.27,UP,0
2026-09-01T05:45:00+00:00,5,K7,DOWN,2026-09-01T05:45:21.053188+00:00,22,79167.5,79184.27,UP,0
2026-09-01T05:45:00+00:00,5,K14,DOWN,2026-09-01T05:45:21.053188+00:00,22,79167.5,79184.27,UP,0
2026-09-01T05:45:00+00:00,5,K1,DOWN,2026-09-01T05:45:21.053188+00:00,22,79167.5,79184.27,UP,0
2026-09-01T05:45:00+00:00,5,K11,DOWN,2026-09-01T05:47:04.469883+00:00,125,79167.5,79184.27,UP,0
2026-09-01T05:45:00+00:00,5,K4,DOWN,2026-09-01T05:45:21.053188+00:00,22,79167.5,79184.27,UP,0
2026-09-01T05:45:00+00:00,5,K8,DOWN,2026-09-01T05:45:21.053188+00:00,22,79167.5,79184.27,UP,0
2026-09-01T05:45:00+00:00,5,K5,DOWN,2026-09-01T05:45:21.053188+00:00,22,79167.5,79184.27,UP,0
2026-09-01T05:45:00+00:00,5,K12,DOWN,2026-09-01T05:45:21.053188+00:00,22,79167.5,79184.27,UP,0
2026-09-01T05:45:00+00:00,15,K2,DOWN,2026-09-01T05:45:21.053188+00:00,22,79167.5,79179.99,UP,0
2026-09-01T05:45:00+00:00,15,K7,DOWN,2026-09-01T05:45:21.053188+00:00,22,79167.5,79179.99,UP,0
2026-09-01T05:45:00+00:00,15,K14,DOWN,2026-09-01T05:45:21.053188+00:00,22,79167.5,79179.99,UP,0
2026-09-01T05:45:00+00:00,15,K1,DOWN,2026-09-01T05:45:21.053188+00:00,22,79167.5,79179.99,UP,0
2026-09-01T05:45:00+00:00,15,?,DOWN,2026-09-01T05:54:48.417077+00:00,589,79167.5,79179.99,UP,0
2026-09-01T05:45:00+00:00,15,K10,DOWN,2026-09-01T05:48:05.006291+00:00,186,79167.5,79179.99,UP,0
2026-09-01T05:45:00+00:00,15,K9,DOWN,2026-09-01T05:45:21.053188+00:00,22,79167.5,79179.99,UP,0
2026-09-01T05:45:00+00:00,15,K4,DOWN,2026-09-01T05:45:21.053188+00:00,22,79167.5,79179.99,UP,0
2026-09-01T05:45:00+00:00,15,K3,DOWN,2026-09-01T05:45:21.053188+00:00,22,79167.5,79179.99,UP,0
2026-09-01T05:45:00+00:00,15,K8,DOWN,2026-09-01T05:45:21.053188+00:00,22,79167.5,79179.99,UP,0
2026-09-01T05:45:00+00:00,15,K5,DOWN,2026-09-01T05:45:21.053188+00:00,22,79167.5,79179.99,UP,0
2026-09-01T05:50:00+00:00,5,K2,DOWN,2026-09-01T05:50:21.081007+00:00,22,79184.28,79197.02,UP,0
2026-09-01T05:50:00+00:00,5,K7,DOWN,2026-09-01T05:50:21.081007+00:00,22,79184.28,79197.02,UP,0
2026-09-01T05:50:00+00:00,5,K14,DOWN,2026-09-01T05:50:21.081007+00:00,22,79184.28,79197.02,UP,0
2026-09-01T05:50:00+00:00,5,K1,DOWN,2026-09-01T05:50:21.081007+00:00,22,79184.28,79197.02,UP,0
2026-09-01T05:50:00+00:00,5,?,DOWN,2026-09-01T05:54:48.417077+00:00,289,79184.28,79197.02,UP,0
2026-09-01T05:50:00+00:00,5,K10,DOWN,2026-09-01T05:51:02.007350+00:00,63,79184.28,79197.02,UP,0
2026-09-01T05:50:00+00:00,5,K11,DOWN,2026-09-01T05:51:43.665048+00:00,104,79184.28,79197.02,UP,0
2026-09-01T05:50:00+00:00,5,K4,DOWN,2026-09-01T05:50:21.081007+00:00,22,79184.28,79197.02,UP,0
2026-09-01T05:50:00+00:00,5,K8,DOWN,2026-09-01T05:50:21.081007+00:00,22,79184.28,79197.02,UP,0
2026-09-01T05:50:00+00:00,5,K5,DOWN,2026-09-01T05:50:21.081007+00:00,22,79184.28,79197.02,UP,0
2026-09-01T05:50:00+00:00,5,K12,DOWN,2026-09-01T05:50:21.081007+00:00,22,79184.28,79197.02,UP,0
2026-09-01T05:55:00+00:00,5,K2,DOWN,2026-09-01T05:55:01.009398+00:00,2,79197.02,79179.99,DOWN,1
2026-09-01T05:55:00+00:00,5,?,UP,2026-09-01T05:57:17.538616+00:00,138,79197.02,79179.99,DOWN,0
2026-09-01T05:55:00+00:00,5,K8,DOWN,2026-09-01T05:55:01.009398+00:00,2,79197.02,79179.99,DOWN,1
2026-09-01T05:55:00+00:00,5,K5,DOWN,2026-09-01T05:55:01.009398+00:00,2,79197.02,79179.99,DOWN,1
2026-09-01T05:55:00+00:00,5,K12,DOWN,2026-09-01T05:55:01.009398+00:00,2,79197.02,79179.99,DOWN,1
2026-09-01T06:00:00+00:00,5,K2,DOWN,2026-09-01T06:00:21.056303+00:00,22,79179.99,79102.46,DOWN,1
2026-09-01T06:00:00+00:00,5,K10,DOWN,2026-09-01T06:01:02.802839+00:00,63,79179.99,79102.46,DOWN,1
2026-09-01T06:00:00+00:00,5,K11,DOWN,2026-09-01T06:01:45.276840+00:00,106,79179.99,79102.46,DOWN,1
2026-09-01T06:00:00+00:00,5,K8,DOWN,2026-09-01T06:00:21.056303+00:00,22,79179.99,79102.46,DOWN,1
2026-09-01T06:00:00+00:00,5,K5,DOWN,2026-09-01T06:00:21.056303+00:00,22,79179.99,79102.46,DOWN,1
2026-09-01T06:00:00+00:00,5,K12,DOWN,2026-09-01T06:00:21.056303+00:00,22,79179.99,79102.46,DOWN,1
2026-09-01T06:00:00+00:00,15,K2,DOWN,2026-09-01T06:00:21.056303+00:00,22,79179.99,79030.64,DOWN,1
2026-09-01T06:00:00+00:00,15,?,UP,2026-09-01T06:09:38.806221+00:00,579,79179.99,79030.64,DOWN,0
2026-09-01T06:00:00+00:00,15,K10,DOWN,2026-09-01T06:03:06.318065+00:00,187,79179.99,79030.64,DOWN,1
2026-09-01T06:00:00+00:00,15,K8,DOWN,2026-09-01T06:00:21.056303+00:00,22,79179.99,79030.64,DOWN,1
2026-09-01T06:00:00+00:00,15,K5,DOWN,2026-09-01T06:00:21.056303+00:00,22,79179.99,79030.64,DOWN,1
2026-09-01T06:05:00+00:00,5,?,UP,2026-09-01T06:09:38.806221+00:00,279,79102.46,79002.0,DOWN,0
2026-09-01T06:10:00+00:00,5,K9,UP,2026-09-01T06:10:21.046814+00:00,22,79001.99,79030.64,UP,1
2026-09-01T06:10:00+00:00,5,K4,UP,2026-09-01T06:10:21.046814+00:00,22,79001.99,79030.64,UP,1
2026-09-01T06:15:00+00:00,5,?,UP,2026-09-01T06:15:15.922258+00:00,16,79030.64,78899.4,DOWN,0
2026-09-01T06:15:00+00:00,5,K10,DOWN,2026-09-01T06:16:02.534740+00:00,63,79030.64,78899.4,DOWN,1
2026-09-01T06:15:00+00:00,5,K11,DOWN,2026-09-01T06:16:44.881192+00:00,105,79030.64,78899.4,DOWN,1
2026-09-01T06:15:00+00:00,15,?,UP,2026-09-01T06:15:15.922258+00:00,16,79030.64,78897.64,DOWN,0
2026-09-01T06:15:00+00:00,15,K10,DOWN,2026-09-01T06:18:06.230408+00:00,187,79030.64,78897.64,DOWN,1
2026-09-01T06:15:00+00:00,15,K11,DOWN,2026-09-01T06:20:01.005581+00:00,302,79030.64,78897.64,DOWN,1
2026-09-01T06:15:00+00:00,15,K9,UP,2026-09-01T06:15:21.048841+00:00,22,79030.64,78897.64,DOWN,0
2026-09-01T06:15:00+00:00,15,K4,UP,2026-09-01T06:15:21.048841+00:00,22,79030.64,78897.64,DOWN,0
2026-09-01T06:15:00+00:00,15,K5,DOWN,2026-09-01T06:15:21.048841+00:00,22,79030.64,78897.64,DOWN,1
2026-09-01T06:20:00+00:00,5,K9,UP,2026-09-01T06:20:21.584216+00:00,22,78899.4,78842.34,DOWN,0
2026-09-01T06:20:00+00:00,5,K4,UP,2026-09-01T06:20:21.584216+00:00,22,78899.4,78842.34,DOWN,0
2026-09-01T06:25:00+00:00,5,?,DOWN,2026-09-01T06:25:58.843184+00:00,59,78842.34,78897.64,UP,0
2026-09-01T06:35:00+00:00,5,K14,DOWN,2026-09-01T06:35:01.002269+00:00,2,78934.31,78924.68,DOWN,1
2026-09-01T06:35:00+00:00,5,K11,DOWN,2026-09-01T06:36:43.839020+00:00,104,78934.31,78924.68,DOWN,1
2026-09-01T06:40:00+00:00,5,K14,DOWN,2026-09-01T06:40:21.047989+00:00,22,78924.68,78878.0,DOWN,1
2026-09-01T06:45:00+00:00,5,K14,DOWN,2026-09-01T06:45:21.047884+00:00,22,78878.0,78838.26,DOWN,1
2026-09-01T06:45:00+00:00,5,?,UP,2026-09-01T06:47:55.075739+00:00,176,78878.0,78838.26,DOWN,0
2026-09-01T06:45:00+00:00,15,K14,DOWN,2026-09-01T06:45:21.047884+00:00,22,78878.0,78745.39,DOWN,1
2026-09-01T06:45:00+00:00,15,?,UP,2026-09-01T06:47:55.075739+00:00,176,78878.0,78745.39,DOWN,0
2026-09-01T06:45:00+00:00,15,K10,DOWN,2026-09-01T06:48:04.540447+00:00,185,78878.0,78745.39,DOWN,1
2026-09-01T06:50:00+00:00,5,K14,DOWN,2026-09-01T06:50:21.075092+00:00,22,78838.25,78802.87,DOWN,1
2026-09-01T06:50:00+00:00,5,K5,UP,2026-09-01T06:50:21.075092+00:00,22,78838.25,78802.87,DOWN,0
2026-09-01T06:55:00+00:00,5,K14,DOWN,2026-09-01T06:55:21.047088+00:00,22,78802.86,78745.39,DOWN,1
2026-09-01T06:55:00+00:00,5,K8,UP,2026-09-01T06:55:21.047088+00:00,22,78802.86,78745.39,DOWN,0
2026-09-01T06:55:00+00:00,5,K5,UP,2026-09-01T06:55:21.047088+00:00,22,78802.86,78745.39,DOWN,0
2026-09-01T07:00:00+00:00,5,K2,UP,2026-09-01T07:00:21.055036+00:00,22,78745.39,78795.35,UP,1
2026-09-01T07:00:00+00:00,5,K14,DOWN,2026-09-01T07:00:21.055036+00:00,22,78745.39,78795.35,UP,0
2026-09-01T07:00:00+00:00,5,K8,UP,2026-09-01T07:00:21.055036+00:00,22,78745.39,78795.35,UP,1
2026-09-01T07:00:00+00:00,5,K5,UP,2026-09-01T07:00:21.055036+00:00,22,78745.39,78795.35,UP,1
2026-09-01T07:00:00+00:00,15,K14,DOWN,2026-09-01T07:00:21.055036+00:00,22,78745.39,78724.46,DOWN,1
2026-09-01T07:05:00+00:00,5,K5,UP,2026-09-01T07:05:21.076722+00:00,22,78795.36,78775.25,DOWN,0
2026-09-01T07:10:00+00:00,5,K5,UP,2026-09-01T07:10:21.046637+00:00,22,78775.25,78724.46,DOWN,0
2026-09-01T07:15:00+00:00,5,?,DOWN,2026-09-01T07:18:23.066499+00:00,204,78724.46,78776.0,UP,0
2026-09-01T07:15:00+00:00,5,K8,UP,2026-09-01T07:15:21.049309+00:00,22,78724.46,78776.0,UP,1
2026-09-01T07:15:00+00:00,5,K5,UP,2026-09-01T07:15:21.049309+00:00,22,78724.46,78776.0,UP,1
2026-09-01T07:15:00+00:00,15,?,DOWN,2026-09-01T07:18:23.066499+00:00,204,78724.46,78781.5,UP,0
2026-09-01T07:20:00+00:00,5,K5,UP,2026-09-01T07:20:21.082621+00:00,22,78776.0,78764.02,DOWN,0
2026-09-01T07:25:00+00:00,5,?,UP,2026-09-01T07:27:55.213047+00:00,176,78764.01,78781.5,UP,1
2026-09-01T07:25:00+00:00,5,K8,UP,2026-09-01T07:25:21.046988+00:00,22,78764.01,78781.5,UP,1
2026-09-01T07:25:00+00:00,5,K5,UP,2026-09-01T07:25:21.046988+00:00,22,78764.01,78781.5,UP,1
2026-09-01T07:30:00+00:00,5,K14,DOWN,2026-09-01T07:30:21.061150+00:00,22,78781.5,78787.94,UP,0
2026-09-01T07:30:00+00:00,5,?,UP,2026-09-01T07:33:53.746128+00:00,234,78781.5,78787.94,UP,1
2026-09-01T07:30:00+00:00,5,K5,UP,2026-09-01T07:30:21.061150+00:00,22,78781.5,78787.94,UP,1
2026-09-01T07:30:00+00:00,15,K14,DOWN,2026-09-01T07:30:21.061150+00:00,22,78781.5,78622.71,DOWN,1
2026-09-01T07:30:00+00:00,15,?,UP,2026-09-01T07:33:53.746128+00:00,234,78781.5,78622.71,DOWN,0
2026-09-01T07:35:00+00:00,5,?,UP,2026-09-01T07:37:10.838178+00:00,131,78787.94,78568.01,DOWN,0
2026-09-01T07:35:00+00:00,5,K11,DOWN,2026-09-01T07:36:43.025562+00:00,104,78787.94,78568.01,DOWN,1
2026-09-01T07:35:00+00:00,5,K5,UP,2026-09-01T07:35:21.075914+00:00,22,78787.94,78568.01,DOWN,0
2026-09-01T07:40:00+00:00,5,K2,UP,2026-09-01T07:40:21.048016+00:00,22,78568.0,78622.71,UP,1
2026-09-01T07:40:00+00:00,5,K7,UP,2026-09-01T07:40:21.048016+00:00,22,78568.0,78622.71,UP,1
2026-09-01T07:40:00+00:00,5,K14,UP,2026-09-01T07:40:21.048016+00:00,22,78568.0,78622.71,UP,1
2026-09-01T07:40:00+00:00,5,K1,UP,2026-09-01T07:40:21.048016+00:00,22,78568.0,78622.71,UP,1
2026-09-01T07:40:00+00:00,5,?,UP,2026-09-01T07:40:11.375401+00:00,12,78568.0,78622.71,UP,1
2026-09-01T07:40:00+00:00,5,K10,DOWN,2026-09-01T07:41:02.525827+00:00,63,78568.0,78622.71,UP,0
2026-09-01T07:40:00+00:00,5,K9,UP,2026-09-01T07:40:21.048016+00:00,22,78568.0,78622.71,UP,1
2026-09-01T07:40:00+00:00,5,K4,UP,2026-09-01T07:40:21.048016+00:00,22,78568.0,78622.71,UP,1
2026-09-01T07:40:00+00:00,5,K3,UP,2026-09-01T07:40:21.048016+00:00,22,78568.0,78622.71,UP,1
2026-09-01T07:40:00+00:00,5,K8,UP,2026-09-01T07:40:21.048016+00:00,22,78568.0,78622.71,UP,1
2026-09-01T07:40:00+00:00,5,K5,UP,2026-09-01T07:40:21.048016+00:00,22,78568.0,78622.71,UP,1
2026-09-01T07:40:00+00:00,5,K13,UP,2026-09-01T07:40:21.048016+00:00,22,78568.0,78622.71,UP,1
2026-09-01T07:45:00+00:00,5,K2,UP,2026-09-01T07:45:21.052433+00:00,22,78622.71,78653.55,UP,1
2026-09-01T07:45:00+00:00,5,K14,UP,2026-09-01T07:45:21.052433+00:00,22,78622.71,78653.55,UP,1
2026-09-01T07:45:00+00:00,15,K14,UP,2026-09-01T07:45:21.052433+00:00,22,78622.71,78632.37,UP,1
2026-09-01T07:45:00+00:00,15,K9,UP,2026-09-01T07:45:21.052433+00:00,22,78622.71,78632.37,UP,1
2026-09-01T07:45:00+00:00,15,K4,UP,2026-09-01T07:45:21.052433+00:00,22,78622.71,78632.37,UP,1
2026-09-01T07:50:00+00:00,5,K14,UP,2026-09-01T07:50:21.074844+00:00,22,78653.55,78650.01,DOWN,0
2026-09-01T07:55:00+00:00,5,K14,UP,2026-09-01T07:55:21.046627+00:00,22,78650.0,78632.37,DOWN,0
2026-09-01T08:00:00+00:00,5,?,DOWN,2026-09-01T08:04:02.871920+00:00,243,78632.37,78578.0,DOWN,1
2026-09-01T08:00:00+00:00,15,?,DOWN,2026-09-01T08:04:02.871920+00:00,243,78632.37,78309.99,DOWN,1
2026-09-01T08:05:00+00:00,5,K2,UP,2026-09-01T08:05:21.074480+00:00,22,78578.01,78304.4,DOWN,0
2026-09-01T08:05:00+00:00,5,?,UP,2026-09-01T08:06:18.478824+00:00,79,78578.01,78304.4,DOWN,0
2026-09-01T08:05:00+00:00,5,K10,DOWN,2026-09-01T08:06:02.444273+00:00,63,78578.01,78304.4,DOWN,1
2026-09-01T08:05:00+00:00,5,K11,DOWN,2026-09-01T08:06:44.074006+00:00,105,78578.01,78304.4,DOWN,1
2026-09-01T08:05:00+00:00,5,K5,UP,2026-09-01T08:05:21.074480+00:00,22,78578.01,78304.4,DOWN,0
2026-09-01T08:10:00+00:00,5,K2,UP,2026-09-01T08:10:21.047829+00:00,22,78304.39,78309.99,UP,1
2026-09-01T08:10:00+00:00,5,K7,UP,2026-09-01T08:10:21.047829+00:00,22,78304.39,78309.99,UP,1
2026-09-01T08:10:00+00:00,5,K1,UP,2026-09-01T08:10:21.047829+00:00,22,78304.39,78309.99,UP,1
2026-09-01T08:10:00+00:00,5,K6,UP,2026-09-01T08:10:21.047829+00:00,22,78304.39,78309.99,UP,1
2026-09-01T08:10:00+00:00,5,K9,UP,2026-09-01T08:10:21.047829+00:00,22,78304.39,78309.99,UP,1
2026-09-01T08:10:00+00:00,5,K4,UP,2026-09-01T08:10:21.047829+00:00,22,78304.39,78309.99,UP,1
2026-09-01T08:10:00+00:00,5,K3,UP,2026-09-01T08:10:21.047829+00:00,22,78304.39,78309.99,UP,1
2026-09-01T08:10:00+00:00,5,K8,UP,2026-09-01T08:10:21.047829+00:00,22,78304.39,78309.99,UP,1
2026-09-01T08:10:00+00:00,5,K5,UP,2026-09-01T08:10:21.047829+00:00,22,78304.39,78309.99,UP,1
2026-09-01T08:10:00+00:00,5,K12,UP,2026-09-01T08:10:21.047829+00:00,22,78304.39,78309.99,UP,1
2026-09-01T08:15:00+00:00,5,K2,UP,2026-09-01T08:15:21.050446+00:00,22,78309.99,78225.54,DOWN,0
2026-09-01T08:15:00+00:00,5,K7,UP,2026-09-01T08:15:21.050446+00:00,22,78309.99,78225.54,DOWN,0
2026-09-01T08:15:00+00:00,5,K1,UP,2026-09-01T08:15:21.050446+00:00,22,78309.99,78225.54,DOWN,0
2026-09-01T08:15:00+00:00,5,?,UP,2026-09-01T08:18:15.115144+00:00,196,78309.99,78225.54,DOWN,0
2026-09-01T08:15:00+00:00,5,K4,UP,2026-09-01T08:15:21.050446+00:00,22,78309.99,78225.54,DOWN,0
2026-09-01T08:15:00+00:00,5,K8,UP,2026-09-01T08:15:21.050446+00:00,22,78309.99,78225.54,DOWN,0
2026-09-01T08:15:00+00:00,5,K5,UP,2026-09-01T08:15:21.050446+00:00,22,78309.99,78225.54,DOWN,0
2026-09-01T08:15:00+00:00,5,K12,UP,2026-09-01T08:15:21.050446+00:00,22,78309.99,78225.54,DOWN,0
2026-09-01T08:15:00+00:00,15,K2,UP,2026-09-01T08:15:21.050446+00:00,22,78309.99,77888.0,DOWN,0
2026-09-01T08:15:00+00:00,15,K7,UP,2026-09-01T08:15:21.050446+00:00,22,78309.99,77888.0,DOWN,0
2026-09-01T08:15:00+00:00,15,K1,UP,2026-09-01T08:15:21.050446+00:00,22,78309.99,77888.0,DOWN,0
2026-09-01T08:15:00+00:00,15,?,UP,2026-09-01T08:18:15.115144+00:00,196,78309.99,77888.0,DOWN,0
2026-09-01T08:15:00+00:00,15,K9,UP,2026-09-01T08:15:21.050446+00:00,22,78309.99,77888.0,DOWN,0
2026-09-01T08:15:00+00:00,15,K4,UP,2026-09-01T08:15:21.050446+00:00,22,78309.99,77888.0,DOWN,0
2026-09-01T08:15:00+00:00,15,K3,UP,2026-09-01T08:15:21.050446+00:00,22,78309.99,77888.0,DOWN,0
2026-09-01T08:15:00+00:00,15,K8,UP,2026-09-01T08:15:21.050446+00:00,22,78309.99,77888.0,DOWN,0
2026-09-01T08:15:00+00:00,15,K5,UP,2026-09-01T08:15:21.050446+00:00,22,78309.99,77888.0,DOWN,0
2026-09-01T08:20:00+00:00,5,K2,UP,2026-09-01T08:20:21.083806+00:00,22,78225.54,78107.02,DOWN,0
2026-09-01T08:20:00+00:00,5,K7,UP,2026-09-01T08:20:21.083806+00:00,22,78225.54,78107.02,DOWN,0
2026-09-01T08:20:00+00:00,5,K1,UP,2026-09-01T08:20:21.083806+00:00,22,78225.54,78107.02,DOWN,0
2026-09-01T08:20:00+00:00,5,K6,UP,2026-09-01T08:20:21.083806+00:00,22,78225.54,78107.02,DOWN,0
2026-09-01T08:20:00+00:00,5,K10,UP,2026-09-01T08:21:02.022651+00:00,63,78225.54,78107.02,DOWN,0
2026-09-01T08:20:00+00:00,5,K9,UP,2026-09-01T08:20:21.083806+00:00,22,78225.54,78107.02,DOWN,0
2026-09-01T08:20:00+00:00,5,K4,UP,2026-09-01T08:20:21.083806+00:00,22,78225.54,78107.02,DOWN,0
2026-09-01T08:20:00+00:00,5,K3,UP,2026-09-01T08:20:21.083806+00:00,22,78225.54,78107.02,DOWN,0
2026-09-01T08:20:00+00:00,5,K5,UP,2026-09-01T08:20:21.083806+00:00,22,78225.54,78107.02,DOWN,0
2026-09-01T08:20:00+00:00,5,K12,UP,2026-09-01T08:20:21.083806+00:00,22,78225.54,78107.02,DOWN,0
2026-09-01T08:25:00+00:00,5,K2,UP,2026-09-01T08:25:21.049928+00:00,22,78107.01,77888.0,DOWN,0
2026-09-01T08:25:00+00:00,5,K7,UP,2026-09-01T08:25:21.049928+00:00,22,78107.01,77888.0,DOWN,0
2026-09-01T08:25:00+00:00,5,K1,UP,2026-09-01T08:25:21.049928+00:00,22,78107.01,77888.0,DOWN,0
2026-09-01T08:25:00+00:00,5,K6,UP,2026-09-01T08:25:21.049928+00:00,22,78107.01,77888.0,DOWN,0
2026-09-01T08:25:00+00:00,5,?,UP,2026-09-01T08:25:02.820649+00:00,3,78107.01,77888.0,DOWN,0
2026-09-01T08:25:00+00:00,5,K10,DOWN,2026-09-01T08:26:01.914350+00:00,62,78107.01,77888.0,DOWN,1
2026-09-01T08:25:00+00:00,5,K11,DOWN,2026-09-01T08:26:43.446253+00:00,104,78107.01,77888.0,DOWN,1
2026-09-01T08:25:00+00:00,5,K9,UP,2026-09-01T08:25:21.049928+00:00,22,78107.01,77888.0,DOWN,0
2026-09-01T08:25:00+00:00,5,K4,UP,2026-09-01T08:25:21.049928+00:00,22,78107.01,77888.0,DOWN,0
2026-09-01T08:25:00+00:00,5,K3,UP,2026-09-01T08:25:21.049928+00:00,22,78107.01,77888.0,DOWN,0
2026-09-01T08:25:00+00:00,5,K8,UP,2026-09-01T08:25:21.049928+00:00,22,78107.01,77888.0,DOWN,0
2026-09-01T08:25:00+00:00,5,K5,UP,2026-09-01T08:25:21.049928+00:00,22,78107.01,77888.0,DOWN,0
2026-09-01T08:25:00+00:00,5,K12,UP,2026-09-01T08:25:21.049928+00:00,22,78107.01,77888.0,DOWN,0
2026-09-01T08:30:00+00:00,5,K2,UP,2026-09-01T08:30:21.059250+00:00,22,77887.99,78004.45,UP,1
2026-09-01T08:30:00+00:00,5,K7,UP,2026-09-01T08:30:21.059250+00:00,22,77887.99,78004.45,UP,1
2026-09-01T08:30:00+00:00,5,K1,UP,2026-09-01T08:30:21.059250+00:00,22,77887.99,78004.45,UP,1
2026-09-01T08:30:00+00:00,5,K6,UP,2026-09-01T08:30:21.059250+00:00,22,77887.99,78004.45,UP,1
2026-09-01T08:30:00+00:00,5,K10,UP,2026-09-01T08:31:02.585310+00:00,63,77887.99,78004.45,UP,1
2026-09-01T08:30:00+00:00,5,K9,UP,2026-09-01T08:30:21.059250+00:00,22,77887.99,78004.45,UP,1
2026-09-01T08:30:00+00:00,5,K4,UP,2026-09-01T08:30:21.059250+00:00,22,77887.99,78004.45,UP,1
2026-09-01T08:30:00+00:00,5,K3,UP,2026-09-01T08:30:21.059250+00:00,22,77887.99,78004.45,UP,1
2026-09-01T08:30:00+00:00,5,K8,UP,2026-09-01T08:30:21.059250+00:00,22,77887.99,78004.45,UP,1
2026-09-01T08:30:00+00:00,5,K5,UP,2026-09-01T08:30:21.059250+00:00,22,77887.99,78004.45,UP,1
2026-09-01T08:30:00+00:00,5,K12,UP,2026-09-01T08:30:21.059250+00:00,22,77887.99,78004.45,UP,1
2026-09-01T08:30:00+00:00,15,K2,UP,2026-09-01T08:30:21.059250+00:00,22,77887.99,77979.87,UP,1
2026-09-01T08:30:00+00:00,15,K7,UP,2026-09-01T08:30:21.059250+00:00,22,77887.99,77979.87,UP,1
2026-09-01T08:30:00+00:00,15,K1,UP,2026-09-01T08:30:21.059250+00:00,22,77887.99,77979.87,UP,1
2026-09-01T08:30:00+00:00,15,K6,UP,2026-09-01T08:30:21.059250+00:00,22,77887.99,77979.87,UP,1
2026-09-01T08:30:00+00:00,15,K11,UP,2026-09-01T08:35:01.007181+00:00,302,77887.99,77979.87,UP,1
2026-09-01T08:30:00+00:00,15,K9,UP,2026-09-01T08:30:21.059250+00:00,22,77887.99,77979.87,UP,1
2026-09-01T08:30:00+00:00,15,K4,UP,2026-09-01T08:30:21.059250+00:00,22,77887.99,77979.87,UP,1
2026-09-01T08:30:00+00:00,15,K3,UP,2026-09-01T08:30:21.059250+00:00,22,77887.99,77979.87,UP,1
2026-09-01T08:30:00+00:00,15,K8,UP,2026-09-01T08:30:21.059250+00:00,22,77887.99,77979.87,UP,1
2026-09-01T08:30:00+00:00,15,K5,UP,2026-09-01T08:30:21.059250+00:00,22,77887.99,77979.87,UP,1
2026-09-01T08:30:00+00:00,15,K12,UP,2026-09-01T08:30:21.059250+00:00,22,77887.99,77979.87,UP,1
2026-09-01T08:35:00+00:00,5,K2,UP,2026-09-01T08:35:21.404349+00:00,22,78004.46,77956.08,DOWN,0
2026-09-01T08:35:00+00:00,5,K9,DOWN,2026-09-01T08:35:21.404349+00:00,22,78004.46,77956.08,DOWN,1
2026-09-01T08:35:00+00:00,5,K4,DOWN,2026-09-01T08:35:21.404349+00:00,22,78004.46,77956.08,DOWN,1
2026-09-01T08:35:00+00:00,5,K5,UP,2026-09-01T08:35:21.404349+00:00,22,78004.46,77956.08,DOWN,0
2026-09-01T08:35:00+00:00,5,K12,UP,2026-09-01T08:35:21.404349+00:00,22,78004.46,77956.08,DOWN,0
2026-09-01T08:40:00+00:00,5,K2,UP,2026-09-01T08:40:01.005352+00:00,2,77956.08,77979.87,UP,1
2026-09-01T08:40:00+00:00,5,K10,DOWN,2026-09-01T08:41:02.435531+00:00,63,77956.08,77979.87,UP,0
2026-09-01T08:40:00+00:00,5,K11,DOWN,2026-09-01T08:41:44.155030+00:00,105,77956.08,77979.87,UP,0
2026-09-01T08:40:00+00:00,5,K16,UP,2026-09-01T08:40:01.005352+00:00,2,77956.08,77979.87,UP,1
2026-09-01T08:40:00+00:00,5,K5,UP,2026-09-01T08:40:01.005352+00:00,2,77956.08,77979.87,UP,1
2026-09-01T08:40:00+00:00,5,K12,UP,2026-09-01T08:40:01.005352+00:00,2,77956.08,77979.87,UP,1
2026-09-01T08:45:00+00:00,5,K10,UP,2026-09-01T08:46:04.275317+00:00,65,77979.87,77932.0,DOWN,0
2026-09-01T08:45:00+00:00,5,K16,DOWN,2026-09-01T08:45:21.051734+00:00,22,77979.87,77932.0,DOWN,1
2026-09-01T08:45:00+00:00,5,K5,UP,2026-09-01T08:45:21.051734+00:00,22,77979.87,77932.0,DOWN,0
2026-09-01T08:45:00+00:00,5,K12,UP,2026-09-01T08:45:21.051734+00:00,22,77979.87,77932.0,DOWN,0
2026-09-01T08:45:00+00:00,15,K2,UP,2026-09-01T08:45:21.051734+00:00,22,77979.87,77883.28,DOWN,0
2026-09-01T08:45:00+00:00,15,K7,UP,2026-09-01T08:45:21.051734+00:00,22,77979.87,77883.28,DOWN,0
2026-09-01T08:45:00+00:00,15,K4,UP,2026-09-01T08:45:21.051734+00:00,22,77979.87,77883.28,DOWN,0
2026-09-01T08:45:00+00:00,15,K16,DOWN,2026-09-01T08:45:21.051734+00:00,22,77979.87,77883.28,DOWN,1
2026-09-01T08:45:00+00:00,15,K5,UP,2026-09-01T08:45:21.051734+00:00,22,77979.87,77883.28,DOWN,0
2026-09-01T08:50:00+00:00,5,K10,DOWN,2026-09-01T08:51:02.027573+00:00,63,77931.99,77907.14,DOWN,1
2026-09-01T08:50:00+00:00,5,K11,DOWN,2026-09-01T08:51:43.737493+00:00,104,77931.99,77907.14,DOWN,1
2026-09-01T08:50:00+00:00,5,K5,UP,2026-09-01T08:50:21.081090+00:00,22,77931.99,77907.14,DOWN,0
2026-09-01T08:50:00+00:00,5,K12,UP,2026-09-01T08:50:21.081090+00:00,22,77931.99,77907.14,DOWN,0
2026-09-01T08:55:00+00:00,5,K8,UP,2026-09-01T08:55:21.047476+00:00,22,77907.13,77883.28,DOWN,0
2026-09-01T08:55:00+00:00,5,K5,UP,2026-09-01T08:55:21.047476+00:00,22,77907.13,77883.28,DOWN,0
2026-09-01T08:55:00+00:00,5,K12,UP,2026-09-01T08:55:21.047476+00:00,22,77907.13,77883.28,DOWN,0
2026-09-01T09:00:00+00:00,5,K14,DOWN,2026-09-01T09:00:21.062102+00:00,22,77883.28,77886.25,UP,0
2026-09-01T09:00:00+00:00,5,?,UP,2026-09-01T09:02:48.338300+00:00,169,77883.28,77886.25,UP,1
2026-09-01T09:00:00+00:00,5,K8,UP,2026-09-01T09:00:21.062102+00:00,22,77883.28,77886.25,UP,1
2026-09-01T09:00:00+00:00,5,K5,UP,2026-09-01T09:00:21.062102+00:00,22,77883.28,77886.25,UP,1
2026-09-01T09:00:00+00:00,5,K12,UP,2026-09-01T09:00:21.062102+00:00,22,77883.28,77886.25,UP,1
2026-09-01T09:00:00+00:00,15,K2,UP,2026-09-01T09:00:21.062102+00:00,22,77883.28,77827.28,DOWN,0
2026-09-01T09:00:00+00:00,15,K7,UP,2026-09-01T09:00:21.062102+00:00,22,77883.28,77827.28,DOWN,0
2026-09-01T09:00:00+00:00,15,K14,DOWN,2026-09-01T09:00:21.062102+00:00,22,77883.28,77827.28,DOWN,1
2026-09-01T09:00:00+00:00,15,K1,UP,2026-09-01T09:00:21.062102+00:00,22,77883.28,77827.28,DOWN,0
2026-09-01T09:00:00+00:00,15,?,UP,2026-09-01T09:02:48.338300+00:00,169,77883.28,77827.28,DOWN,0
2026-09-01T09:00:00+00:00,15,K4,UP,2026-09-01T09:00:21.062102+00:00,22,77883.28,77827.28,DOWN,0
2026-09-01T09:00:00+00:00,15,K8,UP,2026-09-01T09:00:21.062102+00:00,22,77883.28,77827.28,DOWN,0
2026-09-01T09:00:00+00:00,15,K5,UP,2026-09-01T09:00:21.062102+00:00,22,77883.28,77827.28,DOWN,0
2026-09-01T09:00:00+00:00,15,K12,UP,2026-09-01T09:00:21.062102+00:00,22,77883.28,77827.28,DOWN,0
2026-09-01T09:05:00+00:00,5,?,UP,2026-09-01T09:05:40.797581+00:00,41,77886.26,77883.98,DOWN,0
2026-09-01T09:05:00+00:00,5,K10,DOWN,2026-09-01T09:06:01.906147+00:00,62,77886.26,77883.98,DOWN,1
2026-09-01T09:05:00+00:00,5,K11,DOWN,2026-09-01T09:06:43.398106+00:00,104,77886.26,77883.98,DOWN,1
2026-09-01T09:05:00+00:00,5,K8,UP,2026-09-01T09:05:21.077086+00:00,22,77886.26,77883.98,DOWN,0
2026-09-01T09:05:00+00:00,5,K5,UP,2026-09-01T09:05:21.077086+00:00,22,77886.26,77883.98,DOWN,0
2026-09-01T09:05:00+00:00,5,K12,UP,2026-09-01T09:05:21.077086+00:00,22,77886.26,77883.98,DOWN,0
2026-09-01T09:10:00+00:00,5,K8,UP,2026-09-01T09:10:21.049723+00:00,22,77883.97,77827.28,DOWN,0
2026-09-01T09:10:00+00:00,5,K5,UP,2026-09-01T09:10:21.049723+00:00,22,77883.97,77827.28,DOWN,0
2026-09-01T09:10:00+00:00,5,K12,UP,2026-09-01T09:10:21.049723+00:00,22,77883.97,77827.28,DOWN,0
2026-09-01T09:15:00+00:00,5,K8,UP,2026-09-01T09:15:21.049695+00:00,22,77827.27,77853.59,UP,1
2026-09-01T09:15:00+00:00,5,K5,UP,2026-09-01T09:15:21.049695+00:00,22,77827.27,77853.59,UP,1
2026-09-01T09:15:00+00:00,5,K12,UP,2026-09-01T09:15:21.049695+00:00,22,77827.27,77853.59,UP,1
2026-09-01T09:15:00+00:00,15,K2,UP,2026-09-01T09:15:21.049695+00:00,22,77827.27,77931.29,UP,1
2026-09-01T09:15:00+00:00,15,K8,UP,2026-09-01T09:15:21.049695+00:00,22,77827.27,77931.29,UP,1
2026-09-01T09:15:00+00:00,15,K5,UP,2026-09-01T09:15:21.049695+00:00,22,77827.27,77931.29,UP,1
2026-09-01T09:15:00+00:00,15,K12,UP,2026-09-01T09:15:21.049695+00:00,22,77827.27,77931.29,UP,1
2026-09-01T09:20:00+00:00,5,K11,UP,2026-09-01T09:21:43.128523+00:00,104,77853.59,77975.82,UP,1
2026-09-01T09:20:00+00:00,5,K8,UP,2026-09-01T09:20:21.080580+00:00,22,77853.59,77975.82,UP,1
2026-09-01T09:20:00+00:00,5,K5,UP,2026-09-01T09:20:21.080580+00:00,22,77853.59,77975.82,UP,1
2026-09-01T09:20:00+00:00,5,K12,UP,2026-09-01T09:20:21.080580+00:00,22,77853.59,77975.82,UP,1
2026-09-01T09:25:00+00:00,5,K14,DOWN,2026-09-01T09:25:21.047205+00:00,22,77975.82,77931.29,DOWN,1
2026-09-01T09:25:00+00:00,5,K9,DOWN,2026-09-01T09:25:21.047205+00:00,22,77975.82,77931.29,DOWN,1
2026-09-01T09:25:00+00:00,5,K4,DOWN,2026-09-01T09:25:21.047205+00:00,22,77975.82,77931.29,DOWN,1
2026-09-01T09:30:00+00:00,5,K14,DOWN,2026-09-01T09:30:21.054649+00:00,22,77931.3,77957.57,UP,0
2026-09-01T09:30:00+00:00,5,K5,UP,2026-09-01T09:30:21.054649+00:00,22,77931.3,77957.57,UP,1
2026-09-01T09:30:00+00:00,15,K14,DOWN,2026-09-01T09:30:21.054649+00:00,22,77931.3,78062.24,UP,0
2026-09-01T09:30:00+00:00,15,K5,UP,2026-09-01T09:30:21.054649+00:00,22,77931.3,78062.24,UP,1
2026-09-01T09:35:00+00:00,5,K14,DOWN,2026-09-01T09:35:21.075186+00:00,22,77957.57,77919.13,DOWN,1
2026-09-01T09:35:00+00:00,5,K10,DOWN,2026-09-01T09:36:02.468041+00:00,63,77957.57,77919.13,DOWN,1
2026-09-01T09:35:00+00:00,5,K11,DOWN,2026-09-01T09:36:44.526058+00:00,105,77957.57,77919.13,DOWN,1
2026-09-01T09:35:00+00:00,5,K15,DOWN,2026-09-01T09:36:23.396984+00:00,84,77957.57,77919.13,DOWN,1
2026-09-01T09:35:00+00:00,5,K5,UP,2026-09-01T09:35:21.075186+00:00,22,77957.57,77919.13,DOWN,0
2026-09-01T09:40:00+00:00,5,K14,DOWN,2026-09-01T09:40:21.047426+00:00,22,77919.13,78062.24,UP,0
2026-09-01T09:40:00+00:00,5,K11,UP,2026-09-01T09:42:04.563041+00:00,125,77919.13,78062.24,UP,1
2026-09-01T09:40:00+00:00,5,K5,UP,2026-09-01T09:40:21.047426+00:00,22,77919.13,78062.24,UP,1
2026-09-01T09:45:00+00:00,5,K14,DOWN,2026-09-01T09:45:21.047446+00:00,22,78062.23,77944.0,DOWN,1
2026-09-01T09:45:00+00:00,5,K11,DOWN,2026-09-01T09:46:45.158482+00:00,106,78062.23,77944.0,DOWN,1
2026-09-01T09:45:00+00:00,5,K9,DOWN,2026-09-01T09:45:21.047446+00:00,22,78062.23,77944.0,DOWN,1
2026-09-01T09:45:00+00:00,5,K4,DOWN,2026-09-01T09:45:21.047446+00:00,22,78062.23,77944.0,DOWN,1
2026-09-01T09:45:00+00:00,5,K15,DOWN,2026-09-01T09:45:21.047446+00:00,22,78062.23,77944.0,DOWN,1
2026-09-01T09:45:00+00:00,15,K14,DOWN,2026-09-01T09:45:21.047446+00:00,22,78062.23,77915.0,DOWN,1
2026-09-01T09:45:00+00:00,15,K10,DOWN,2026-09-01T09:48:06.144065+00:00,187,78062.23,77915.0,DOWN,1
2026-09-01T09:45:00+00:00,15,K11,DOWN,2026-09-01T09:50:01.005249+00:00,302,78062.23,77915.0,DOWN,1
2026-09-01T09:45:00+00:00,15,K15,DOWN,2026-09-01T09:45:21.047446+00:00,22,78062.23,77915.0,DOWN,1
2026-09-01T09:45:00+00:00,15,K5,UP,2026-09-01T09:45:21.047446+00:00,22,78062.23,77915.0,DOWN,0
2026-09-01T09:50:00+00:00,5,K14,DOWN,2026-09-01T09:50:21.397194+00:00,22,77944.01,77931.55,DOWN,1
2026-09-01T09:50:00+00:00,5,K9,UP,2026-09-01T09:50:21.397194+00:00,22,77944.01,77931.55,DOWN,0
2026-09-01T09:50:00+00:00,5,K4,UP,2026-09-01T09:50:21.397194+00:00,22,77944.01,77931.55,DOWN,0
2026-09-01T09:50:00+00:00,5,K15,UP,2026-09-01T09:50:21.397194+00:00,22,77944.01,77931.55,DOWN,0
2026-09-01T09:55:00+00:00,5,K14,DOWN,2026-09-01T09:55:21.047321+00:00,22,77931.54,77915.0,DOWN,1
2026-09-01T10:00:00+00:00,5,K14,DOWN,2026-09-01T10:00:21.053710+00:00,22,77915.0,77925.8,UP,0
2026-09-01T10:00:00+00:00,5,K11,UP,2026-09-01T10:02:05.448926+00:00,126,77915.0,77925.8,UP,1
2026-09-01T10:00:00+00:00,15,K14,DOWN,2026-09-01T10:00:21.053710+00:00,22,77915.0,77881.88,DOWN,1
2026-09-01T10:00:00+00:00,15,?,UP,2026-09-01T10:10:22.070453+00:00,623,77915.0,77881.88,DOWN,0
2026-09-01T10:00:00+00:00,15,K9,UP,2026-09-01T10:00:21.053710+00:00,22,77915.0,77881.88,DOWN,0
2026-09-01T10:00:00+00:00,15,K4,UP,2026-09-01T10:00:21.053710+00:00,22,77915.0,77881.88,DOWN,0
2026-09-01T10:00:00+00:00,15,K8,UP,2026-09-01T10:00:21.053710+00:00,22,77915.0,77881.88,DOWN,0
2026-09-01T10:00:00+00:00,15,K5,UP,2026-09-01T10:00:21.053710+00:00,22,77915.0,77881.88,DOWN,0
2026-09-01T10:10:00+00:00,5,?,UP,2026-09-01T10:10:22.070453+00:00,23,77860.01,77881.88,UP,1
2026-09-01T10:15:00+00:00,5,?,UP,2026-09-01T10:18:01.787591+00:00,182,77881.88,77876.0,DOWN,0
2026-09-01T10:15:00+00:00,15,?,UP,2026-09-01T10:18:01.787591+00:00,182,77881.88,78005.85,UP,1
2026-09-01T10:15:00+00:00,15,K8,UP,2026-09-01T10:15:21.050810+00:00,22,77881.88,78005.85,UP,1
2026-09-01T10:15:00+00:00,15,K5,UP,2026-09-01T10:15:21.050810+00:00,22,77881.88,78005.85,UP,1
2026-09-01T10:20:00+00:00,5,K10,UP,2026-09-01T10:21:01.326975+00:00,62,77876.0,78021.99,UP,1
2026-09-01T10:20:00+00:00,5,K11,UP,2026-09-01T10:21:42.402880+00:00,103,77876.0,78021.99,UP,1
2026-09-01T10:25:00+00:00,5,K2,DOWN,2026-09-01T10:25:21.046205+00:00,22,78021.98,78005.85,DOWN,1
2026-09-01T10:25:00+00:00,5,K9,DOWN,2026-09-01T10:25:21.046205+00:00,22,78021.98,78005.85,DOWN,1
2026-09-01T10:25:00+00:00,5,K4,DOWN,2026-09-01T10:25:21.046205+00:00,22,78021.98,78005.85,DOWN,1
2026-09-01T10:25:00+00:00,5,K5,DOWN,2026-09-01T10:25:21.046205+00:00,22,78021.98,78005.85,DOWN,1
2026-09-01T10:30:00+00:00,5,K10,UP,2026-09-01T10:31:02.372439+00:00,63,78005.85,78099.03,UP,1
2026-09-01T10:30:00+00:00,5,K11,UP,2026-09-01T10:31:44.431563+00:00,105,78005.85,78099.03,UP,1
2026-09-01T10:30:00+00:00,5,K5,DOWN,2026-09-01T10:30:21.050231+00:00,22,78005.85,78099.03,UP,0
2026-09-01T10:30:00+00:00,15,?,DOWN,2026-09-01T10:40:29.670968+00:00,630,78005.85,78136.01,UP,0
2026-09-01T10:30:00+00:00,15,K10,UP,2026-09-01T10:33:05.706994+00:00,186,78005.85,78136.01,UP,1
2026-09-01T10:30:00+00:00,15,K11,UP,2026-09-01T10:35:01.004536+00:00,302,78005.85,78136.01,UP,1
2026-09-01T10:30:00+00:00,15,K5,UP,2026-09-01T10:30:21.050231+00:00,22,78005.85,78136.01,UP,1
2026-09-01T10:35:00+00:00,5,K2,DOWN,2026-09-01T10:35:01.004536+00:00,2,78099.03,78187.42,UP,0
2026-09-01T10:35:00+00:00,5,K7,DOWN,2026-09-01T10:35:01.004536+00:00,2,78099.03,78187.42,UP,0
2026-09-01T10:35:00+00:00,5,K1,DOWN,2026-09-01T10:35:01.004536+00:00,2,78099.03,78187.42,UP,0
2026-09-01T10:35:00+00:00,5,K9,DOWN,2026-09-01T10:35:01.004536+00:00,2,78099.03,78187.42,UP,0
2026-09-01T10:35:00+00:00,5,K4,DOWN,2026-09-01T10:35:01.004536+00:00,2,78099.03,78187.42,UP,0
2026-09-01T10:35:00+00:00,5,K3,DOWN,2026-09-01T10:35:01.004536+00:00,2,78099.03,78187.42,UP,0
2026-09-01T10:35:00+00:00,5,K5,DOWN,2026-09-01T10:35:01.004536+00:00,2,78099.03,78187.42,UP,0
2026-09-01T10:40:00+00:00,5,K2,DOWN,2026-09-01T10:40:21.047781+00:00,22,78187.41,78136.01,DOWN,1
2026-09-01T10:40:00+00:00,5,K7,DOWN,2026-09-01T10:40:21.047781+00:00,22,78187.41,78136.01,DOWN,1
2026-09-01T10:40:00+00:00,5,K1,DOWN,2026-09-01T10:40:21.047781+00:00,22,78187.41,78136.01,DOWN,1
2026-09-01T10:40:00+00:00,5,?,DOWN,2026-09-01T10:40:29.670968+00:00,30,78187.41,78136.01,DOWN,1
2026-09-01T10:40:00+00:00,5,K9,DOWN,2026-09-01T10:40:21.047781+00:00,22,78187.41,78136.01,DOWN,1
2026-09-01T10:40:00+00:00,5,K4,DOWN,2026-09-01T10:40:21.047781+00:00,22,78187.41,78136.01,DOWN,1
2026-09-01T10:40:00+00:00,5,K3,DOWN,2026-09-01T10:40:21.047781+00:00,22,78187.41,78136.01,DOWN,1
2026-09-01T10:40:00+00:00,5,K8,DOWN,2026-09-01T10:40:21.047781+00:00,22,78187.41,78136.01,DOWN,1
2026-09-01T10:40:00+00:00,5,K5,DOWN,2026-09-01T10:40:21.047781+00:00,22,78187.41,78136.01,DOWN,1
2026-09-01T10:45:00+00:00,5,K2,DOWN,2026-09-01T10:45:21.051397+00:00,22,78136.01,78070.01,DOWN,1
2026-09-01T10:45:00+00:00,5,?,UP,2026-09-01T10:48:33.717334+00:00,214,78136.01,78070.01,DOWN,0
2026-09-01T10:45:00+00:00,5,K15,DOWN,2026-09-01T10:46:22.365392+00:00,83,78136.01,78070.01,DOWN,1
2026-09-01T10:45:00+00:00,5,K5,DOWN,2026-09-01T10:45:21.051397+00:00,22,78136.01,78070.01,DOWN,1
2026-09-01T10:45:00+00:00,15,?,UP,2026-09-01T10:48:33.717334+00:00,214,78136.01,78029.67,DOWN,0
2026-09-01T10:45:00+00:00,15,K15,DOWN,2026-09-01T10:46:22.365392+00:00,83,78136.01,78029.67,DOWN,1
2026-09-01T11:00:00+00:00,5,?,UP,2026-09-01T11:01:44.384818+00:00,105,78029.67,78042.43,UP,1
2026-09-01T11:00:00+00:00,5,K10,DOWN,2026-09-01T11:01:01.966977+00:00,62,78029.67,78042.43,UP,0
2026-09-01T11:00:00+00:00,5,K11,DOWN,2026-09-01T11:01:43.468114+00:00,104,78029.67,78042.43,UP,0
2026-09-01T11:00:00+00:00,15,?,UP,2026-09-01T11:01:44.384818+00:00,105,78029.67,77989.14,DOWN,0
2026-09-01T11:00:00+00:00,15,K5,UP,2026-09-01T11:00:21.052259+00:00,22,78029.67,77989.14,DOWN,0
2026-09-01T11:05:00+00:00,5,?,UP,2026-09-01T11:08:25.938208+00:00,206,78042.43,77975.97,DOWN,0
2026-09-01T11:05:00+00:00,5,K10,DOWN,2026-09-01T11:06:01.333544+00:00,62,78042.43,77975.97,DOWN,1
2026-09-01T11:15:00+00:00,15,?,UP,2026-09-01T11:21:35.262993+00:00,396,77989.14,78009.12,UP,1
2026-09-01T11:15:00+00:00,15,K5,UP,2026-09-01T11:15:21.046984+00:00,22,77989.14,78009.12,UP,1
2026-09-01T11:20:00+00:00,5,?,UP,2026-09-01T11:21:35.262993+00:00,96,77996.56,77970.52,DOWN,0
2026-09-01T11:20:00+00:00,5,K11,DOWN,2026-09-01T11:21:41.685845+00:00,102,77996.56,77970.52,DOWN,1
2026-09-01T11:30:00+00:00,5,?,DOWN,2026-09-01T11:31:23.623082+00:00,84,78009.12,78068.01,UP,0
2026-09-01T11:30:00+00:00,15,?,DOWN,2026-09-01T11:31:23.623082+00:00,84,78009.12,78106.55,UP,0
2026-09-01T11:35:00+00:00,5,?,DOWN,2026-09-01T11:37:47.127993+00:00,168,78068.01,78180.0,UP,0
2026-09-01T11:35:00+00:00,5,K11,UP,2026-09-01T11:37:01.942512+00:00,122,78068.01,78180.0,UP,1
2026-09-01T11:40:00+00:00,5,K2,DOWN,2026-09-01T11:40:21.046741+00:00,22,78179.99,78106.55,DOWN,1
2026-09-01T11:40:00+00:00,5,K14,DOWN,2026-09-01T11:40:21.046741+00:00,22,78179.99,78106.55,DOWN,1
2026-09-01T11:40:00+00:00,5,K9,DOWN,2026-09-01T11:40:21.046741+00:00,22,78179.99,78106.55,DOWN,1
2026-09-01T11:40:00+00:00,5,K4,DOWN,2026-09-01T11:40:21.046741+00:00,22,78179.99,78106.55,DOWN,1
2026-09-01T11:40:00+00:00,5,K8,DOWN,2026-09-01T11:40:21.046741+00:00,22,78179.99,78106.55,DOWN,1
2026-09-01T11:40:00+00:00,5,K5,DOWN,2026-09-01T11:40:21.046741+00:00,22,78179.99,78106.55,DOWN,1
2026-09-01T11:45:00+00:00,5,K10,UP,2026-09-01T11:46:01.247093+00:00,62,78106.54,78100.01,DOWN,0
2026-09-01T11:50:00+00:00,5,K10,UP,2026-09-01T11:51:01.327911+00:00,62,78100.01,78168.0,UP,1
2026-09-01T11:50:00+00:00,5,K11,UP,2026-09-01T11:51:42.454908+00:00,103,78100.01,78168.0,UP,1
2026-09-01T11:55:00+00:00,5,K10,DOWN,2026-09-01T11:56:01.896642+00:00,62,78168.01,78098.97,DOWN,1
2026-09-01T11:55:00+00:00,5,K11,DOWN,2026-09-01T11:56:43.511964+00:00,104,78168.01,78098.97,DOWN,1
2026-09-01T11:55:00+00:00,5,K8,DOWN,2026-09-01T11:55:21.045979+00:00,22,78168.01,78098.97,DOWN,1
2026-09-01T11:55:00+00:00,5,K5,DOWN,2026-09-01T11:55:21.045979+00:00,22,78168.01,78098.97,DOWN,1
2026-09-01T12:00:00+00:00,5,?,DOWN,2026-09-01T12:00:30.548891+00:00,31,78098.96,78028.73,DOWN,1
2026-09-01T12:00:00+00:00,5,K10,DOWN,2026-09-01T12:01:01.263043+00:00,62,78098.96,78028.73,DOWN,1
2026-09-01T12:00:00+00:00,5,K11,DOWN,2026-09-01T12:01:42.263067+00:00,103,78098.96,78028.73,DOWN,1
2026-09-01T12:00:00+00:00,15,?,DOWN,2026-09-01T12:00:30.548891+00:00,31,78098.96,78031.99,DOWN,1
2026-09-01T12:00:00+00:00,15,K10,DOWN,2026-09-01T12:03:03.981435+00:00,184,78098.96,78031.99,DOWN,1
2026-09-01T12:10:00+00:00,5,K10,UP,2026-09-01T12:11:01.242509+00:00,62,78084.7,78031.99,DOWN,0
2026-09-01T12:15:00+00:00,5,?,UP,2026-09-01T12:19:45.029062+00:00,286,78032.0,77969.94,DOWN,0
2026-09-01T12:15:00+00:00,5,K11,UP,2026-09-01T12:16:41.590534+00:00,102,78032.0,77969.94,DOWN,0
2026-09-01T12:15:00+00:00,15,?,UP,2026-09-01T12:19:45.029062+00:00,286,78032.0,77994.01,DOWN,0
2026-09-01T12:20:00+00:00,5,?,UP,2026-09-01T12:20:45.535948+00:00,46,77969.93,77962.89,DOWN,0
2026-09-01T12:25:00+00:00,5,K14,UP,2026-09-01T12:25:21.045965+00:00,22,77962.88,77994.01,UP,1
2026-09-01T12:25:00+00:00,5,K10,UP,2026-09-01T12:26:01.978741+00:00,62,77962.88,77994.01,UP,1
2026-09-01T12:25:00+00:00,5,K11,UP,2026-09-01T12:26:43.560843+00:00,104,77962.88,77994.01,UP,1
2026-09-01T12:30:00+00:00,5,K10,DOWN,2026-09-01T12:31:01.250725+00:00,62,77994.0,77886.35,DOWN,1
2026-09-01T12:30:00+00:00,5,K11,DOWN,2026-09-01T12:31:42.265680+00:00,103,77994.0,77886.35,DOWN,1
2026-09-01T12:30:00+00:00,15,?,DOWN,2026-09-01T12:36:26.119884+00:00,387,77994.0,77970.53,DOWN,1
2026-09-01T12:30:00+00:00,15,K11,DOWN,2026-09-01T12:35:01.004074+00:00,302,77994.0,77970.53,DOWN,1
2026-09-01T12:35:00+00:00,5,K2,UP,2026-09-01T12:35:21.416379+00:00,22,77886.34,77818.01,DOWN,0
2026-09-01T12:35:00+00:00,5,K7,UP,2026-09-01T12:35:21.416379+00:00,22,77886.34,77818.01,DOWN,0
2026-09-01T12:35:00+00:00,5,K1,UP,2026-09-01T12:35:21.416379+00:00,22,77886.34,77818.01,DOWN,0
2026-09-01T12:35:00+00:00,5,?,DOWN,2026-09-01T12:36:26.119884+00:00,87,77886.34,77818.01,DOWN,1
2026-09-01T12:35:00+00:00,5,K10,DOWN,2026-09-01T12:36:02.822661+00:00,63,77886.34,77818.01,DOWN,1
2026-09-01T12:35:00+00:00,5,K11,DOWN,2026-09-01T12:37:05.047088+00:00,126,77886.34,77818.01,DOWN,1
2026-09-01T12:35:00+00:00,5,K9,UP,2026-09-01T12:35:21.416379+00:00,22,77886.34,77818.01,DOWN,0
2026-09-01T12:35:00+00:00,5,K4,UP,2026-09-01T12:35:21.416379+00:00,22,77886.34,77818.01,DOWN,0
2026-09-01T12:35:00+00:00,5,K3,UP,2026-09-01T12:35:21.416379+00:00,22,77886.34,77818.01,DOWN,0
2026-09-01T12:35:00+00:00,5,K5,UP,2026-09-01T12:35:21.416379+00:00,22,77886.34,77818.01,DOWN,0
2026-09-01T12:40:00+00:00,5,K2,UP,2026-09-01T12:40:21.049060+00:00,22,77818.01,77970.53,UP,1
2026-09-01T12:40:00+00:00,5,K7,UP,2026-09-01T12:40:21.049060+00:00,22,77818.01,77970.53,UP,1
2026-09-01T12:40:00+00:00,5,K10,DOWN,2026-09-01T12:41:01.947525+00:00,62,77818.01,77970.53,UP,0
2026-09-01T12:40:00+00:00,5,K11,UP,2026-09-01T12:42:04.004630+00:00,125,77818.01,77970.53,UP,1
2026-09-01T12:40:00+00:00,5,K4,UP,2026-09-01T12:40:21.049060+00:00,22,77818.01,77970.53,UP,1
2026-09-01T12:40:00+00:00,5,K5,UP,2026-09-01T12:40:21.049060+00:00,22,77818.01,77970.53,UP,1
2026-09-01T12:45:00+00:00,5,K10,DOWN,2026-09-01T12:46:01.898934+00:00,62,77970.52,77996.98,UP,0
2026-09-01T12:45:00+00:00,5,K9,DOWN,2026-09-01T12:45:21.049062+00:00,22,77970.52,77996.98,UP,0
2026-09-01T12:45:00+00:00,5,K4,DOWN,2026-09-01T12:45:21.049062+00:00,22,77970.52,77996.98,UP,0
2026-09-01T12:45:00+00:00,15,?,UP,2026-09-01T12:59:01.623558+00:00,842,77970.52,78004.0,UP,1
2026-09-01T12:45:00+00:00,15,K10,UP,2026-09-01T12:48:04.284620+00:00,185,77970.52,78004.0,UP,1
2026-09-01T12:55:00+00:00,5,?,UP,2026-09-01T12:59:01.623558+00:00,242,78013.75,78004.0,DOWN,0
2026-09-01T13:00:00+00:00,5,K14,UP,2026-09-01T13:00:21.046392+00:00,22,78004.01,77850.43,DOWN,0
2026-09-01T13:00:00+00:00,5,?,UP,2026-09-01T13:04:07.288494+00:00,248,78004.01,77850.43,DOWN,0
2026-09-01T13:00:00+00:00,5,K11,DOWN,2026-09-01T13:01:44.168932+00:00,105,78004.01,77850.43,DOWN,1
2026-09-01T13:00:00+00:00,15,K14,UP,2026-09-01T13:00:21.046392+00:00,22,78004.01,77818.91,DOWN,0
2026-09-01T13:00:00+00:00,15,?,UP,2026-09-01T13:04:07.288494+00:00,248,78004.01,77818.91,DOWN,0
2026-09-01T13:00:00+00:00,15,K10,DOWN,2026-09-01T13:03:05.264771+00:00,186,78004.01,77818.91,DOWN,1
2026-09-01T13:00:00+00:00,15,K11,DOWN,2026-09-01T13:05:01.004653+00:00,302,78004.01,77818.91,DOWN,1
2026-09-01T13:05:00+00:00,5,K2,UP,2026-09-01T13:05:21.445250+00:00,22,77850.43,77738.0,DOWN,0
2026-09-01T13:05:00+00:00,5,K14,UP,2026-09-01T13:05:21.445250+00:00,22,77850.43,77738.0,DOWN,0
2026-09-01T13:05:00+00:00,5,?,UP,2026-09-01T13:06:36.660117+00:00,97,77850.43,77738.0,DOWN,0
2026-09-01T13:05:00+00:00,5,K10,UP,2026-09-01T13:06:02.689878+00:00,63,77850.43,77738.0,DOWN,0
2026-09-01T13:05:00+00:00,5,K11,DOWN,2026-09-01T13:06:44.250217+00:00,105,77850.43,77738.0,DOWN,1
2026-09-01T13:05:00+00:00,5,K9,UP,2026-09-01T13:05:21.445250+00:00,22,77850.43,77738.0,DOWN,0
2026-09-01T13:05:00+00:00,5,K4,UP,2026-09-01T13:05:21.445250+00:00,22,77850.43,77738.0,DOWN,0
2026-09-01T13:10:00+00:00,5,K2,UP,2026-09-01T13:10:21.050777+00:00,22,77738.0,77818.91,UP,1
2026-09-01T13:10:00+00:00,5,K7,UP,2026-09-01T13:10:21.050777+00:00,22,77738.0,77818.91,UP,1
2026-09-01T13:10:00+00:00,5,K14,UP,2026-09-01T13:10:21.050777+00:00,22,77738.0,77818.91,UP,1
2026-09-01T13:10:00+00:00,5,K1,UP,2026-09-01T13:10:21.050777+00:00,22,77738.0,77818.91,UP,1
2026-09-01T13:10:00+00:00,5,K10,UP,2026-09-01T13:11:02.090023+00:00,63,77738.0,77818.91,UP,1
2026-09-01T13:10:00+00:00,5,K11,UP,2026-09-01T13:11:43.724327+00:00,104,77738.0,77818.91,UP,1
2026-09-01T13:10:00+00:00,5,K9,UP,2026-09-01T13:10:21.050777+00:00,22,77738.0,77818.91,UP,1
2026-09-01T13:10:00+00:00,5,K4,UP,2026-09-01T13:10:21.050777+00:00,22,77738.0,77818.91,UP,1
2026-09-01T13:10:00+00:00,5,K3,UP,2026-09-01T13:10:21.050777+00:00,22,77738.0,77818.91,UP,1
2026-09-01T13:15:00+00:00,15,K2,UP,2026-09-01T13:15:21.050976+00:00,22,77818.9,77888.39,UP,1
2026-09-01T13:15:00+00:00,15,K9,UP,2026-09-01T13:15:21.050976+00:00,22,77818.9,77888.39,UP,1
2026-09-01T13:15:00+00:00,15,K4,UP,2026-09-01T13:15:21.050976+00:00,22,77818.9,77888.39,UP,1
2026-09-01T13:25:00+00:00,5,K2,UP,2026-09-01T13:25:21.044789+00:00,22,77769.08,77888.39,UP,1
2026-09-01T13:25:00+00:00,5,K10,UP,2026-09-01T13:26:01.994651+00:00,62,77769.08,77888.39,UP,1
2026-09-01T13:25:00+00:00,5,K11,UP,2026-09-01T13:27:04.247878+00:00,125,77769.08,77888.39,UP,1
2026-09-01T13:25:00+00:00,5,K16,DOWN,2026-09-01T13:26:22.666466+00:00,83,77769.08,77888.39,UP,0
2026-09-01T13:30:00+00:00,5,?,DOWN,2026-09-01T13:31:00.567425+00:00,61,77888.39,77820.61,DOWN,1
2026-09-01T13:30:00+00:00,5,K10,UP,2026-09-01T13:31:02.046807+00:00,63,77888.39,77820.61,DOWN,0
2026-09-01T13:30:00+00:00,5,K11,UP,2026-09-01T13:31:43.641243+00:00,104,77888.39,77820.61,DOWN,0
2026-09-01T13:30:00+00:00,5,K9,DOWN,2026-09-01T13:30:21.055260+00:00,22,77888.39,77820.61,DOWN,1
2026-09-01T13:30:00+00:00,5,K4,DOWN,2026-09-01T13:30:21.055260+00:00,22,77888.39,77820.61,DOWN,1
2026-09-01T13:30:00+00:00,15,?,DOWN,2026-09-01T13:31:00.567425+00:00,61,77888.39,77924.0,UP,0
2026-09-01T13:35:00+00:00,5,?,UP,2026-09-01T13:36:44.413561+00:00,105,77820.6,77634.32,DOWN,0
2026-09-01T13:35:00+00:00,5,K11,DOWN,2026-09-01T13:36:41.847812+00:00,102,77820.6,77634.32,DOWN,1
2026-09-01T13:40:00+00:00,5,K2,UP,2026-09-01T13:40:21.091747+00:00,22,77634.33,77924.0,UP,1
2026-09-01T13:40:00+00:00,5,K7,UP,2026-09-01T13:40:21.091747+00:00,22,77634.33,77924.0,UP,1
2026-09-01T13:40:00+00:00,5,K1,UP,2026-09-01T13:40:21.091747+00:00,22,77634.33,77924.0,UP,1
2026-09-01T13:40:00+00:00,5,?,DOWN,2026-09-01T13:43:15.190005+00:00,196,77634.33,77924.0,UP,0
2026-09-01T13:40:00+00:00,5,K11,DOWN,2026-09-01T13:41:42.918365+00:00,103,77634.33,77924.0,UP,0
2026-09-01T13:40:00+00:00,5,K9,UP,2026-09-01T13:40:21.091747+00:00,22,77634.33,77924.0,UP,1
2026-09-01T13:40:00+00:00,5,K4,UP,2026-09-01T13:40:21.091747+00:00,22,77634.33,77924.0,UP,1
2026-09-01T13:40:00+00:00,5,K3,UP,2026-09-01T13:40:21.091747+00:00,22,77634.33,77924.0,UP,1
2026-09-01T13:40:00+00:00,5,K5,UP,2026-09-01T13:40:21.091747+00:00,22,77634.33,77924.0,UP,1
2026-09-01T13:45:00+00:00,5,K9,DOWN,2026-09-01T13:45:21.049297+00:00,22,77924.01,78100.74,UP,0
2026-09-01T13:45:00+00:00,5,K4,DOWN,2026-09-01T13:45:21.049297+00:00,22,77924.01,78100.74,UP,0
2026-09-01T13:45:00+00:00,15,K10,UP,2026-09-01T13:48:03.490202+00:00,184,77924.01,78071.99,UP,1
2026-09-01T13:45:00+00:00,15,K11,UP,2026-09-01T13:50:01.004163+00:00,302,77924.01,78071.99,UP,1
2026-09-01T13:50:00+00:00,5,K2,DOWN,2026-09-01T13:50:21.409450+00:00,22,78100.74,78043.13,DOWN,1
2026-09-01T13:50:00+00:00,5,K10,UP,2026-09-01T13:51:02.639035+00:00,63,78100.74,78043.13,DOWN,0
2026-09-01T13:50:00+00:00,5,K9,DOWN,2026-09-01T13:50:21.409450+00:00,22,78100.74,78043.13,DOWN,1
2026-09-01T13:50:00+00:00,5,K4,DOWN,2026-09-01T13:50:21.409450+00:00,22,78100.74,78043.13,DOWN,1
2026-09-01T13:50:00+00:00,5,K8,DOWN,2026-09-01T13:50:21.409450+00:00,22,78100.74,78043.13,DOWN,1
2026-09-01T13:50:00+00:00,5,K5,DOWN,2026-09-01T13:50:21.409450+00:00,22,78100.74,78043.13,DOWN,1
2026-09-01T13:55:00+00:00,5,K15,DOWN,2026-09-01T13:55:21.051630+00:00,22,78043.13,78071.99,UP,0
2026-09-01T14:00:00+00:00,5,?,DOWN,2026-09-01T14:01:47.616335+00:00,108,78072.0,78138.0,UP,0
2026-09-01T14:00:00+00:00,5,K10,UP,2026-09-01T14:01:03.898501+00:00,64,78072.0,78138.0,UP,1
2026-09-01T14:00:00+00:00,5,K11,UP,2026-09-01T14:01:46.151354+00:00,107,78072.0,78138.0,UP,1
2026-09-01T14:00:00+00:00,5,K5,DOWN,2026-09-01T14:00:21.054669+00:00,22,78072.0,78138.0,UP,0
2026-09-01T14:00:00+00:00,15,?,DOWN,2026-09-01T14:01:47.616335+00:00,108,78072.0,78269.11,UP,0
2026-09-01T14:00:00+00:00,15,K10,UP,2026-09-01T14:03:07.213699+00:00,188,78072.0,78269.11,UP,1
2026-09-01T14:00:00+00:00,15,K9,DOWN,2026-09-01T14:00:21.054669+00:00,22,78072.0,78269.11,UP,0
2026-09-01T14:00:00+00:00,15,K4,DOWN,2026-09-01T14:00:21.054669+00:00,22,78072.0,78269.11,UP,0
2026-09-01T14:00:00+00:00,15,K5,DOWN,2026-09-01T14:00:21.054669+00:00,22,78072.0,78269.11,UP,0
2026-09-01T14:05:00+00:00,5,K2,DOWN,2026-09-01T14:05:21.076456+00:00,22,78137.99,78366.01,UP,0
2026-09-01T14:05:00+00:00,5,?,DOWN,2026-09-01T14:09:23.933015+00:00,264,78137.99,78366.01,UP,0
2026-09-01T14:05:00+00:00,5,K11,UP,2026-09-01T14:06:43.180724+00:00,104,78137.99,78366.01,UP,1
2026-09-01T14:10:00+00:00,5,K2,DOWN,2026-09-01T14:10:21.093037+00:00,22,78366.01,78269.11,DOWN,1
2026-09-01T14:10:00+00:00,5,K7,DOWN,2026-09-01T14:10:21.093037+00:00,22,78366.01,78269.11,DOWN,1
2026-09-01T14:10:00+00:00,5,K1,DOWN,2026-09-01T14:10:21.093037+00:00,22,78366.01,78269.11,DOWN,1
2026-09-01T14:10:00+00:00,5,K11,DOWN,2026-09-01T14:12:03.316518+00:00,124,78366.01,78269.11,DOWN,1
2026-09-01T14:10:00+00:00,5,K9,DOWN,2026-09-01T14:10:21.093037+00:00,22,78366.01,78269.11,DOWN,1
2026-09-01T14:10:00+00:00,5,K4,DOWN,2026-09-01T14:10:21.093037+00:00,22,78366.01,78269.11,DOWN,1
2026-09-01T14:10:00+00:00,5,K3,DOWN,2026-09-01T14:10:21.093037+00:00,22,78366.01,78269.11,DOWN,1
2026-09-01T14:10:00+00:00,5,K15,DOWN,2026-09-01T14:11:22.550504+00:00,83,78366.01,78269.11,DOWN,1
2026-09-01T14:10:00+00:00,5,K8,DOWN,2026-09-01T14:10:21.093037+00:00,22,78366.01,78269.11,DOWN,1
2026-09-01T14:10:00+00:00,5,K5,DOWN,2026-09-01T14:10:21.093037+00:00,22,78366.01,78269.11,DOWN,1
2026-09-01T14:15:00+00:00,5,K2,DOWN,2026-09-01T14:15:21.052714+00:00,22,78269.1,78208.0,DOWN,1
2026-09-01T14:15:00+00:00,5,K10,UP,2026-09-01T14:16:02.997983+00:00,63,78269.1,78208.0,DOWN,0
2026-09-01T14:15:00+00:00,5,K11,UP,2026-09-01T14:17:06.234334+00:00,127,78269.1,78208.0,DOWN,0
2026-09-01T14:15:00+00:00,5,K9,UP,2026-09-01T14:15:21.052714+00:00,22,78269.1,78208.0,DOWN,0
2026-09-01T14:15:00+00:00,5,K4,UP,2026-09-01T14:15:21.052714+00:00,22,78269.1,78208.0,DOWN,0
2026-09-01T14:15:00+00:00,5,K15,DOWN,2026-09-01T14:15:21.052714+00:00,22,78269.1,78208.0,DOWN,1
2026-09-01T14:15:00+00:00,5,K5,DOWN,2026-09-01T14:15:21.052714+00:00,22,78269.1,78208.0,DOWN,1
2026-09-01T14:15:00+00:00,15,K2,DOWN,2026-09-01T14:15:21.052714+00:00,22,78269.1,78262.15,DOWN,1
2026-09-01T14:15:00+00:00,15,K7,DOWN,2026-09-01T14:15:21.052714+00:00,22,78269.1,78262.15,DOWN,1
2026-09-01T14:15:00+00:00,15,K1,DOWN,2026-09-01T14:15:21.052714+00:00,22,78269.1,78262.15,DOWN,1
2026-09-01T14:15:00+00:00,15,K9,DOWN,2026-09-01T14:15:21.052714+00:00,22,78269.1,78262.15,DOWN,1
2026-09-01T14:15:00+00:00,15,K4,DOWN,2026-09-01T14:15:21.052714+00:00,22,78269.1,78262.15,DOWN,1
2026-09-01T14:15:00+00:00,15,K3,DOWN,2026-09-01T14:15:21.052714+00:00,22,78269.1,78262.15,DOWN,1
2026-09-01T14:15:00+00:00,15,K15,DOWN,2026-09-01T14:15:21.052714+00:00,22,78269.1,78262.15,DOWN,1
2026-09-01T14:15:00+00:00,15,K5,DOWN,2026-09-01T14:15:21.052714+00:00,22,78269.1,78262.15,DOWN,1
2026-09-01T14:20:00+00:00,5,K14,DOWN,2026-09-01T14:20:21.076773+00:00,22,78208.01,78289.99,UP,0
2026-09-01T14:20:00+00:00,5,K15,DOWN,2026-09-01T14:20:21.076773+00:00,22,78208.01,78289.99,UP,0
2026-09-01T14:25:00+00:00,5,K2,DOWN,2026-09-01T14:25:21.050281+00:00,22,78289.98,78262.15,DOWN,1
2026-09-01T14:25:00+00:00,5,K14,DOWN,2026-09-01T14:25:21.050281+00:00,22,78289.98,78262.15,DOWN,1
2026-09-01T14:25:00+00:00,5,K10,UP,2026-09-01T14:26:02.938441+00:00,63,78289.98,78262.15,DOWN,0
2026-09-01T14:25:00+00:00,5,K11,UP,2026-09-01T14:27:05.717282+00:00,126,78289.98,78262.15,DOWN,0
2026-09-01T14:25:00+00:00,5,K15,UP,2026-09-01T14:25:21.050281+00:00,22,78289.98,78262.15,DOWN,0
2026-09-01T14:25:00+00:00,5,K5,DOWN,2026-09-01T14:25:21.050281+00:00,22,78289.98,78262.15,DOWN,1
2026-09-01T14:30:00+00:00,5,K14,DOWN,2026-09-01T14:30:21.057475+00:00,22,78262.14,78350.89,UP,0
2026-09-01T14:30:00+00:00,5,K10,UP,2026-09-01T14:31:03.504096+00:00,64,78262.14,78350.89,UP,1
2026-09-01T14:30:00+00:00,5,K15,UP,2026-09-01T14:30:21.057475+00:00,22,78262.14,78350.89,UP,1
2026-09-01T14:30:00+00:00,5,K5,DOWN,2026-09-01T14:30:21.057475+00:00,22,78262.14,78350.89,UP,0
2026-09-01T14:30:00+00:00,15,K2,DOWN,2026-09-01T14:30:21.057475+00:00,22,78262.14,78399.99,UP,0
2026-09-01T14:30:00+00:00,15,K7,DOWN,2026-09-01T14:30:21.057475+00:00,22,78262.14,78399.99,UP,0
2026-09-01T14:30:00+00:00,15,K14,DOWN,2026-09-01T14:30:21.057475+00:00,22,78262.14,78399.99,UP,0
2026-09-01T14:30:00+00:00,15,?,UP,2026-09-01T14:40:43.980901+00:00,644,78262.14,78399.99,UP,1
2026-09-01T14:30:00+00:00,15,K4,DOWN,2026-09-01T14:30:21.057475+00:00,22,78262.14,78399.99,UP,0
2026-09-01T14:30:00+00:00,15,K15,UP,2026-09-01T14:30:21.057475+00:00,22,78262.14,78399.99,UP,1
2026-09-01T14:30:00+00:00,15,K5,DOWN,2026-09-01T14:30:21.057475+00:00,22,78262.14,78399.99,UP,0
2026-09-01T14:35:00+00:00,5,K9,DOWN,2026-09-01T14:35:21.079987+00:00,22,78350.9,78332.55,DOWN,1
2026-09-01T14:35:00+00:00,5,K4,DOWN,2026-09-01T14:35:21.079987+00:00,22,78350.9,78332.55,DOWN,1
2026-09-01T14:35:00+00:00,5,K15,DOWN,2026-09-01T14:35:21.079987+00:00,22,78350.9,78332.55,DOWN,1
2026-09-01T14:35:00+00:00,5,K8,DOWN,2026-09-01T14:35:21.079987+00:00,22,78350.9,78332.55,DOWN,1
2026-09-01T14:35:00+00:00,5,K5,DOWN,2026-09-01T14:35:21.079987+00:00,22,78350.9,78332.55,DOWN,1
2026-09-01T14:40:00+00:00,5,?,UP,2026-09-01T14:40:43.980901+00:00,44,78332.55,78399.99,UP,1
2026-09-01T14:40:00+00:00,5,K8,DOWN,2026-09-01T14:40:21.096159+00:00,22,78332.55,78399.99,UP,0
2026-09-01T14:40:00+00:00,5,K5,DOWN,2026-09-01T14:40:21.096159+00:00,22,78332.55,78399.99,UP,0
2026-09-01T14:45:00+00:00,5,K8,DOWN,2026-09-01T14:45:21.049230+00:00,22,78400.0,78318.0,DOWN,1
2026-09-01T14:45:00+00:00,5,K5,DOWN,2026-09-01T14:45:21.049230+00:00,22,78400.0,78318.0,DOWN,1
2026-09-01T14:45:00+00:00,15,K2,DOWN,2026-09-01T14:45:21.049230+00:00,22,78400.0,78167.99,DOWN,1
2026-09-01T14:45:00+00:00,15,K7,DOWN,2026-09-01T14:45:21.049230+00:00,22,78400.0,78167.99,DOWN,1
2026-09-01T14:45:00+00:00,15,?,UP,2026-09-01T14:55:03.020709+00:00,604,78400.0,78167.99,DOWN,0
2026-09-01T14:45:00+00:00,15,K4,DOWN,2026-09-01T14:45:21.049230+00:00,22,78400.0,78167.99,DOWN,1
2026-09-01T14:45:00+00:00,15,K8,DOWN,2026-09-01T14:45:21.049230+00:00,22,78400.0,78167.99,DOWN,1
2026-09-01T14:45:00+00:00,15,K5,DOWN,2026-09-01T14:45:21.049230+00:00,22,78400.0,78167.99,DOWN,1
2026-09-01T14:50:00+00:00,5,K14,UP,2026-09-01T14:50:21.074813+00:00,22,78318.0,78284.74,DOWN,0
2026-09-01T14:50:00+00:00,5,K15,UP,2026-09-01T14:51:23.329539+00:00,84,78318.0,78284.74,DOWN,0
2026-09-01T14:50:00+00:00,5,K5,DOWN,2026-09-01T14:50:21.074813+00:00,22,78318.0,78284.74,DOWN,1
2026-09-01T14:55:00+00:00,5,K14,UP,2026-09-01T14:55:21.046853+00:00,22,78284.75,78167.99,DOWN,0
2026-09-01T14:55:00+00:00,5,?,UP,2026-09-01T14:55:03.020709+00:00,4,78284.75,78167.99,DOWN,0
2026-09-01T14:55:00+00:00,5,K10,DOWN,2026-09-01T14:56:02.605928+00:00,63,78284.75,78167.99,DOWN,1
2026-09-01T14:55:00+00:00,5,K11,DOWN,2026-09-01T14:56:44.699033+00:00,105,78284.75,78167.99,DOWN,1
2026-09-01T14:55:00+00:00,5,K15,UP,2026-09-01T14:55:21.046853+00:00,22,78284.75,78167.99,DOWN,0
2026-09-01T14:55:00+00:00,5,K5,DOWN,2026-09-01T14:55:21.046853+00:00,22,78284.75,78167.99,DOWN,1
2026-09-01T15:00:00+00:00,5,K14,UP,2026-09-01T15:00:21.055588+00:00,22,78168.0,77844.59,DOWN,0
2026-09-01T15:00:00+00:00,5,?,UP,2026-09-01T15:00:35.962840+00:00,36,78168.0,77844.59,DOWN,0
2026-09-01T15:00:00+00:00,5,K10,DOWN,2026-09-01T15:01:02.674301+00:00,63,78168.0,77844.59,DOWN,1
2026-09-01T15:00:00+00:00,5,K11,DOWN,2026-09-01T15:01:44.773440+00:00,105,78168.0,77844.59,DOWN,1
2026-09-01T15:00:00+00:00,5,K9,UP,2026-09-01T15:00:21.055588+00:00,22,78168.0,77844.59,DOWN,0
2026-09-01T15:00:00+00:00,5,K4,UP,2026-09-01T15:00:21.055588+00:00,22,78168.0,77844.59,DOWN,0
2026-09-01T15:00:00+00:00,5,K15,UP,2026-09-01T15:00:21.055588+00:00,22,78168.0,77844.59,DOWN,0
2026-09-01T15:00:00+00:00,15,K14,UP,2026-09-01T15:00:21.055588+00:00,22,78168.0,77826.25,DOWN,0
2026-09-01T15:00:00+00:00,15,?,UP,2026-09-01T15:00:35.962840+00:00,36,78168.0,77826.25,DOWN,0
2026-09-01T15:00:00+00:00,15,K10,DOWN,2026-09-01T15:03:06.028572+00:00,187,78168.0,77826.25,DOWN,1
2026-09-01T15:00:00+00:00,15,K11,DOWN,2026-09-01T15:05:01.005866+00:00,302,78168.0,77826.25,DOWN,1
2026-09-01T15:00:00+00:00,15,K9,UP,2026-09-01T15:00:21.055588+00:00,22,78168.0,77826.25,DOWN,0
2026-09-01T15:00:00+00:00,15,K4,UP,2026-09-01T15:00:21.055588+00:00,22,78168.0,77826.25,DOWN,0
2026-09-01T15:00:00+00:00,15,K15,UP,2026-09-01T15:00:21.055588+00:00,22,78168.0,77826.25,DOWN,0
2026-09-01T15:05:00+00:00,5,K14,UP,2026-09-01T15:05:01.005866+00:00,2,77844.59,77792.01,DOWN,0
2026-09-01T15:05:00+00:00,5,?,UP,2026-09-01T15:09:02.292983+00:00,243,77844.59,77792.01,DOWN,0
2026-09-01T15:05:00+00:00,5,K9,UP,2026-09-01T15:05:01.005866+00:00,2,77844.59,77792.01,DOWN,0
2026-09-01T15:05:00+00:00,5,K4,UP,2026-09-01T15:05:01.005866+00:00,2,77844.59,77792.01,DOWN,0
2026-09-01T15:10:00+00:00,5,K2,UP,2026-09-01T15:10:21.096467+00:00,22,77792.0,77826.25,UP,1
2026-09-01T15:10:00+00:00,5,K14,UP,2026-09-01T15:10:21.096467+00:00,22,77792.0,77826.25,UP,1
2026-09-01T15:10:00+00:00,5,K15,UP,2026-09-01T15:10:21.096467+00:00,22,77792.0,77826.25,UP,1
2026-09-01T15:15:00+00:00,5,K14,UP,2026-09-01T15:15:21.050086+00:00,22,77826.24,77822.0,DOWN,0
2026-09-01T15:15:00+00:00,15,K2,UP,2026-09-01T15:15:21.050086+00:00,22,77826.24,77869.21,UP,1
2026-09-01T15:15:00+00:00,15,K14,UP,2026-09-01T15:15:21.050086+00:00,22,77826.24,77869.21,UP,1
2026-09-01T15:15:00+00:00,15,K9,UP,2026-09-01T15:15:21.050086+00:00,22,77826.24,77869.21,UP,1
2026-09-01T15:15:00+00:00,15,K4,UP,2026-09-01T15:15:21.050086+00:00,22,77826.24,77869.21,UP,1
2026-09-01T15:20:00+00:00,5,K2,UP,2026-09-01T15:20:21.074860+00:00,22,77822.0,77853.02,UP,1
2026-09-01T15:25:00+00:00,5,K10,DOWN,2026-09-01T15:26:02.269895+00:00,63,77853.03,77869.21,UP,0
2026-09-01T15:25:00+00:00,5,K5,UP,2026-09-01T15:25:21.046617+00:00,22,77853.03,77869.21,UP,1
2026-09-01T15:30:00+00:00,5,?,DOWN,2026-09-01T15:32:03.348253+00:00,124,77869.22,77913.6,UP,0
2026-09-01T15:30:00+00:00,5,K10,DOWN,2026-09-01T15:31:01.253495+00:00,62,77869.22,77913.6,UP,0
2026-09-01T15:30:00+00:00,5,K11,DOWN,2026-09-01T15:32:02.771513+00:00,123,77869.22,77913.6,UP,0
2026-09-01T15:30:00+00:00,15,?,DOWN,2026-09-01T15:32:03.348253+00:00,124,77869.22,78018.45,UP,0
2026-09-01T15:40:00+00:00,5,K14,DOWN,2026-09-01T15:40:21.044257+00:00,22,77914.58,78018.45,UP,0
2026-09-01T15:45:00+00:00,5,K14,DOWN,2026-09-01T15:45:01.004160+00:00,2,78018.44,78062.43,UP,0
2026-09-01T15:45:00+00:00,5,K10,DOWN,2026-09-01T15:46:03.304205+00:00,64,78018.44,78062.43,UP,0
2026-09-01T15:45:00+00:00,5,K9,DOWN,2026-09-01T15:45:01.004160+00:00,2,78018.44,78062.43,UP,0
2026-09-01T15:45:00+00:00,5,K4,DOWN,2026-09-01T15:45:01.004160+00:00,2,78018.44,78062.43,UP,0
2026-09-01T15:45:00+00:00,15,K14,DOWN,2026-09-01T15:45:01.004160+00:00,2,78018.44,77919.06,DOWN,1
2026-09-01T15:45:00+00:00,15,?,DOWN,2026-09-01T15:51:14.417421+00:00,375,78018.44,77919.06,DOWN,1
2026-09-01T15:45:00+00:00,15,K9,DOWN,2026-09-01T15:45:01.004160+00:00,2,78018.44,77919.06,DOWN,1
2026-09-01T15:45:00+00:00,15,K4,DOWN,2026-09-01T15:45:01.004160+00:00,2,78018.44,77919.06,DOWN,1
2026-09-01T15:50:00+00:00,5,K14,DOWN,2026-09-01T15:50:21.081106+00:00,22,78062.43,78007.79,DOWN,1
2026-09-01T15:50:00+00:00,5,?,DOWN,2026-09-01T15:51:14.417421+00:00,75,78062.43,78007.79,DOWN,1
2026-09-01T16:00:00+00:00,5,?,UP,2026-09-01T16:01:11.773323+00:00,72,77919.07,77909.64,DOWN,0
2026-09-01T16:00:00+00:00,5,K11,DOWN,2026-09-01T16:01:43.682804+00:00,104,77919.07,77909.64,DOWN,1
2026-09-01T16:00:00+00:00,5,K9,UP,2026-09-01T16:00:21.053736+00:00,22,77919.07,77909.64,DOWN,0
2026-09-01T16:00:00+00:00,5,K4,UP,2026-09-01T16:00:21.053736+00:00,22,77919.07,77909.64,DOWN,0
2026-09-01T16:00:00+00:00,15,?,UP,2026-09-01T16:01:11.773323+00:00,72,77919.07,77668.9,DOWN,0
2026-09-01T16:00:00+00:00,15,K10,DOWN,2026-09-01T16:03:04.411177+00:00,185,77919.07,77668.9,DOWN,1
2026-09-01T16:05:00+00:00,5,K10,UP,2026-09-01T16:06:01.328873+00:00,62,77909.65,77802.01,DOWN,0
2026-09-01T16:10:00+00:00,5,K14,UP,2026-09-01T16:10:21.046433+00:00,22,77802.0,77668.9,DOWN,0
2026-09-01T16:10:00+00:00,5,?,UP,2026-09-01T16:13:35.024594+00:00,216,77802.0,77668.9,DOWN,0
2026-09-01T16:10:00+00:00,5,K10,UP,2026-09-01T16:11:01.957010+00:00,62,77802.0,77668.9,DOWN,0
2026-09-01T16:10:00+00:00,5,K9,UP,2026-09-01T16:10:21.046433+00:00,22,77802.0,77668.9,DOWN,0
2026-09-01T16:10:00+00:00,5,K4,UP,2026-09-01T16:10:21.046433+00:00,22,77802.0,77668.9,DOWN,0
2026-09-01T16:10:00+00:00,5,K5,UP,2026-09-01T16:10:21.046433+00:00,22,77802.0,77668.9,DOWN,0
2026-09-01T16:15:00+00:00,5,K2,UP,2026-09-01T16:15:21.048773+00:00,22,77668.89,77608.87,DOWN,0
2026-09-01T16:15:00+00:00,5,K14,UP,2026-09-01T16:15:21.048773+00:00,22,77668.89,77608.87,DOWN,0
2026-09-01T16:15:00+00:00,5,?,UP,2026-09-01T16:18:31.952308+00:00,212,77668.89,77608.87,DOWN,0
2026-09-01T16:15:00+00:00,5,K10,UP,2026-09-01T16:16:02.586441+00:00,63,77668.89,77608.87,DOWN,0
2026-09-01T16:15:00+00:00,5,K9,UP,2026-09-01T16:15:21.048773+00:00,22,77668.89,77608.87,DOWN,0
2026-09-01T16:15:00+00:00,5,K4,UP,2026-09-01T16:15:21.048773+00:00,22,77668.89,77608.87,DOWN,0
2026-09-01T16:15:00+00:00,5,K8,UP,2026-09-01T16:15:21.048773+00:00,22,77668.89,77608.87,DOWN,0
2026-09-01T16:15:00+00:00,5,K5,UP,2026-09-01T16:15:21.048773+00:00,22,77668.89,77608.87,DOWN,0
2026-09-01T16:15:00+00:00,15,K2,UP,2026-09-01T16:15:21.048773+00:00,22,77668.89,77623.13,DOWN,0
2026-09-01T16:15:00+00:00,15,K7,UP,2026-09-01T16:15:21.048773+00:00,22,77668.89,77623.13,DOWN,0
2026-09-01T16:15:00+00:00,15,K14,UP,2026-09-01T16:15:21.048773+00:00,22,77668.89,77623.13,DOWN,0
2026-09-01T16:15:00+00:00,15,K1,UP,2026-09-01T16:15:21.048773+00:00,22,77668.89,77623.13,DOWN,0
2026-09-01T16:15:00+00:00,15,?,UP,2026-09-01T16:18:31.952308+00:00,212,77668.89,77623.13,DOWN,0
2026-09-01T16:15:00+00:00,15,K9,UP,2026-09-01T16:15:21.048773+00:00,22,77668.89,77623.13,DOWN,0
2026-09-01T16:15:00+00:00,15,K4,UP,2026-09-01T16:15:21.048773+00:00,22,77668.89,77623.13,DOWN,0
2026-09-01T16:15:00+00:00,15,K3,UP,2026-09-01T16:15:21.048773+00:00,22,77668.89,77623.13,DOWN,0
2026-09-01T16:15:00+00:00,15,K5,UP,2026-09-01T16:15:21.048773+00:00,22,77668.89,77623.13,DOWN,0
2026-09-01T16:20:00+00:00,5,K2,UP,2026-09-01T16:20:21.092392+00:00,22,77608.87,77506.78,DOWN,0
2026-09-01T16:20:00+00:00,5,K14,UP,2026-09-01T16:20:21.092392+00:00,22,77608.87,77506.78,DOWN,0
2026-09-01T16:20:00+00:00,5,?,UP,2026-09-01T16:21:54.652473+00:00,115,77608.87,77506.78,DOWN,0
2026-09-01T16:20:00+00:00,5,K10,DOWN,2026-09-01T16:21:02.017531+00:00,63,77608.87,77506.78,DOWN,1
2026-09-01T16:20:00+00:00,5,K11,DOWN,2026-09-01T16:21:43.646058+00:00,104,77608.87,77506.78,DOWN,1
2026-09-01T16:20:00+00:00,5,K8,UP,2026-09-01T16:20:21.092392+00:00,22,77608.87,77506.78,DOWN,0
2026-09-01T16:20:00+00:00,5,K5,UP,2026-09-01T16:20:21.092392+00:00,22,77608.87,77506.78,DOWN,0
2026-09-01T16:25:00+00:00,5,K2,UP,2026-09-01T16:25:21.050537+00:00,22,77506.77,77623.13,UP,1
2026-09-01T16:25:00+00:00,5,K14,UP,2026-09-01T16:25:21.050537+00:00,22,77506.77,77623.13,UP,1
2026-09-01T16:25:00+00:00,5,K1,UP,2026-09-01T16:25:21.050537+00:00,22,77506.77,77623.13,UP,1
2026-09-01T16:25:00+00:00,5,K10,UP,2026-09-01T16:26:01.954821+00:00,62,77506.77,77623.13,UP,1
2026-09-01T16:25:00+00:00,5,K11,UP,2026-09-01T16:26:43.707455+00:00,104,77506.77,77623.13,UP,1
2026-09-01T16:25:00+00:00,5,K9,UP,2026-09-01T16:25:21.050537+00:00,22,77506.77,77623.13,UP,1
2026-09-01T16:25:00+00:00,5,K4,UP,2026-09-01T16:25:21.050537+00:00,22,77506.77,77623.13,UP,1
2026-09-01T16:25:00+00:00,5,K16,UP,2026-09-01T16:25:21.050537+00:00,22,77506.77,77623.13,UP,1
2026-09-01T16:25:00+00:00,5,K8,UP,2026-09-01T16:25:21.050537+00:00,22,77506.77,77623.13,UP,1
2026-09-01T16:25:00+00:00,5,K5,UP,2026-09-01T16:25:21.050537+00:00,22,77506.77,77623.13,UP,1
2026-09-01T16:25:00+00:00,5,K12,UP,2026-09-01T16:25:21.050537+00:00,22,77506.77,77623.13,UP,1
2026-09-01T16:30:00+00:00,5,K10,DOWN,2026-09-01T16:31:04.010838+00:00,65,77623.12,77500.0,DOWN,1
2026-09-01T16:30:00+00:00,5,K11,DOWN,2026-09-01T16:31:51.082864+00:00,112,77623.12,77500.0,DOWN,1
2026-09-01T16:30:00+00:00,5,K9,DOWN,2026-09-01T16:30:21.053407+00:00,22,77623.12,77500.0,DOWN,1
2026-09-01T16:30:00+00:00,5,K4,DOWN,2026-09-01T16:30:21.053407+00:00,22,77623.12,77500.0,DOWN,1
2026-09-01T16:30:00+00:00,5,K16,UP,2026-09-01T16:30:21.053407+00:00,22,77623.12,77500.0,DOWN,0
2026-09-01T16:30:00+00:00,5,K5,UP,2026-09-01T16:30:21.053407+00:00,22,77623.12,77500.0,DOWN,0
2026-09-01T16:30:00+00:00,15,K2,UP,2026-09-01T16:30:21.053407+00:00,22,77623.12,77443.01,DOWN,0
2026-09-01T16:30:00+00:00,15,?,UP,2026-09-01T16:36:54.503592+00:00,415,77623.12,77443.01,DOWN,0
2026-09-01T16:30:00+00:00,15,K11,DOWN,2026-09-01T16:35:01.007584+00:00,302,77623.12,77443.01,DOWN,1
2026-09-01T16:30:00+00:00,15,K16,UP,2026-09-01T16:30:21.053407+00:00,22,77623.12,77443.01,DOWN,0
2026-09-01T16:30:00+00:00,15,K5,UP,2026-09-01T16:30:21.053407+00:00,22,77623.12,77443.01,DOWN,0
2026-09-01T16:35:00+00:00,5,K2,UP,2026-09-01T16:35:22.215256+00:00,23,77500.0,77570.71,UP,1
2026-09-01T16:35:00+00:00,5,?,UP,2026-09-01T16:36:54.503592+00:00,115,77500.0,77570.71,UP,1
2026-09-01T16:35:00+00:00,5,K11,DOWN,2026-09-01T16:37:05.172960+00:00,126,77500.0,77570.71,UP,0
2026-09-01T16:35:00+00:00,5,K9,UP,2026-09-01T16:35:22.215256+00:00,23,77500.0,77570.71,UP,1
2026-09-01T16:35:00+00:00,5,K4,UP,2026-09-01T16:35:22.215256+00:00,23,77500.0,77570.71,UP,1
2026-09-01T16:35:00+00:00,5,K16,UP,2026-09-01T16:35:22.215256+00:00,23,77500.0,77570.71,UP,1
2026-09-01T16:35:00+00:00,5,K8,UP,2026-09-01T16:35:22.215256+00:00,23,77500.0,77570.71,UP,1
2026-09-01T16:35:00+00:00,5,K5,UP,2026-09-01T16:35:22.215256+00:00,23,77500.0,77570.71,UP,1
2026-09-01T16:40:00+00:00,5,K10,DOWN,2026-09-01T16:41:02.532047+00:00,63,77570.72,77443.01,DOWN,1
2026-09-01T16:40:00+00:00,5,K16,DOWN,2026-09-01T16:40:21.049408+00:00,22,77570.72,77443.01,DOWN,1
2026-09-01T16:45:00+00:00,5,K2,UP,2026-09-01T16:45:21.047968+00:00,22,77443.01,77586.0,UP,1
2026-09-01T16:45:00+00:00,5,K14,UP,2026-09-01T16:45:21.047968+00:00,22,77443.01,77586.0,UP,1
2026-09-01T16:45:00+00:00,5,K10,UP,2026-09-01T16:46:02.423486+00:00,63,77443.01,77586.0,UP,1
2026-09-01T16:45:00+00:00,5,K11,UP,2026-09-01T16:46:45.376483+00:00,106,77443.01,77586.0,UP,1
2026-09-01T16:45:00+00:00,5,K9,UP,2026-09-01T16:45:21.047968+00:00,22,77443.01,77586.0,UP,1
2026-09-01T16:45:00+00:00,5,K4,UP,2026-09-01T16:45:21.047968+00:00,22,77443.01,77586.0,UP,1
2026-09-01T16:45:00+00:00,5,K16,UP,2026-09-01T16:45:21.047968+00:00,22,77443.01,77586.0,UP,1
2026-09-01T16:45:00+00:00,5,K5,UP,2026-09-01T16:45:21.047968+00:00,22,77443.01,77586.0,UP,1
2026-09-01T16:45:00+00:00,15,K2,UP,2026-09-01T16:45:21.047968+00:00,22,77443.01,77596.01,UP,1
2026-09-01T16:45:00+00:00,15,K7,UP,2026-09-01T16:45:21.047968+00:00,22,77443.01,77596.01,UP,1
2026-09-01T16:45:00+00:00,15,K14,UP,2026-09-01T16:45:21.047968+00:00,22,77443.01,77596.01,UP,1
2026-09-01T16:45:00+00:00,15,K1,UP,2026-09-01T16:45:21.047968+00:00,22,77443.01,77596.01,UP,1
2026-09-01T16:45:00+00:00,15,K10,UP,2026-09-01T16:48:06.999631+00:00,187,77443.01,77596.01,UP,1
2026-09-01T16:45:00+00:00,15,K11,UP,2026-09-01T16:50:01.006926+00:00,302,77443.01,77596.01,UP,1
2026-09-01T16:45:00+00:00,15,K9,UP,2026-09-01T16:45:21.047968+00:00,22,77443.01,77596.01,UP,1
2026-09-01T16:45:00+00:00,15,K4,UP,2026-09-01T16:45:21.047968+00:00,22,77443.01,77596.01,UP,1
2026-09-01T16:45:00+00:00,15,K3,UP,2026-09-01T16:45:21.047968+00:00,22,77443.01,77596.01,UP,1
2026-09-01T16:45:00+00:00,15,K16,UP,2026-09-01T16:45:21.047968+00:00,22,77443.01,77596.01,UP,1
2026-09-01T16:45:00+00:00,15,K5,UP,2026-09-01T16:45:21.047968+00:00,22,77443.01,77596.01,UP,1
2026-09-01T16:50:00+00:00,5,K9,DOWN,2026-09-01T16:50:21.633214+00:00,22,77586.0,77631.98,UP,0
2026-09-01T16:50:00+00:00,5,K4,DOWN,2026-09-01T16:50:21.633214+00:00,22,77586.0,77631.98,UP,0
2026-09-01T16:50:00+00:00,5,K16,DOWN,2026-09-01T16:50:21.633214+00:00,22,77586.0,77631.98,UP,0
2026-09-01T17:00:00+00:00,15,?,UP,2026-09-01T17:10:16.997361+00:00,617,77596.01,77523.04,DOWN,0
2026-09-01T17:00:00+00:00,15,K9,DOWN,2026-09-01T17:00:21.055919+00:00,22,77596.01,77523.04,DOWN,1
2026-09-01T17:00:00+00:00,15,K4,DOWN,2026-09-01T17:00:21.055919+00:00,22,77596.01,77523.04,DOWN,1
2026-09-01T17:10:00+00:00,5,?,UP,2026-09-01T17:10:16.997361+00:00,17,77559.23,77523.04,DOWN,0
2026-09-01T17:15:00+00:00,5,?,UP,2026-09-01T17:16:15.399575+00:00,76,77523.04,77550.0,UP,1
2026-09-01T17:15:00+00:00,5,K11,DOWN,2026-09-01T17:16:43.033075+00:00,104,77523.04,77550.0,UP,0
2026-09-01T17:15:00+00:00,15,K2,UP,2026-09-01T17:15:21.046430+00:00,22,77523.04,77513.92,DOWN,0
2026-09-01T17:15:00+00:00,15,?,UP,2026-09-01T17:16:15.399575+00:00,76,77523.04,77513.92,DOWN,0
2026-09-01T17:15:00+00:00,15,K5,UP,2026-09-01T17:15:21.046430+00:00,22,77523.04,77513.92,DOWN,0
2026-09-01T17:20:00+00:00,5,K14,UP,2026-09-01T17:20:21.073598+00:00,22,77550.0,77572.94,UP,1
2026-09-01T17:20:00+00:00,5,K10,UP,2026-09-01T17:21:02.380799+00:00,63,77550.0,77572.94,UP,1
2026-09-01T17:25:00+00:00,5,?,DOWN,2026-09-01T17:25:32.524610+00:00,33,77572.94,77513.92,DOWN,1
2026-09-01T17:25:00+00:00,5,K10,DOWN,2026-09-01T17:26:01.245989+00:00,62,77572.94,77513.92,DOWN,1
2026-09-01T17:25:00+00:00,5,K11,DOWN,2026-09-01T17:26:42.232598+00:00,103,77572.94,77513.92,DOWN,1
2026-09-01T17:30:00+00:00,5,K14,UP,2026-09-01T17:30:21.054109+00:00,22,77513.93,77676.0,UP,1
2026-09-01T17:30:00+00:00,5,?,DOWN,2026-09-01T17:34:08.779816+00:00,249,77513.93,77676.0,UP,0
2026-09-01T17:30:00+00:00,5,K10,UP,2026-09-01T17:31:02.406388+00:00,63,77513.93,77676.0,UP,1
2026-09-01T17:30:00+00:00,5,K11,UP,2026-09-01T17:31:44.814905+00:00,105,77513.93,77676.0,UP,1
2026-09-01T17:30:00+00:00,15,K14,UP,2026-09-01T17:30:21.054109+00:00,22,77513.93,77520.0,UP,1
2026-09-01T17:30:00+00:00,15,?,DOWN,2026-09-01T17:34:08.779816+00:00,249,77513.93,77520.0,UP,0
2026-09-01T17:30:00+00:00,15,K11,UP,2026-09-01T17:35:01.004844+00:00,302,77513.93,77520.0,UP,1
2026-09-01T17:30:00+00:00,15,K5,UP,2026-09-01T17:30:21.054109+00:00,22,77513.93,77520.0,UP,1
2026-09-01T17:35:00+00:00,5,?,DOWN,2026-09-01T17:35:08.828688+00:00,9,77676.0,77592.62,DOWN,1
2026-09-01T17:35:00+00:00,5,K9,DOWN,2026-09-01T17:35:21.383260+00:00,22,77676.0,77592.62,DOWN,1
2026-09-01T17:35:00+00:00,5,K4,DOWN,2026-09-01T17:35:21.383260+00:00,22,77676.0,77592.62,DOWN,1
2026-09-01T17:40:00+00:00,5,K9,UP,2026-09-01T17:40:21.046798+00:00,22,77592.61,77520.0,DOWN,0
2026-09-01T17:40:00+00:00,5,K4,UP,2026-09-01T17:40:21.046798+00:00,22,77592.61,77520.0,DOWN,0
2026-09-01T17:45:00+00:00,5,K14,DOWN,2026-09-01T17:45:21.047596+00:00,22,77520.0,77430.52,DOWN,1
2026-09-01T17:45:00+00:00,5,?,UP,2026-09-01T17:46:16.803192+00:00,77,77520.0,77430.52,DOWN,0
2026-09-01T17:45:00+00:00,5,K11,DOWN,2026-09-01T17:46:45.101650+00:00,106,77520.0,77430.52,DOWN,1
2026-09-01T17:45:00+00:00,15,K14,DOWN,2026-09-01T17:45:21.047596+00:00,22,77520.0,77265.79,DOWN,1
2026-09-01T17:45:00+00:00,15,?,UP,2026-09-01T17:46:16.803192+00:00,77,77520.0,77265.79,DOWN,0
2026-09-01T17:45:00+00:00,15,K10,DOWN,2026-09-01T17:48:06.035711+00:00,187,77520.0,77265.79,DOWN,1
2026-09-01T17:45:00+00:00,15,K11,DOWN,2026-09-01T17:50:01.004506+00:00,302,77520.0,77265.79,DOWN,1
2026-09-01T17:45:00+00:00,15,K5,UP,2026-09-01T17:45:21.047596+00:00,22,77520.0,77265.79,DOWN,0
2026-09-01T17:50:00+00:00,5,K2,UP,2026-09-01T17:50:21.415207+00:00,22,77430.52,77369.29,DOWN,0
2026-09-01T17:50:00+00:00,5,K7,UP,2026-09-01T17:50:21.415207+00:00,22,77430.52,77369.29,DOWN,0
2026-09-01T17:50:00+00:00,5,K14,UP,2026-09-01T17:50:21.415207+00:00,22,77430.52,77369.29,DOWN,0
2026-09-01T17:50:00+00:00,5,K1,UP,2026-09-01T17:50:21.415207+00:00,22,77430.52,77369.29,DOWN,0
2026-09-01T17:50:00+00:00,5,?,UP,2026-09-01T17:50:11.464491+00:00,12,77430.52,77369.29,DOWN,0
2026-09-01T17:50:00+00:00,5,K9,UP,2026-09-01T17:50:21.415207+00:00,22,77430.52,77369.29,DOWN,0
2026-09-01T17:50:00+00:00,5,K4,UP,2026-09-01T17:50:21.415207+00:00,22,77430.52,77369.29,DOWN,0
2026-09-01T17:50:00+00:00,5,K3,UP,2026-09-01T17:50:21.415207+00:00,22,77430.52,77369.29,DOWN,0
2026-09-01T17:55:00+00:00,5,K2,UP,2026-09-01T17:55:21.048428+00:00,22,77369.29,77265.79,DOWN,0
2026-09-01T17:55:00+00:00,5,K7,UP,2026-09-01T17:55:21.048428+00:00,22,77369.29,77265.79,DOWN,0
2026-09-01T17:55:00+00:00,5,K14,UP,2026-09-01T17:55:21.048428+00:00,22,77369.29,77265.79,DOWN,0
2026-09-01T17:55:00+00:00,5,?,UP,2026-09-01T17:57:52.085389+00:00,173,77369.29,77265.79,DOWN,0
2026-09-01T17:55:00+00:00,5,K4,UP,2026-09-01T17:55:21.048428+00:00,22,77369.29,77265.79,DOWN,0
2026-09-01T17:55:00+00:00,5,K5,UP,2026-09-01T17:55:21.048428+00:00,22,77369.29,77265.79,DOWN,0
2026-09-01T18:00:00+00:00,5,K2,UP,2026-09-01T18:00:21.069223+00:00,22,77265.79,77250.14,DOWN,0
2026-09-01T18:00:00+00:00,5,K7,UP,2026-09-01T18:00:21.069223+00:00,22,77265.79,77250.14,DOWN,0
2026-09-01T18:00:00+00:00,5,K14,UP,2026-09-01T18:00:21.069223+00:00,22,77265.79,77250.14,DOWN,0
2026-09-01T18:00:00+00:00,5,K1,UP,2026-09-01T18:00:21.069223+00:00,22,77265.79,77250.14,DOWN,0
2026-09-01T18:00:00+00:00,5,?,UP,2026-09-01T18:01:37.570456+00:00,98,77265.79,77250.14,DOWN,0
2026-09-01T18:00:00+00:00,5,K11,DOWN,2026-09-01T18:02:04.307786+00:00,125,77265.79,77250.14,DOWN,1
2026-09-01T18:00:00+00:00,5,K9,UP,2026-09-01T18:00:21.069223+00:00,22,77265.79,77250.14,DOWN,0
2026-09-01T18:00:00+00:00,5,K4,UP,2026-09-01T18:00:21.069223+00:00,22,77265.79,77250.14,DOWN,0
2026-09-01T18:00:00+00:00,5,K3,UP,2026-09-01T18:00:21.069223+00:00,22,77265.79,77250.14,DOWN,0
2026-09-01T18:00:00+00:00,5,K8,UP,2026-09-01T18:00:21.069223+00:00,22,77265.79,77250.14,DOWN,0
2026-09-01T18:00:00+00:00,5,K5,UP,2026-09-01T18:00:21.069223+00:00,22,77265.79,77250.14,DOWN,0
2026-09-01T18:00:00+00:00,15,K2,UP,2026-09-01T18:00:21.069223+00:00,22,77265.79,77224.15,DOWN,0
2026-09-01T18:00:00+00:00,15,K14,UP,2026-09-01T18:00:21.069223+00:00,22,77265.79,77224.15,DOWN,0
2026-09-01T18:00:00+00:00,15,?,UP,2026-09-01T18:01:37.570456+00:00,98,77265.79,77224.15,DOWN,0
2026-09-01T18:00:00+00:00,15,K9,UP,2026-09-01T18:00:21.069223+00:00,22,77265.79,77224.15,DOWN,0
2026-09-01T18:00:00+00:00,15,K4,UP,2026-09-01T18:00:21.069223+00:00,22,77265.79,77224.15,DOWN,0
2026-09-01T18:00:00+00:00,15,K8,UP,2026-09-01T18:00:21.069223+00:00,22,77265.79,77224.15,DOWN,0
2026-09-01T18:00:00+00:00,15,K5,UP,2026-09-01T18:00:21.069223+00:00,22,77265.79,77224.15,DOWN,0
2026-09-01T18:05:00+00:00,5,K2,UP,2026-09-01T18:05:21.076984+00:00,22,77250.13,77149.56,DOWN,0
2026-09-01T18:05:00+00:00,5,K7,UP,2026-09-01T18:05:21.076984+00:00,22,77250.13,77149.56,DOWN,0
2026-09-01T18:05:00+00:00,5,K14,UP,2026-09-01T18:05:21.076984+00:00,22,77250.13,77149.56,DOWN,0
2026-09-01T18:05:00+00:00,5,K4,UP,2026-09-01T18:05:21.076984+00:00,22,77250.13,77149.56,DOWN,0
2026-09-01T18:05:00+00:00,5,K16,UP,2026-09-01T18:05:21.076984+00:00,22,77250.13,77149.56,DOWN,0
2026-09-01T18:05:00+00:00,5,K5,UP,2026-09-01T18:05:21.076984+00:00,22,77250.13,77149.56,DOWN,0
2026-09-01T18:10:00+00:00,5,K2,UP,2026-09-01T18:10:21.047803+00:00,22,77149.55,77224.15,UP,1
2026-09-01T18:10:00+00:00,5,K7,UP,2026-09-01T18:10:21.047803+00:00,22,77149.55,77224.15,UP,1
2026-09-01T18:10:00+00:00,5,K14,UP,2026-09-01T18:10:21.047803+00:00,22,77149.55,77224.15,UP,1
2026-09-01T18:10:00+00:00,5,K1,UP,2026-09-01T18:10:21.047803+00:00,22,77149.55,77224.15,UP,1
2026-09-01T18:10:00+00:00,5,K6,UP,2026-09-01T18:10:21.047803+00:00,22,77149.55,77224.15,UP,1
2026-09-01T18:10:00+00:00,5,K9,UP,2026-09-01T18:10:21.047803+00:00,22,77149.55,77224.15,UP,1
2026-09-01T18:10:00+00:00,5,K4,UP,2026-09-01T18:10:21.047803+00:00,22,77149.55,77224.15,UP,1
2026-09-01T18:10:00+00:00,5,K3,UP,2026-09-01T18:10:21.047803+00:00,22,77149.55,77224.15,UP,1
2026-09-01T18:10:00+00:00,5,K8,UP,2026-09-01T18:10:21.047803+00:00,22,77149.55,77224.15,UP,1
2026-09-01T18:10:00+00:00,5,K5,UP,2026-09-01T18:10:21.047803+00:00,22,77149.55,77224.15,UP,1
2026-09-01T18:10:00+00:00,5,K12,UP,2026-09-01T18:10:21.047803+00:00,22,77149.55,77224.15,UP,1
2026-09-01T18:15:00+00:00,5,K2,UP,2026-09-01T18:15:21.051560+00:00,22,77224.16,77086.57,DOWN,0
2026-09-01T18:15:00+00:00,5,K14,UP,2026-09-01T18:15:21.051560+00:00,22,77224.16,77086.57,DOWN,0
2026-09-01T18:15:00+00:00,5,?,UP,2026-09-01T18:16:42.911982+00:00,103,77224.16,77086.57,DOWN,0
2026-09-01T18:15:00+00:00,5,K11,DOWN,2026-09-01T18:16:44.003233+00:00,105,77224.16,77086.57,DOWN,1
2026-09-01T18:15:00+00:00,5,K5,UP,2026-09-01T18:15:21.051560+00:00,22,77224.16,77086.57,DOWN,0
2026-09-01T18:15:00+00:00,15,K2,UP,2026-09-01T18:15:21.051560+00:00,22,77224.16,77057.21,DOWN,0
2026-09-01T18:15:00+00:00,15,K14,UP,2026-09-01T18:15:21.051560+00:00,22,77224.16,77057.21,DOWN,0
2026-09-01T18:15:00+00:00,15,?,UP,2026-09-01T18:16:42.911982+00:00,103,77224.16,77057.21,DOWN,0
2026-09-01T18:15:00+00:00,15,K10,DOWN,2026-09-01T18:18:04.994969+00:00,185,77224.16,77057.21,DOWN,1
2026-09-01T18:15:00+00:00,15,K11,DOWN,2026-09-01T18:20:01.005415+00:00,302,77224.16,77057.21,DOWN,1
2026-09-01T18:15:00+00:00,15,K8,UP,2026-09-01T18:15:21.051560+00:00,22,77224.16,77057.21,DOWN,0
2026-09-01T18:15:00+00:00,15,K5,UP,2026-09-01T18:15:21.051560+00:00,22,77224.16,77057.21,DOWN,0
2026-09-01T18:20:00+00:00,5,K2,UP,2026-09-01T18:20:21.417918+00:00,22,77086.56,77110.7,UP,1
2026-09-01T18:20:00+00:00,5,K7,UP,2026-09-01T18:20:21.417918+00:00,22,77086.56,77110.7,UP,1
2026-09-01T18:20:00+00:00,5,K14,UP,2026-09-01T18:20:21.417918+00:00,22,77086.56,77110.7,UP,1
2026-09-01T18:20:00+00:00,5,K1,UP,2026-09-01T18:20:21.417918+00:00,22,77086.56,77110.7,UP,1
2026-09-01T18:20:00+00:00,5,K6,UP,2026-09-01T18:20:21.417918+00:00,22,77086.56,77110.7,UP,1
2026-09-01T18:20:00+00:00,5,K9,UP,2026-09-01T18:20:21.417918+00:00,22,77086.56,77110.7,UP,1
2026-09-01T18:20:00+00:00,5,K4,UP,2026-09-01T18:20:21.417918+00:00,22,77086.56,77110.7,UP,1
2026-09-01T18:20:00+00:00,5,K3,UP,2026-09-01T18:20:21.417918+00:00,22,77086.56,77110.7,UP,1
2026-09-01T18:20:00+00:00,5,K8,UP,2026-09-01T18:20:21.417918+00:00,22,77086.56,77110.7,UP,1
2026-09-01T18:20:00+00:00,5,K5,UP,2026-09-01T18:20:21.417918+00:00,22,77086.56,77110.7,UP,1
2026-09-01T18:20:00+00:00,5,K12,UP,2026-09-01T18:20:21.417918+00:00,22,77086.56,77110.7,UP,1
2026-09-01T18:25:00+00:00,5,K2,UP,2026-09-01T18:25:21.050633+00:00,22,77110.7,77057.21,DOWN,0
2026-09-01T18:25:00+00:00,5,K14,UP,2026-09-01T18:25:21.050633+00:00,22,77110.7,77057.21,DOWN,0
2026-09-01T18:25:00+00:00,5,?,UP,2026-09-01T18:27:23.834249+00:00,144,77110.7,77057.21,DOWN,0
2026-09-01T18:25:00+00:00,5,K8,UP,2026-09-01T18:25:21.050633+00:00,22,77110.7,77057.21,DOWN,0
2026-09-01T18:25:00+00:00,5,K5,UP,2026-09-01T18:25:21.050633+00:00,22,77110.7,77057.21,DOWN,0
2026-09-01T18:30:00+00:00,5,K2,UP,2026-09-01T18:30:21.089617+00:00,22,77057.21,76939.55,DOWN,0
2026-09-01T18:30:00+00:00,5,K14,UP,2026-09-01T18:30:21.089617+00:00,22,77057.21,76939.55,DOWN,0
2026-09-01T18:30:00+00:00,5,K10,DOWN,2026-09-01T18:31:02.440639+00:00,63,77057.21,76939.55,DOWN,1
2026-09-01T18:30:00+00:00,5,K12,UP,2026-09-01T18:30:21.089617+00:00,22,77057.21,76939.55,DOWN,0
2026-09-01T18:30:00+00:00,15,K2,UP,2026-09-01T18:30:21.089617+00:00,22,77057.21,76577.01,DOWN,0
2026-09-01T18:30:00+00:00,15,K14,UP,2026-09-01T18:30:21.089617+00:00,22,77057.21,76577.01,DOWN,0
2026-09-01T18:30:00+00:00,15,K1,UP,2026-09-01T18:30:21.089617+00:00,22,77057.21,76577.01,DOWN,0
2026-09-01T18:30:00+00:00,15,?,UP,2026-09-01T18:39:11.294203+00:00,552,77057.21,76577.01,DOWN,0
2026-09-01T18:30:00+00:00,15,K11,DOWN,2026-09-01T18:35:01.005198+00:00,302,77057.21,76577.01,DOWN,1
2026-09-01T18:30:00+00:00,15,K9,UP,2026-09-01T18:30:21.089617+00:00,22,77057.21,76577.01,DOWN,0
2026-09-01T18:30:00+00:00,15,K4,UP,2026-09-01T18:30:21.089617+00:00,22,77057.21,76577.01,DOWN,0
2026-09-01T18:30:00+00:00,15,K5,UP,2026-09-01T18:30:21.089617+00:00,22,77057.21,76577.01,DOWN,0
2026-09-01T18:30:00+00:00,15,K12,UP,2026-09-01T18:30:21.089617+00:00,22,77057.21,76577.01,DOWN,0
2026-09-01T18:35:00+00:00,5,K2,UP,2026-09-01T18:35:21.390303+00:00,22,76939.55,76686.48,DOWN,0
2026-09-01T18:35:00+00:00,5,K14,UP,2026-09-01T18:35:21.390303+00:00,22,76939.55,76686.48,DOWN,0
2026-09-01T18:35:00+00:00,5,K1,UP,2026-09-01T18:35:21.390303+00:00,22,76939.55,76686.48,DOWN,0
2026-09-01T18:35:00+00:00,5,?,UP,2026-09-01T18:39:11.294203+00:00,252,76939.55,76686.48,DOWN,0
2026-09-01T18:35:00+00:00,5,K10,DOWN,2026-09-01T18:36:02.586653+00:00,63,76939.55,76686.48,DOWN,1
2026-09-01T18:35:00+00:00,5,K11,DOWN,2026-09-01T18:36:44.060694+00:00,105,76939.55,76686.48,DOWN,1
2026-09-01T18:35:00+00:00,5,K9,UP,2026-09-01T18:35:21.390303+00:00,22,76939.55,76686.48,DOWN,0
2026-09-01T18:35:00+00:00,5,K4,UP,2026-09-01T18:35:21.390303+00:00,22,76939.55,76686.48,DOWN,0
2026-09-01T18:35:00+00:00,5,K16,UP,2026-09-01T18:35:21.390303+00:00,22,76939.55,76686.48,DOWN,0
2026-09-01T18:35:00+00:00,5,K12,UP,2026-09-01T18:35:21.390303+00:00,22,76939.55,76686.48,DOWN,0
2026-09-01T18:40:00+00:00,5,K2,UP,2026-09-01T18:40:21.050100+00:00,22,76686.49,76577.01,DOWN,0
2026-09-01T18:40:00+00:00,5,K7,UP,2026-09-01T18:40:21.050100+00:00,22,76686.49,76577.01,DOWN,0
2026-09-01T18:40:00+00:00,5,K14,UP,2026-09-01T18:40:21.050100+00:00,22,76686.49,76577.01,DOWN,0
2026-09-01T18:40:00+00:00,5,K1,UP,2026-09-01T18:40:21.050100+00:00,22,76686.49,76577.01,DOWN,0
2026-09-01T18:40:00+00:00,5,K6,UP,2026-09-01T18:40:21.050100+00:00,22,76686.49,76577.01,DOWN,0
2026-09-01T18:40:00+00:00,5,K10,UP,2026-09-01T18:41:01.919631+00:00,62,76686.49,76577.01,DOWN,0
2026-09-01T18:40:00+00:00,5,K9,UP,2026-09-01T18:40:21.050100+00:00,22,76686.49,76577.01,DOWN,0
2026-09-01T18:40:00+00:00,5,K4,UP,2026-09-01T18:40:21.050100+00:00,22,76686.49,76577.01,DOWN,0
2026-09-01T18:40:00+00:00,5,K3,UP,2026-09-01T18:40:21.050100+00:00,22,76686.49,76577.01,DOWN,0
2026-09-01T18:40:00+00:00,5,K16,UP,2026-09-01T18:40:21.050100+00:00,22,76686.49,76577.01,DOWN,0
2026-09-01T18:40:00+00:00,5,K8,UP,2026-09-01T18:40:21.050100+00:00,22,76686.49,76577.01,DOWN,0
2026-09-01T18:40:00+00:00,5,K5,UP,2026-09-01T18:40:21.050100+00:00,22,76686.49,76577.01,DOWN,0
2026-09-01T18:40:00+00:00,5,K12,UP,2026-09-01T18:40:21.050100+00:00,22,76686.49,76577.01,DOWN,0
2026-09-01T18:45:00+00:00,5,K2,UP,2026-09-01T18:45:21.054387+00:00,22,76577.0,76782.91,UP,1
2026-09-01T18:45:00+00:00,5,K7,UP,2026-09-01T18:45:21.054387+00:00,22,76577.0,76782.91,UP,1
2026-09-01T18:45:00+00:00,5,K14,UP,2026-09-01T18:45:21.054387+00:00,22,76577.0,76782.91,UP,1
2026-09-01T18:45:00+00:00,5,K1,UP,2026-09-01T18:45:21.054387+00:00,22,76577.0,76782.91,UP,1
2026-09-01T18:45:00+00:00,5,K6,UP,2026-09-01T18:45:21.054387+00:00,22,76577.0,76782.91,UP,1
2026-09-01T18:45:00+00:00,5,?,UP,2026-09-01T18:45:20.385770+00:00,21,76577.0,76782.91,UP,1
2026-09-01T18:45:00+00:00,5,K10,DOWN,2026-09-01T18:46:02.377537+00:00,63,76577.0,76782.91,UP,0
2026-09-01T18:45:00+00:00,5,K11,DOWN,2026-09-01T18:46:44.381865+00:00,105,76577.0,76782.91,UP,0
2026-09-01T18:45:00+00:00,5,K9,UP,2026-09-01T18:45:21.054387+00:00,22,76577.0,76782.91,UP,1
2026-09-01T18:45:00+00:00,5,K4,UP,2026-09-01T18:45:21.054387+00:00,22,76577.0,76782.91,UP,1
2026-09-01T18:45:00+00:00,5,K3,UP,2026-09-01T18:45:21.054387+00:00,22,76577.0,76782.91,UP,1
2026-09-01T18:45:00+00:00,5,K8,UP,2026-09-01T18:45:21.054387+00:00,22,76577.0,76782.91,UP,1
2026-09-01T18:45:00+00:00,5,K5,UP,2026-09-01T18:45:21.054387+00:00,22,76577.0,76782.91,UP,1
2026-09-01T18:45:00+00:00,5,K12,UP,2026-09-01T18:45:21.054387+00:00,22,76577.0,76782.91,UP,1
2026-09-01T18:45:00+00:00,15,K2,UP,2026-09-01T18:45:21.054387+00:00,22,76577.0,77153.9,UP,1
2026-09-01T18:45:00+00:00,15,K7,UP,2026-09-01T18:45:21.054387+00:00,22,76577.0,77153.9,UP,1
2026-09-01T18:45:00+00:00,15,K14,UP,2026-09-01T18:45:21.054387+00:00,22,76577.0,77153.9,UP,1
2026-09-01T18:45:00+00:00,15,K1,UP,2026-09-01T18:45:21.054387+00:00,22,76577.0,77153.9,UP,1
2026-09-01T18:45:00+00:00,15,K6,UP,2026-09-01T18:45:21.054387+00:00,22,76577.0,77153.9,UP,1
2026-09-01T18:45:00+00:00,15,?,UP,2026-09-01T18:45:20.385770+00:00,21,76577.0,77153.9,UP,1
2026-09-01T18:45:00+00:00,15,K11,UP,2026-09-01T18:50:01.008451+00:00,302,76577.0,77153.9,UP,1
2026-09-01T18:45:00+00:00,15,K9,UP,2026-09-01T18:45:21.054387+00:00,22,76577.0,77153.9,UP,1
2026-09-01T18:45:00+00:00,15,K4,UP,2026-09-01T18:45:21.054387+00:00,22,76577.0,77153.9,UP,1
2026-09-01T18:45:00+00:00,15,K3,UP,2026-09-01T18:45:21.054387+00:00,22,76577.0,77153.9,UP,1
2026-09-01T18:45:00+00:00,15,K8,UP,2026-09-01T18:45:21.054387+00:00,22,76577.0,77153.9,UP,1
2026-09-01T18:45:00+00:00,15,K5,UP,2026-09-01T18:45:21.054387+00:00,22,76577.0,77153.9,UP,1
2026-09-01T18:45:00+00:00,15,K12,UP,2026-09-01T18:45:21.054387+00:00,22,76577.0,77153.9,UP,1
2026-09-01T18:50:00+00:00,5,K14,UP,2026-09-01T18:50:21.391581+00:00,22,76782.92,76938.83,UP,1
2026-09-01T18:50:00+00:00,5,K10,UP,2026-09-01T18:51:03.457384+00:00,64,76782.92,76938.83,UP,1
2026-09-01T18:50:00+00:00,5,K11,UP,2026-09-01T18:51:45.404257+00:00,106,76782.92,76938.83,UP,1
2026-09-01T18:50:00+00:00,5,K9,DOWN,2026-09-01T18:50:21.391581+00:00,22,76782.92,76938.83,UP,0
2026-09-01T18:50:00+00:00,5,K4,DOWN,2026-09-01T18:50:21.391581+00:00,22,76782.92,76938.83,UP,0
2026-09-01T18:50:00+00:00,5,K15,UP,2026-09-01T18:51:24.332395+00:00,85,76782.92,76938.83,UP,1
2026-09-01T18:55:00+00:00,5,K10,UP,2026-09-01T18:56:01.871516+00:00,62,76938.83,77153.9,UP,1
2026-09-01T18:55:00+00:00,5,K11,UP,2026-09-01T18:56:43.305255+00:00,104,76938.83,77153.9,UP,1
2026-09-01T18:55:00+00:00,5,K9,DOWN,2026-09-01T18:55:21.047573+00:00,22,76938.83,77153.9,UP,0
2026-09-01T18:55:00+00:00,5,K4,DOWN,2026-09-01T18:55:21.047573+00:00,22,76938.83,77153.9,UP,0
2026-09-01T18:55:00+00:00,5,K15,DOWN,2026-09-01T18:55:21.047573+00:00,22,76938.83,77153.9,UP,0
2026-09-01T19:00:00+00:00,5,K10,UP,2026-09-01T19:01:02.570525+00:00,63,77153.89,77297.99,UP,1
2026-09-01T19:00:00+00:00,5,K9,DOWN,2026-09-01T19:00:21.058299+00:00,22,77153.89,77297.99,UP,0
2026-09-01T19:00:00+00:00,5,K4,DOWN,2026-09-01T19:00:21.058299+00:00,22,77153.89,77297.99,UP,0
2026-09-01T19:00:00+00:00,5,K15,DOWN,2026-09-01T19:00:21.058299+00:00,22,77153.89,77297.99,UP,0
2026-09-01T19:00:00+00:00,15,?,DOWN,2026-09-01T19:05:00.954248+00:00,301,77153.89,77204.16,UP,0
2026-09-01T19:00:00+00:00,15,K11,UP,2026-09-01T19:05:01.006140+00:00,302,77153.89,77204.16,UP,1
2026-09-01T19:00:00+00:00,15,K9,DOWN,2026-09-01T19:00:21.058299+00:00,22,77153.89,77204.16,UP,0
2026-09-01T19:00:00+00:00,15,K4,DOWN,2026-09-01T19:00:21.058299+00:00,22,77153.89,77204.16,UP,0
2026-09-01T19:00:00+00:00,15,K15,DOWN,2026-09-01T19:00:21.058299+00:00,22,77153.89,77204.16,UP,0
2026-09-01T19:05:00+00:00,5,?,DOWN,2026-09-01T19:05:00.954248+00:00,1,77298.0,77184.46,DOWN,1
2026-09-01T19:05:00+00:00,5,K10,DOWN,2026-09-01T19:06:03.158925+00:00,64,77298.0,77184.46,DOWN,1
2026-09-01T19:05:00+00:00,5,K11,DOWN,2026-09-01T19:06:44.615433+00:00,105,77298.0,77184.46,DOWN,1
2026-09-01T19:05:00+00:00,5,K9,DOWN,2026-09-01T19:05:21.992064+00:00,22,77298.0,77184.46,DOWN,1
2026-09-01T19:05:00+00:00,5,K4,DOWN,2026-09-01T19:05:21.992064+00:00,22,77298.0,77184.46,DOWN,1
2026-09-01T19:05:00+00:00,5,K15,DOWN,2026-09-01T19:05:21.992064+00:00,22,77298.0,77184.46,DOWN,1
2026-09-01T19:10:00+00:00,5,K9,UP,2026-09-01T19:10:21.047711+00:00,22,77184.45,77204.16,UP,1
2026-09-01T19:10:00+00:00,5,K4,UP,2026-09-01T19:10:21.047711+00:00,22,77184.45,77204.16,UP,1
2026-09-01T19:10:00+00:00,5,K15,DOWN,2026-09-01T19:10:21.047711+00:00,22,77184.45,77204.16,UP,0
2026-09-01T19:15:00+00:00,5,K11,UP,2026-09-01T19:16:41.590865+00:00,102,77204.16,77227.01,UP,1
2026-09-01T19:15:00+00:00,15,?,DOWN,2026-09-01T19:23:27.563599+00:00,508,77204.16,77362.45,UP,0
2026-09-01T19:20:00+00:00,5,?,DOWN,2026-09-01T19:23:27.563599+00:00,208,77227.01,77328.94,UP,0
2026-09-01T19:25:00+00:00,5,K10,UP,2026-09-01T19:26:01.913475+00:00,62,77330.0,77362.45,UP,1
2026-09-01T19:25:00+00:00,5,K11,UP,2026-09-01T19:27:03.971689+00:00,124,77330.0,77362.45,UP,1
2026-09-01T19:25:00+00:00,5,K9,DOWN,2026-09-01T19:25:21.045875+00:00,22,77330.0,77362.45,UP,0
2026-09-01T19:25:00+00:00,5,K4,DOWN,2026-09-01T19:25:21.045875+00:00,22,77330.0,77362.45,UP,0
2026-09-01T19:25:00+00:00,5,K5,DOWN,2026-09-01T19:25:21.045875+00:00,22,77330.0,77362.45,UP,0
2026-09-01T19:30:00+00:00,5,K14,DOWN,2026-09-01T19:30:21.054133+00:00,22,77362.45,77334.78,DOWN,1
2026-09-01T19:30:00+00:00,5,?,DOWN,2026-09-01T19:30:23.494618+00:00,24,77362.45,77334.78,DOWN,1
2026-09-01T19:30:00+00:00,5,K15,DOWN,2026-09-01T19:30:21.054133+00:00,22,77362.45,77334.78,DOWN,1
2026-09-01T19:30:00+00:00,5,K8,DOWN,2026-09-01T19:30:21.054133+00:00,22,77362.45,77334.78,DOWN,1
2026-09-01T19:30:00+00:00,5,K5,DOWN,2026-09-01T19:30:21.054133+00:00,22,77362.45,77334.78,DOWN,1
2026-09-01T19:30:00+00:00,15,K14,DOWN,2026-09-01T19:30:21.054133+00:00,22,77362.45,77309.79,DOWN,1
2026-09-01T19:30:00+00:00,15,?,DOWN,2026-09-01T19:30:23.494618+00:00,24,77362.45,77309.79,DOWN,1
2026-09-01T19:30:00+00:00,15,K9,DOWN,2026-09-01T19:30:21.054133+00:00,22,77362.45,77309.79,DOWN,1
2026-09-01T19:30:00+00:00,15,K4,DOWN,2026-09-01T19:30:21.054133+00:00,22,77362.45,77309.79,DOWN,1
2026-09-01T19:30:00+00:00,15,K15,DOWN,2026-09-01T19:30:21.054133+00:00,22,77362.45,77309.79,DOWN,1
2026-09-01T19:35:00+00:00,5,K14,DOWN,2026-09-01T19:35:01.005878+00:00,2,77334.77,77308.01,DOWN,1
2026-09-01T19:35:00+00:00,5,K15,DOWN,2026-09-01T19:35:01.005878+00:00,2,77334.77,77308.01,DOWN,1
2026-09-01T19:35:00+00:00,5,K5,DOWN,2026-09-01T19:35:01.005878+00:00,2,77334.77,77308.01,DOWN,1
2026-09-01T19:40:00+00:00,5,K14,DOWN,2026-09-01T19:40:21.047458+00:00,22,77308.0,77309.79,UP,0
2026-09-01T19:40:00+00:00,5,K5,DOWN,2026-09-01T19:40:21.047458+00:00,22,77308.0,77309.79,UP,0
2026-09-01T19:45:00+00:00,5,?,UP,2026-09-01T19:48:05.956398+00:00,186,77309.79,77299.99,DOWN,0
2026-09-01T19:45:00+00:00,5,K15,UP,2026-09-01T19:45:21.048191+00:00,22,77309.79,77299.99,DOWN,0
2026-09-01T19:45:00+00:00,5,K5,DOWN,2026-09-01T19:45:21.048191+00:00,22,77309.79,77299.99,DOWN,1
2026-09-01T19:45:00+00:00,15,?,UP,2026-09-01T19:48:05.956398+00:00,186,77309.79,77312.0,UP,1
2026-09-01T19:45:00+00:00,15,K15,UP,2026-09-01T19:45:21.048191+00:00,22,77309.79,77312.0,UP,1
2026-09-01T19:50:00+00:00,5,K5,DOWN,2026-09-01T19:50:21.081417+00:00,22,77300.0,77206.8,DOWN,1
2026-09-01T19:55:00+00:00,5,K14,UP,2026-09-01T19:55:21.046018+00:00,22,77206.79,77312.0,UP,1
2026-09-01T19:55:00+00:00,5,?,DOWN,2026-09-01T19:56:16.086182+00:00,77,77206.79,77312.0,UP,0
2026-09-01T19:55:00+00:00,5,K10,UP,2026-09-01T19:56:01.899055+00:00,62,77206.79,77312.0,UP,1
2026-09-01T19:55:00+00:00,5,K11,UP,2026-09-01T19:56:43.483853+00:00,104,77206.79,77312.0,UP,1
2026-09-01T19:55:00+00:00,5,K9,UP,2026-09-01T19:55:21.046018+00:00,22,77206.79,77312.0,UP,1
2026-09-01T19:55:00+00:00,5,K4,UP,2026-09-01T19:55:21.046018+00:00,22,77206.79,77312.0,UP,1
2026-09-01T20:00:00+00:00,5,K14,UP,2026-09-01T20:00:21.071452+00:00,22,77312.0,77300.0,DOWN,0
2026-09-01T20:00:00+00:00,5,?,UP,2026-09-01T20:00:43.915148+00:00,44,77312.0,77300.0,DOWN,0
2026-09-01T20:00:00+00:00,5,K9,DOWN,2026-09-01T20:00:21.071452+00:00,22,77312.0,77300.0,DOWN,1
2026-09-01T20:00:00+00:00,5,K4,DOWN,2026-09-01T20:00:21.071452+00:00,22,77312.0,77300.0,DOWN,1
2026-09-01T20:00:00+00:00,5,K5,DOWN,2026-09-01T20:00:21.071452+00:00,22,77312.0,77300.0,DOWN,1
2026-09-01T20:00:00+00:00,15,K14,UP,2026-09-01T20:00:21.071452+00:00,22,77312.0,77425.99,UP,1
2026-09-01T20:00:00+00:00,15,?,UP,2026-09-01T20:00:43.915148+00:00,44,77312.0,77425.99,UP,1
2026-09-01T20:05:00+00:00,5,?,DOWN,2026-09-01T20:05:20.645158+00:00,21,77300.0,77276.61,DOWN,1
2026-09-01T20:05:00+00:00,5,K10,UP,2026-09-01T20:06:01.906715+00:00,62,77300.0,77276.61,DOWN,0
2026-09-01T20:05:00+00:00,5,K5,DOWN,2026-09-01T20:05:21.086371+00:00,22,77300.0,77276.61,DOWN,1
2026-09-01T20:10:00+00:00,5,?,DOWN,2026-09-01T20:14:27.366821+00:00,268,77276.62,77425.99,UP,0
2026-09-01T20:10:00+00:00,5,K5,DOWN,2026-09-01T20:10:21.047212+00:00,22,77276.62,77425.99,UP,0
2026-09-01T20:15:00+00:00,5,K14,DOWN,2026-09-01T20:15:21.047867+00:00,22,77425.99,77422.9,DOWN,1
2026-09-01T20:15:00+00:00,5,?,UP,2026-09-01T20:16:58.978416+00:00,119,77425.99,77422.9,DOWN,0
2026-09-01T20:15:00+00:00,5,K11,DOWN,2026-09-01T20:17:05.177097+00:00,126,77425.99,77422.9,DOWN,1
2026-09-01T20:15:00+00:00,5,K9,DOWN,2026-09-01T20:15:21.047867+00:00,22,77425.99,77422.9,DOWN,1
2026-09-01T20:15:00+00:00,5,K4,DOWN,2026-09-01T20:15:21.047867+00:00,22,77425.99,77422.9,DOWN,1
2026-09-01T20:15:00+00:00,5,K8,DOWN,2026-09-01T20:15:21.047867+00:00,22,77425.99,77422.9,DOWN,1
2026-09-01T20:15:00+00:00,5,K5,DOWN,2026-09-01T20:15:21.047867+00:00,22,77425.99,77422.9,DOWN,1
2026-09-01T20:15:00+00:00,15,K14,DOWN,2026-09-01T20:15:21.047867+00:00,22,77425.99,77400.0,DOWN,1
2026-09-01T20:15:00+00:00,15,?,UP,2026-09-01T20:16:58.978416+00:00,119,77425.99,77400.0,DOWN,0
2026-09-01T20:15:00+00:00,15,K10,DOWN,2026-09-01T20:18:06.266368+00:00,187,77425.99,77400.0,DOWN,1
2026-09-01T20:20:00+00:00,5,K14,DOWN,2026-09-01T20:20:21.076195+00:00,22,77422.9,77392.87,DOWN,1
2026-09-01T20:20:00+00:00,5,K8,DOWN,2026-09-01T20:20:21.076195+00:00,22,77422.9,77392.87,DOWN,1
2026-09-01T20:20:00+00:00,5,K5,DOWN,2026-09-01T20:20:21.076195+00:00,22,77422.9,77392.87,DOWN,1
2026-09-01T20:25:00+00:00,5,?,UP,2026-09-01T20:28:49.843820+00:00,230,77392.88,77400.0,UP,1
2026-09-01T20:25:00+00:00,5,K8,DOWN,2026-09-01T20:25:21.047163+00:00,22,77392.88,77400.0,UP,0
2026-09-01T20:25:00+00:00,5,K5,DOWN,2026-09-01T20:25:21.047163+00:00,22,77392.88,77400.0,UP,0
2026-09-01T20:30:00+00:00,5,K5,DOWN,2026-09-01T20:30:21.054864+00:00,22,77400.0,77381.65,DOWN,1
2026-09-01T20:30:00+00:00,15,?,UP,2026-09-01T20:37:41.042767+00:00,462,77400.0,77386.72,DOWN,0
2026-09-01T20:35:00+00:00,5,K14,UP,2026-09-01T20:35:21.074848+00:00,22,77381.65,77425.99,UP,1
2026-09-01T20:35:00+00:00,5,?,UP,2026-09-01T20:37:41.042767+00:00,162,77381.65,77425.99,UP,1
2026-09-01T20:35:00+00:00,5,K10,UP,2026-09-01T20:36:02.553748+00:00,63,77381.65,77425.99,UP,1
2026-09-01T20:35:00+00:00,5,K11,UP,2026-09-01T20:36:44.771491+00:00,105,77381.65,77425.99,UP,1
2026-09-01T20:35:00+00:00,5,K5,DOWN,2026-09-01T20:35:21.074848+00:00,22,77381.65,77425.99,UP,0
2026-09-01T20:40:00+00:00,5,K14,UP,2026-09-01T20:40:21.049382+00:00,22,77425.99,77386.72,DOWN,0
2026-09-01T20:40:00+00:00,5,K10,DOWN,2026-09-01T20:41:02.865356+00:00,63,77425.99,77386.72,DOWN,1
2026-09-01T20:40:00+00:00,5,K11,DOWN,2026-09-01T20:41:45.117854+00:00,106,77425.99,77386.72,DOWN,1
2026-09-01T20:40:00+00:00,5,K5,DOWN,2026-09-01T20:40:21.049382+00:00,22,77425.99,77386.72,DOWN,1
2026-09-01T20:45:00+00:00,5,K14,UP,2026-09-01T20:45:21.047635+00:00,22,77386.72,77349.66,DOWN,0
2026-09-01T20:45:00+00:00,15,K14,UP,2026-09-01T20:45:21.047635+00:00,22,77386.72,77448.45,UP,1
2026-09-01T20:45:00+00:00,15,?,DOWN,2026-09-01T20:50:02.207359+00:00,303,77386.72,77448.45,UP,0
2026-09-01T20:50:00+00:00,5,?,DOWN,2026-09-01T20:50:02.207359+00:00,3,77349.66,77427.79,UP,0
2026-09-01T20:55:00+00:00,5,K5,DOWN,2026-09-01T20:55:21.046837+00:00,22,77427.79,77448.45,UP,0
2026-09-01T21:00:00+00:00,5,K14,DOWN,2026-09-01T21:00:21.052835+00:00,22,77448.46,77381.65,DOWN,1
2026-09-01T21:00:00+00:00,5,?,DOWN,2026-09-01T21:01:02.097231+00:00,63,77448.46,77381.65,DOWN,1
2026-09-01T21:00:00+00:00,5,K8,DOWN,2026-09-01T21:00:21.052835+00:00,22,77448.46,77381.65,DOWN,1
2026-09-01T21:00:00+00:00,5,K5,DOWN,2026-09-01T21:00:21.052835+00:00,22,77448.46,77381.65,DOWN,1
2026-09-01T21:00:00+00:00,15,K14,DOWN,2026-09-01T21:00:21.052835+00:00,22,77448.46,77114.44,DOWN,1
2026-09-01T21:00:00+00:00,15,?,DOWN,2026-09-01T21:01:02.097231+00:00,63,77448.46,77114.44,DOWN,1
2026-09-01T21:05:00+00:00,5,?,UP,2026-09-01T21:05:31.123795+00:00,32,77381.66,77252.01,DOWN,0
2026-09-01T21:05:00+00:00,5,K10,DOWN,2026-09-01T21:06:01.327331+00:00,62,77381.66,77252.01,DOWN,1
2026-09-01T21:05:00+00:00,5,K11,DOWN,2026-09-01T21:06:42.474690+00:00,103,77381.66,77252.01,DOWN,1
2026-09-01T21:10:00+00:00,5,K14,UP,2026-09-01T21:10:21.047256+00:00,22,77252.0,77114.44,DOWN,0
2026-09-01T21:10:00+00:00,5,?,UP,2026-09-01T21:10:30.146605+00:00,31,77252.0,77114.44,DOWN,0
2026-09-01T21:10:00+00:00,5,K10,DOWN,2026-09-01T21:11:02.273118+00:00,63,77252.0,77114.44,DOWN,1
2026-09-01T21:10:00+00:00,5,K11,DOWN,2026-09-01T21:11:44.259600+00:00,105,77252.0,77114.44,DOWN,1
2026-09-01T21:10:00+00:00,5,K9,UP,2026-09-01T21:10:21.047256+00:00,22,77252.0,77114.44,DOWN,0
2026-09-01T21:10:00+00:00,5,K4,UP,2026-09-01T21:10:21.047256+00:00,22,77252.0,77114.44,DOWN,0
2026-09-01T21:10:00+00:00,5,K5,UP,2026-09-01T21:10:21.047256+00:00,22,77252.0,77114.44,DOWN,0
2026-09-01T21:15:00+00:00,5,K2,UP,2026-09-01T21:15:21.048775+00:00,22,77114.43,77028.41,DOWN,0
2026-09-01T21:15:00+00:00,5,K7,UP,2026-09-01T21:15:21.048775+00:00,22,77114.43,77028.41,DOWN,0
2026-09-01T21:15:00+00:00,5,K14,UP,2026-09-01T21:15:21.048775+00:00,22,77114.43,77028.41,DOWN,0
2026-09-01T21:15:00+00:00,5,K1,UP,2026-09-01T21:15:21.048775+00:00,22,77114.43,77028.41,DOWN,0
2026-09-01T21:15:00+00:00,5,?,UP,2026-09-01T21:17:21.828388+00:00,142,77114.43,77028.41,DOWN,0
2026-09-01T21:15:00+00:00,5,K9,UP,2026-09-01T21:15:21.048775+00:00,22,77114.43,77028.41,DOWN,0
2026-09-01T21:15:00+00:00,5,K4,UP,2026-09-01T21:15:21.048775+00:00,22,77114.43,77028.41,DOWN,0
2026-09-01T21:15:00+00:00,5,K3,UP,2026-09-01T21:15:21.048775+00:00,22,77114.43,77028.41,DOWN,0
2026-09-01T21:15:00+00:00,5,K5,UP,2026-09-01T21:15:21.048775+00:00,22,77114.43,77028.41,DOWN,0
2026-09-01T21:15:00+00:00,15,K14,UP,2026-09-01T21:15:21.048775+00:00,22,77114.43,77188.68,UP,1
2026-09-01T21:15:00+00:00,15,?,UP,2026-09-01T21:17:21.828388+00:00,142,77114.43,77188.68,UP,1
2026-09-01T21:15:00+00:00,15,K10,DOWN,2026-09-01T21:18:05.471008+00:00,186,77114.43,77188.68,UP,0
2026-09-01T21:15:00+00:00,15,K9,UP,2026-09-01T21:15:21.048775+00:00,22,77114.43,77188.68,UP,1
2026-09-01T21:15:00+00:00,15,K4,UP,2026-09-01T21:15:21.048775+00:00,22,77114.43,77188.68,UP,1
2026-09-01T21:20:00+00:00,5,K2,UP,2026-09-01T21:20:21.077548+00:00,22,77028.42,77217.14,UP,1
2026-09-01T21:20:00+00:00,5,K7,UP,2026-09-01T21:20:21.077548+00:00,22,77028.42,77217.14,UP,1
2026-09-01T21:20:00+00:00,5,K1,UP,2026-09-01T21:20:21.077548+00:00,22,77028.42,77217.14,UP,1
2026-09-01T21:20:00+00:00,5,?,UP,2026-09-01T21:20:49.889440+00:00,50,77028.42,77217.14,UP,1
2026-09-01T21:20:00+00:00,5,K10,UP,2026-09-01T21:21:02.014989+00:00,63,77028.42,77217.14,UP,1
2026-09-01T21:20:00+00:00,5,K9,UP,2026-09-01T21:20:21.077548+00:00,22,77028.42,77217.14,UP,1
2026-09-01T21:20:00+00:00,5,K4,UP,2026-09-01T21:20:21.077548+00:00,22,77028.42,77217.14,UP,1
2026-09-01T21:20:00+00:00,5,K3,UP,2026-09-01T21:20:21.077548+00:00,22,77028.42,77217.14,UP,1
2026-09-01T21:20:00+00:00,5,K5,UP,2026-09-01T21:20:21.077548+00:00,22,77028.42,77217.14,UP,1
2026-09-01T21:25:00+00:00,5,K9,DOWN,2026-09-01T21:25:21.051066+00:00,22,77217.14,77188.68,DOWN,1
2026-09-01T21:25:00+00:00,5,K4,DOWN,2026-09-01T21:25:21.051066+00:00,22,77217.14,77188.68,DOWN,1
2026-09-01T21:30:00+00:00,5,K11,DOWN,2026-09-01T21:31:41.593198+00:00,102,77188.69,77045.56,DOWN,1
2026-09-01T21:30:00+00:00,15,K10,DOWN,2026-09-01T21:33:03.630626+00:00,184,77188.69,77146.1,DOWN,1
2026-09-01T21:30:00+00:00,15,K11,DOWN,2026-09-01T21:35:01.003826+00:00,302,77188.69,77146.1,DOWN,1
2026-09-01T21:35:00+00:00,5,K2,UP,2026-09-01T21:35:21.604780+00:00,22,77045.56,77165.99,UP,1
2026-09-01T21:35:00+00:00,5,K7,UP,2026-09-01T21:35:21.604780+00:00,22,77045.56,77165.99,UP,1
2026-09-01T21:35:00+00:00,5,K14,UP,2026-09-01T21:35:21.604780+00:00,22,77045.56,77165.99,UP,1
2026-09-01T21:35:00+00:00,5,K1,UP,2026-09-01T21:35:21.604780+00:00,22,77045.56,77165.99,UP,1
2026-09-01T21:35:00+00:00,5,K10,UP,2026-09-01T21:36:03.243932+00:00,64,77045.56,77165.99,UP,1
2026-09-01T21:35:00+00:00,5,K11,UP,2026-09-01T21:36:45.029377+00:00,106,77045.56,77165.99,UP,1
2026-09-01T21:35:00+00:00,5,K9,UP,2026-09-01T21:35:21.604780+00:00,22,77045.56,77165.99,UP,1
2026-09-01T21:35:00+00:00,5,K4,UP,2026-09-01T21:35:21.604780+00:00,22,77045.56,77165.99,UP,1
2026-09-01T21:35:00+00:00,5,K3,UP,2026-09-01T21:35:21.604780+00:00,22,77045.56,77165.99,UP,1
2026-09-01T21:40:00+00:00,5,K10,UP,2026-09-01T21:41:02.202203+00:00,63,77166.0,77146.1,DOWN,0
2026-09-01T21:40:00+00:00,5,K9,DOWN,2026-09-01T21:40:21.051815+00:00,22,77166.0,77146.1,DOWN,1
2026-09-01T21:40:00+00:00,5,K4,DOWN,2026-09-01T21:40:21.051815+00:00,22,77166.0,77146.1,DOWN,1
2026-09-01T21:50:00+00:00,5,K11,UP,2026-09-01T21:52:01.872991+00:00,122,77171.51,77235.13,UP,1
2026-09-01T22:00:00+00:00,5,?,UP,2026-09-01T22:01:01.215744+00:00,62,77211.32,77284.14,UP,1
2026-09-01T22:00:00+00:00,15,?,UP,2026-09-01T22:01:01.215744+00:00,62,77211.32,77295.35,UP,1
2026-09-01T22:05:00+00:00,5,?,UP,2026-09-01T22:06:00.605554+00:00,61,77284.15,77273.08,DOWN,0
2026-09-01T22:05:00+00:00,5,K11,DOWN,2026-09-01T22:06:41.880702+00:00,102,77284.15,77273.08,DOWN,1
2026-09-01T22:15:00+00:00,5,K10,DOWN,2026-09-01T22:16:01.245615+00:00,62,77295.35,77245.18,DOWN,1
2026-09-01T22:15:00+00:00,5,K11,DOWN,2026-09-01T22:16:42.977313+00:00,103,77295.35,77245.18,DOWN,1
2026-09-01T22:15:00+00:00,15,?,UP,2026-09-01T22:21:56.877155+00:00,417,77295.35,77072.0,DOWN,0
2026-09-01T22:20:00+00:00,5,K14,UP,2026-09-01T22:20:21.075326+00:00,22,77245.18,77172.0,DOWN,0
2026-09-01T22:20:00+00:00,5,?,UP,2026-09-01T22:21:56.877155+00:00,117,77245.18,77172.0,DOWN,0
2026-09-01T22:20:00+00:00,5,K11,DOWN,2026-09-01T22:22:04.838144+00:00,125,77245.18,77172.0,DOWN,1
2026-09-01T22:25:00+00:00,5,?,UP,2026-09-01T22:28:17.075415+00:00,198,77172.01,77072.0,DOWN,0
2026-09-01T22:30:00+00:00,5,K14,UP,2026-09-01T22:30:21.053126+00:00,22,77072.01,77085.01,UP,1
2026-09-01T22:30:00+00:00,5,?,UP,2026-09-01T22:30:27.553476+00:00,28,77072.01,77085.01,UP,1
2026-09-01T22:30:00+00:00,5,K9,UP,2026-09-01T22:30:21.053126+00:00,22,77072.01,77085.01,UP,1
2026-09-01T22:30:00+00:00,5,K4,UP,2026-09-01T22:30:21.053126+00:00,22,77072.01,77085.01,UP,1
2026-09-01T22:30:00+00:00,15,K14,UP,2026-09-01T22:30:21.053126+00:00,22,77072.01,77151.43,UP,1
2026-09-01T22:30:00+00:00,15,?,UP,2026-09-01T22:30:27.553476+00:00,28,77072.01,77151.43,UP,1
2026-09-01T22:30:00+00:00,15,K9,UP,2026-09-01T22:30:21.053126+00:00,22,77072.01,77151.43,UP,1
2026-09-01T22:30:00+00:00,15,K4,UP,2026-09-01T22:30:21.053126+00:00,22,77072.01,77151.43,UP,1
2026-09-01T22:35:00+00:00,5,K14,UP,2026-09-01T22:35:21.079781+00:00,22,77085.01,77117.86,UP,1
2026-09-01T22:35:00+00:00,5,K11,UP,2026-09-01T22:36:44.570641+00:00,105,77085.01,77117.86,UP,1
2026-09-01T22:40:00+00:00,5,K14,UP,2026-09-01T22:40:21.046619+00:00,22,77117.87,77151.43,UP,1
2026-09-01T22:45:00+00:00,5,?,DOWN,2026-09-01T22:49:12.871037+00:00,253,77151.44,77324.83,UP,0
2026-09-01T22:45:00+00:00,5,K10,UP,2026-09-01T22:46:01.248153+00:00,62,77151.44,77324.83,UP,1
2026-09-01T22:45:00+00:00,5,K11,UP,2026-09-01T22:46:42.659294+00:00,103,77151.44,77324.83,UP,1
2026-09-01T22:45:00+00:00,15,?,DOWN,2026-09-01T22:49:12.871037+00:00,253,77151.44,77274.02,UP,0
2026-09-01T22:45:00+00:00,15,K10,UP,2026-09-01T22:48:04.716461+00:00,185,77151.44,77274.02,UP,1
2026-09-01T22:45:00+00:00,15,K11,UP,2026-09-01T22:50:01.005192+00:00,302,77151.44,77274.02,UP,1
2026-09-01T22:50:00+00:00,5,K2,DOWN,2026-09-01T22:50:21.303181+00:00,22,77324.84,77300.0,DOWN,1
2026-09-01T22:50:00+00:00,5,K14,DOWN,2026-09-01T22:50:21.303181+00:00,22,77324.84,77300.0,DOWN,1
2026-09-01T22:50:00+00:00,5,?,DOWN,2026-09-01T22:50:13.525944+00:00,14,77324.84,77300.0,DOWN,1
2026-09-01T22:50:00+00:00,5,K9,DOWN,2026-09-01T22:50:21.303181+00:00,22,77324.84,77300.0,DOWN,1
2026-09-01T22:50:00+00:00,5,K4,DOWN,2026-09-01T22:50:21.303181+00:00,22,77324.84,77300.0,DOWN,1
2026-09-01T22:50:00+00:00,5,K8,DOWN,2026-09-01T22:50:21.303181+00:00,22,77324.84,77300.0,DOWN,1
2026-09-01T22:50:00+00:00,5,K5,DOWN,2026-09-01T22:50:21.303181+00:00,22,77324.84,77300.0,DOWN,1
2026-09-01T22:55:00+00:00,5,K5,DOWN,2026-09-01T22:55:21.048394+00:00,22,77300.0,77274.02,DOWN,1
2026-09-01T23:00:00+00:00,5,?,UP,2026-09-01T23:00:45.833914+00:00,46,77274.02,77218.01,DOWN,0
2026-09-01T23:00:00+00:00,15,?,UP,2026-09-01T23:00:45.833914+00:00,46,77274.02,77262.01,DOWN,0
2026-09-01T23:05:00+00:00,5,K11,UP,2026-09-01T23:06:41.879537+00:00,102,77218.01,77294.0,UP,1
2026-09-01T23:15:00+00:00,5,?,DOWN,2026-09-01T23:15:56.454020+00:00,57,77262.0,77315.99,UP,0
2026-09-01T23:15:00+00:00,15,?,DOWN,2026-09-01T23:15:56.454020+00:00,57,77262.0,77396.84,UP,0
2026-09-01T23:20:00+00:00,5,K14,DOWN,2026-09-01T23:20:21.075239+00:00,22,77315.99,77317.95,UP,0
2026-09-01T23:20:00+00:00,5,?,UP,2026-09-01T23:21:25.982674+00:00,86,77315.99,77317.95,UP,1
2026-09-01T23:20:00+00:00,5,K5,DOWN,2026-09-01T23:20:21.075239+00:00,22,77315.99,77317.95,UP,0
2026-09-01T23:25:00+00:00,5,?,DOWN,2026-09-01T23:27:39.170332+00:00,160,77317.96,77396.84,UP,0
2026-09-01T23:25:00+00:00,5,K5,DOWN,2026-09-01T23:25:21.046549+00:00,22,77317.96,77396.84,UP,0
2026-09-01T23:30:00+00:00,5,K2,DOWN,2026-09-01T23:30:21.053849+00:00,22,77396.83,77449.3,UP,0
2026-09-01T23:30:00+00:00,5,K14,DOWN,2026-09-01T23:30:21.053849+00:00,22,77396.83,77449.3,UP,0
2026-09-01T23:30:00+00:00,5,?,DOWN,2026-09-01T23:30:28.555213+00:00,29,77396.83,77449.3,UP,0
2026-09-01T23:30:00+00:00,5,K8,DOWN,2026-09-01T23:30:21.053849+00:00,22,77396.83,77449.3,UP,0
2026-09-01T23:30:00+00:00,5,K5,DOWN,2026-09-01T23:30:21.053849+00:00,22,77396.83,77449.3,UP,0
2026-09-01T23:30:00+00:00,15,K14,DOWN,2026-09-01T23:30:21.053849+00:00,22,77396.83,77537.5,UP,0
2026-09-01T23:30:00+00:00,15,?,DOWN,2026-09-01T23:30:28.555213+00:00,29,77396.83,77537.5,UP,0
2026-09-01T23:30:00+00:00,15,K5,DOWN,2026-09-01T23:30:21.053849+00:00,22,77396.83,77537.5,UP,0
2026-09-01T23:35:00+00:00,5,K2,DOWN,2026-09-01T23:35:21.075723+00:00,22,77449.3,77511.45,UP,0
2026-09-01T23:35:00+00:00,5,K7,DOWN,2026-09-01T23:35:21.075723+00:00,22,77449.3,77511.45,UP,0
2026-09-01T23:35:00+00:00,5,K14,DOWN,2026-09-01T23:35:21.075723+00:00,22,77449.3,77511.45,UP,0
2026-09-01T23:35:00+00:00,5,?,DOWN,2026-09-01T23:36:56.401170+00:00,117,77449.3,77511.45,UP,0
2026-09-01T23:35:00+00:00,5,K11,UP,2026-09-01T23:36:44.170308+00:00,105,77449.3,77511.45,UP,1
2026-09-01T23:35:00+00:00,5,K4,DOWN,2026-09-01T23:35:21.075723+00:00,22,77449.3,77511.45,UP,0
2026-09-01T23:35:00+00:00,5,K8,DOWN,2026-09-01T23:35:21.075723+00:00,22,77449.3,77511.45,UP,0
2026-09-01T23:35:00+00:00,5,K5,DOWN,2026-09-01T23:35:21.075723+00:00,22,77449.3,77511.45,UP,0
2026-09-01T23:40:00+00:00,5,K2,DOWN,2026-09-01T23:40:21.049532+00:00,22,77511.44,77537.5,UP,0
2026-09-01T23:40:00+00:00,5,K7,DOWN,2026-09-01T23:40:21.049532+00:00,22,77511.44,77537.5,UP,0
2026-09-01T23:40:00+00:00,5,K14,DOWN,2026-09-01T23:40:21.049532+00:00,22,77511.44,77537.5,UP,0
2026-09-01T23:40:00+00:00,5,K4,DOWN,2026-09-01T23:40:21.049532+00:00,22,77511.44,77537.5,UP,0
2026-09-01T23:40:00+00:00,5,K15,DOWN,2026-09-01T23:41:24.187992+00:00,85,77511.44,77537.5,UP,0
2026-09-01T23:40:00+00:00,5,K5,DOWN,2026-09-01T23:40:21.049532+00:00,22,77511.44,77537.5,UP,0
2026-09-01T23:45:00+00:00,5,K2,DOWN,2026-09-01T23:45:21.048920+00:00,22,77537.5,77574.01,UP,0
2026-09-01T23:45:00+00:00,5,K7,DOWN,2026-09-01T23:45:21.048920+00:00,22,77537.5,77574.01,UP,0
2026-09-01T23:45:00+00:00,5,K14,DOWN,2026-09-01T23:45:21.048920+00:00,22,77537.5,77574.01,UP,0
2026-09-01T23:45:00+00:00,5,?,UP,2026-09-01T23:46:15.435359+00:00,76,77537.5,77574.01,UP,1
2026-09-01T23:45:00+00:00,5,K10,DOWN,2026-09-01T23:46:03.205331+00:00,64,77537.5,77574.01,UP,0
2026-09-01T23:45:00+00:00,5,K4,DOWN,2026-09-01T23:45:21.048920+00:00,22,77537.5,77574.01,UP,0
2026-09-01T23:45:00+00:00,5,K15,DOWN,2026-09-01T23:45:21.048920+00:00,22,77537.5,77574.01,UP,0
2026-09-01T23:45:00+00:00,5,K8,DOWN,2026-09-01T23:45:21.048920+00:00,22,77537.5,77574.01,UP,0
2026-09-01T23:45:00+00:00,5,K5,DOWN,2026-09-01T23:45:21.048920+00:00,22,77537.5,77574.01,UP,0
2026-09-01T23:45:00+00:00,15,K2,DOWN,2026-09-01T23:45:21.048920+00:00,22,77537.5,77439.0,DOWN,1
2026-09-01T23:45:00+00:00,15,K7,DOWN,2026-09-01T23:45:21.048920+00:00,22,77537.5,77439.0,DOWN,1
2026-09-01T23:45:00+00:00,15,K14,DOWN,2026-09-01T23:45:21.048920+00:00,22,77537.5,77439.0,DOWN,1
2026-09-01T23:45:00+00:00,15,K1,DOWN,2026-09-01T23:45:21.048920+00:00,22,77537.5,77439.0,DOWN,1
2026-09-01T23:45:00+00:00,15,?,UP,2026-09-01T23:46:15.435359+00:00,76,77537.5,77439.0,DOWN,0
2026-09-01T23:45:00+00:00,15,K9,DOWN,2026-09-01T23:45:21.048920+00:00,22,77537.5,77439.0,DOWN,1
2026-09-01T23:45:00+00:00,15,K4,DOWN,2026-09-01T23:45:21.048920+00:00,22,77537.5,77439.0,DOWN,1
2026-09-01T23:45:00+00:00,15,K3,DOWN,2026-09-01T23:45:21.048920+00:00,22,77537.5,77439.0,DOWN,1
2026-09-01T23:45:00+00:00,15,K15,DOWN,2026-09-01T23:45:21.048920+00:00,22,77537.5,77439.0,DOWN,1
2026-09-01T23:45:00+00:00,15,K8,DOWN,2026-09-01T23:45:21.048920+00:00,22,77537.5,77439.0,DOWN,1
2026-09-01T23:45:00+00:00,15,K5,DOWN,2026-09-01T23:45:21.048920+00:00,22,77537.5,77439.0,DOWN,1
2026-09-01T23:50:00+00:00,5,K2,DOWN,2026-09-01T23:50:21.083295+00:00,22,77574.01,77472.48,DOWN,1
2026-09-01T23:50:00+00:00,5,?,UP,2026-09-01T23:51:12.797545+00:00,73,77574.01,77472.48,DOWN,0
2026-09-01T23:50:00+00:00,5,K11,DOWN,2026-09-01T23:51:43.758836+00:00,104,77574.01,77472.48,DOWN,1
2026-09-01T23:50:00+00:00,5,K15,DOWN,2026-09-01T23:50:21.083295+00:00,22,77574.01,77472.48,DOWN,1
2026-09-01T23:50:00+00:00,5,K5,DOWN,2026-09-01T23:50:21.083295+00:00,22,77574.01,77472.48,DOWN,1
2026-09-01T23:55:00+00:00,5,K9,UP,2026-09-01T23:55:21.048274+00:00,22,77472.49,77439.0,DOWN,0
2026-09-01T23:55:00+00:00,5,K4,UP,2026-09-01T23:55:21.048274+00:00,22,77472.49,77439.0,DOWN,0
2026-09-01T23:55:00+00:00,5,K15,UP,2026-09-01T23:55:21.048274+00:00,22,77472.49,77439.0,DOWN,0
2026-09-02T00:00:00+00:00,5,K10,UP,2026-09-02T00:01:03.584133+00:00,64,77439.01,77450.16,UP,1
2026-09-02T00:00:00+00:00,5,K15,UP,2026-09-02T00:00:21.115529+00:00,22,77439.01,77450.16,UP,1
2026-09-02T00:00:00+00:00,15,?,UP,2026-09-02T00:06:34.997669+00:00,395,77439.01,77397.03,DOWN,0
2026-09-02T00:00:00+00:00,15,K15,UP,2026-09-02T00:00:21.115529+00:00,22,77439.01,77397.03,DOWN,0
2026-09-02T00:05:00+00:00,5,?,UP,2026-09-02T00:06:34.997669+00:00,95,77450.17,77400.0,DOWN,0
2026-09-02T00:05:00+00:00,5,K15,UP,2026-09-02T00:05:21.075309+00:00,22,77450.17,77400.0,DOWN,0
2026-09-02T00:10:00+00:00,5,?,UP,2026-09-02T00:10:01.706391+00:00,2,77400.0,77397.03,DOWN,0
2026-09-02T00:15:00+00:00,5,K14,UP,2026-09-02T00:15:21.046592+00:00,22,77397.02,77398.85,UP,1
2026-09-02T00:15:00+00:00,15,K14,UP,2026-09-02T00:15:21.046592+00:00,22,77397.02,77262.9,DOWN,0
2026-09-02T00:15:00+00:00,15,?,DOWN,2026-09-02T00:23:12.034064+00:00,493,77397.02,77262.9,DOWN,1
2026-09-02T00:20:00+00:00,5,K14,UP,2026-09-02T00:20:21.094688+00:00,22,77398.85,77400.0,UP,1
2026-09-02T00:20:00+00:00,5,?,DOWN,2026-09-02T00:23:12.034064+00:00,193,77398.85,77400.0,UP,0
2026-09-02T00:25:00+00:00,5,K10,DOWN,2026-09-02T00:26:01.350695+00:00,62,77400.01,77262.9,DOWN,1
2026-09-02T00:30:00+00:00,5,K11,UP,2026-09-02T00:32:03.658730+00:00,124,77262.91,77254.01,DOWN,0
2026-09-02T00:30:00+00:00,5,K9,UP,2026-09-02T00:30:21.053693+00:00,22,77262.91,77254.01,DOWN,0
2026-09-02T00:30:00+00:00,5,K4,UP,2026-09-02T00:30:21.053693+00:00,22,77262.91,77254.01,DOWN,0
2026-09-02T00:30:00+00:00,5,K5,UP,2026-09-02T00:30:21.053693+00:00,22,77262.91,77254.01,DOWN,0
2026-09-02T00:30:00+00:00,15,?,UP,2026-09-02T00:39:02.309902+00:00,543,77262.91,77229.31,DOWN,0
2026-09-02T00:30:00+00:00,15,K10,UP,2026-09-02T00:33:04.244329+00:00,185,77262.91,77229.31,DOWN,0
2026-09-02T00:35:00+00:00,5,?,UP,2026-09-02T00:39:02.309902+00:00,243,77254.0,77207.09,DOWN,0
2026-09-02T00:35:00+00:00,5,K8,UP,2026-09-02T00:35:21.076385+00:00,22,77254.0,77207.09,DOWN,0
2026-09-02T00:35:00+00:00,5,K5,UP,2026-09-02T00:35:21.076385+00:00,22,77254.0,77207.09,DOWN,0
2026-09-02T00:40:00+00:00,5,K2,UP,2026-09-02T00:40:21.047155+00:00,22,77207.09,77229.31,UP,1
2026-09-02T00:40:00+00:00,5,?,DOWN,2026-09-02T00:40:04.969247+00:00,5,77207.09,77229.31,UP,0
2026-09-02T00:40:00+00:00,5,K10,DOWN,2026-09-02T00:41:06.400781+00:00,67,77207.09,77229.31,UP,0
2026-09-02T00:40:00+00:00,5,K11,DOWN,2026-09-02T00:42:01.169641+00:00,122,77207.09,77229.31,UP,0
2026-09-02T00:40:00+00:00,5,K8,UP,2026-09-02T00:40:21.047155+00:00,22,77207.09,77229.31,UP,1
2026-09-02T00:40:00+00:00,5,K5,UP,2026-09-02T00:40:21.047155+00:00,22,77207.09,77229.31,UP,1
2026-09-02T00:45:00+00:00,5,K5,UP,2026-09-02T00:45:25.478506+00:00,26,77229.31,77244.09,UP,1
2026-09-02T00:50:00+00:00,5,K10,DOWN,2026-09-02T00:51:01.334059+00:00,62,77244.09,77182.8,DOWN,1
2026-09-02T00:55:00+00:00,5,K2,UP,2026-09-02T00:55:21.046739+00:00,22,77182.8,77213.25,UP,1
2026-09-02T00:55:00+00:00,5,K11,UP,2026-09-02T00:56:43.838993+00:00,104,77182.8,77213.25,UP,1
2026-09-02T00:55:00+00:00,5,K5,UP,2026-09-02T00:55:21.046739+00:00,22,77182.8,77213.25,UP,1
2026-09-02T01:00:00+00:00,5,K5,UP,2026-09-02T01:00:21.054454+00:00,22,77213.24,77206.81,DOWN,0
2026-09-02T01:00:00+00:00,15,?,DOWN,2026-09-02T01:08:32.084056+00:00,513,77213.24,77351.46,UP,0
2026-09-02T01:05:00+00:00,5,?,DOWN,2026-09-02T01:08:32.084056+00:00,213,77206.81,77229.03,UP,0
2026-09-02T01:05:00+00:00,5,K5,UP,2026-09-02T01:05:21.074384+00:00,22,77206.81,77229.03,UP,1
2026-09-02T01:10:00+00:00,5,K14,DOWN,2026-09-02T01:10:21.047296+00:00,22,77230.0,77351.46,UP,0
2026-09-02T01:10:00+00:00,5,?,DOWN,2026-09-02T01:10:16.274918+00:00,17,77230.0,77351.46,UP,0
2026-09-02T01:10:00+00:00,5,K10,UP,2026-09-02T01:11:02.810291+00:00,63,77230.0,77351.46,UP,1
2026-09-02T01:10:00+00:00,5,K5,UP,2026-09-02T01:10:21.047296+00:00,22,77230.0,77351.46,UP,1
2026-09-02T01:15:00+00:00,5,K14,DOWN,2026-09-02T01:15:21.049053+00:00,22,77351.46,77319.41,DOWN,1
2026-09-02T01:15:00+00:00,5,K10,DOWN,2026-09-02T01:16:03.251991+00:00,64,77351.46,77319.41,DOWN,1
2026-09-02T01:15:00+00:00,5,K11,DOWN,2026-09-02T01:16:47.287525+00:00,108,77351.46,77319.41,DOWN,1
2026-09-02T01:15:00+00:00,5,K9,DOWN,2026-09-02T01:15:21.049053+00:00,22,77351.46,77319.41,DOWN,1
2026-09-02T01:15:00+00:00,5,K4,DOWN,2026-09-02T01:15:21.049053+00:00,22,77351.46,77319.41,DOWN,1
2026-09-02T01:15:00+00:00,5,K13,DOWN,2026-09-02T01:15:21.049053+00:00,22,77351.46,77319.41,DOWN,1
2026-09-02T01:15:00+00:00,15,K14,DOWN,2026-09-02T01:15:21.049053+00:00,22,77351.46,77150.0,DOWN,1
2026-09-02T01:15:00+00:00,15,?,UP,2026-09-02T01:21:11.468395+00:00,372,77351.46,77150.0,DOWN,0
2026-09-02T01:15:00+00:00,15,K9,DOWN,2026-09-02T01:15:21.049053+00:00,22,77351.46,77150.0,DOWN,1
2026-09-02T01:15:00+00:00,15,K4,DOWN,2026-09-02T01:15:21.049053+00:00,22,77351.46,77150.0,DOWN,1
2026-09-02T01:20:00+00:00,5,K14,DOWN,2026-09-02T01:20:21.083701+00:00,22,77319.4,77348.0,UP,0
2026-09-02T01:20:00+00:00,5,?,UP,2026-09-02T01:21:11.468395+00:00,72,77319.4,77348.0,UP,1
2026-09-02T01:25:00+00:00,5,K14,DOWN,2026-09-02T01:25:21.047197+00:00,22,77348.0,77150.0,DOWN,1
2026-09-02T01:25:00+00:00,5,?,UP,2026-09-02T01:27:10.799660+00:00,131,77348.0,77150.0,DOWN,0
2026-09-02T01:25:00+00:00,5,K10,DOWN,2026-09-02T01:26:02.783822+00:00,63,77348.0,77150.0,DOWN,1
2026-09-02T01:25:00+00:00,5,K11,DOWN,2026-09-02T01:26:48.494178+00:00,109,77348.0,77150.0,DOWN,1
2026-09-02T01:30:00+00:00,5,K2,UP,2026-09-02T01:30:21.056325+00:00,22,77150.01,77076.0,DOWN,0
2026-09-02T01:30:00+00:00,5,K14,UP,2026-09-02T01:30:21.056325+00:00,22,77150.01,77076.0,DOWN,0
2026-09-02T01:30:00+00:00,5,K9,UP,2026-09-02T01:30:21.056325+00:00,22,77150.01,77076.0,DOWN,0
2026-09-02T01:30:00+00:00,5,K4,UP,2026-09-02T01:30:21.056325+00:00,22,77150.01,77076.0,DOWN,0
2026-09-02T01:30:00+00:00,5,K8,UP,2026-09-02T01:30:21.056325+00:00,22,77150.01,77076.0,DOWN,0
2026-09-02T01:30:00+00:00,5,K5,UP,2026-09-02T01:30:21.056325+00:00,22,77150.01,77076.0,DOWN,0
2026-09-02T01:30:00+00:00,5,K13,UP,2026-09-02T01:30:21.056325+00:00,22,77150.01,77076.0,DOWN,0
2026-09-02T01:30:00+00:00,15,K14,UP,2026-09-02T01:30:21.056325+00:00,22,77150.01,76886.93,DOWN,0
2026-09-02T01:30:00+00:00,15,?,UP,2026-09-02T01:44:47.438618+00:00,888,77150.01,76886.93,DOWN,0
2026-09-02T01:30:00+00:00,15,K9,UP,2026-09-02T01:30:21.056325+00:00,22,77150.01,76886.93,DOWN,0
2026-09-02T01:30:00+00:00,15,K4,UP,2026-09-02T01:30:21.056325+00:00,22,77150.01,76886.93,DOWN,0
2026-09-02T01:35:00+00:00,5,K2,UP,2026-09-02T01:35:21.112813+00:00,22,77076.01,76982.88,DOWN,0
2026-09-02T01:35:00+00:00,5,K7,UP,2026-09-02T01:35:21.112813+00:00,22,77076.01,76982.88,DOWN,0
2026-09-02T01:35:00+00:00,5,K14,UP,2026-09-02T01:35:21.112813+00:00,22,77076.01,76982.88,DOWN,0
2026-09-02T01:35:00+00:00,5,K4,UP,2026-09-02T01:35:21.112813+00:00,22,77076.01,76982.88,DOWN,0
2026-09-02T01:35:00+00:00,5,K8,UP,2026-09-02T01:35:21.112813+00:00,22,77076.01,76982.88,DOWN,0
2026-09-02T01:35:00+00:00,5,K5,UP,2026-09-02T01:35:21.112813+00:00,22,77076.01,76982.88,DOWN,0
2026-09-02T01:40:00+00:00,5,K2,UP,2026-09-02T01:40:21.047866+00:00,22,76982.88,76886.93,DOWN,0
2026-09-02T01:40:00+00:00,5,K7,UP,2026-09-02T01:40:21.047866+00:00,22,76982.88,76886.93,DOWN,0
2026-09-02T01:40:00+00:00,5,K14,UP,2026-09-02T01:40:21.047866+00:00,22,76982.88,76886.93,DOWN,0
2026-09-02T01:40:00+00:00,5,K1,UP,2026-09-02T01:40:21.047866+00:00,22,76982.88,76886.93,DOWN,0
2026-09-02T01:40:00+00:00,5,?,UP,2026-09-02T01:44:47.438618+00:00,288,76982.88,76886.93,DOWN,0
2026-09-02T01:40:00+00:00,5,K9,UP,2026-09-02T01:40:21.047866+00:00,22,76982.88,76886.93,DOWN,0
2026-09-02T01:40:00+00:00,5,K4,UP,2026-09-02T01:40:21.047866+00:00,22,76982.88,76886.93,DOWN,0
2026-09-02T01:40:00+00:00,5,K3,UP,2026-09-02T01:40:21.047866+00:00,22,76982.88,76886.93,DOWN,0
2026-09-02T01:40:00+00:00,5,K8,UP,2026-09-02T01:40:21.047866+00:00,22,76982.88,76886.93,DOWN,0
2026-09-02T01:40:00+00:00,5,K5,UP,2026-09-02T01:40:21.047866+00:00,22,76982.88,76886.93,DOWN,0
2026-09-02T01:45:00+00:00,5,K2,UP,2026-09-02T01:45:21.051185+00:00,22,76886.93,76830.01,DOWN,0
2026-09-02T01:45:00+00:00,5,K7,UP,2026-09-02T01:45:21.051185+00:00,22,76886.93,76830.01,DOWN,0
2026-09-02T01:45:00+00:00,5,K14,UP,2026-09-02T01:45:21.051185+00:00,22,76886.93,76830.01,DOWN,0
2026-09-02T01:45:00+00:00,5,K1,UP,2026-09-02T01:45:21.051185+00:00,22,76886.93,76830.01,DOWN,0
2026-09-02T01:45:00+00:00,5,K6,UP,2026-09-02T01:45:21.051185+00:00,22,76886.93,76830.01,DOWN,0
2026-09-02T01:45:00+00:00,5,?,DOWN,2026-09-02T01:46:45.333522+00:00,106,76886.93,76830.01,DOWN,1
2026-09-02T01:45:00+00:00,5,K10,UP,2026-09-02T01:46:04.782257+00:00,65,76886.93,76830.01,DOWN,0
2026-09-02T01:45:00+00:00,5,K11,UP,2026-09-02T01:46:48.925190+00:00,109,76886.93,76830.01,DOWN,0
2026-09-02T01:45:00+00:00,5,K9,UP,2026-09-02T01:45:21.051185+00:00,22,76886.93,76830.01,DOWN,0
2026-09-02T01:45:00+00:00,5,K4,UP,2026-09-02T01:45:21.051185+00:00,22,76886.93,76830.01,DOWN,0
2026-09-02T01:45:00+00:00,5,K3,UP,2026-09-02T01:45:21.051185+00:00,22,76886.93,76830.01,DOWN,0
2026-09-02T01:45:00+00:00,5,K16,UP,2026-09-02T01:45:21.051185+00:00,22,76886.93,76830.01,DOWN,0
2026-09-02T01:45:00+00:00,5,K8,UP,2026-09-02T01:45:21.051185+00:00,22,76886.93,76830.01,DOWN,0
2026-09-02T01:45:00+00:00,5,K5,UP,2026-09-02T01:45:21.051185+00:00,22,76886.93,76830.01,DOWN,0
2026-09-02T01:45:00+00:00,5,K12,UP,2026-09-02T01:45:21.051185+00:00,22,76886.93,76830.01,DOWN,0
2026-09-02T01:45:00+00:00,15,K2,UP,2026-09-02T01:45:21.051185+00:00,22,76886.93,77020.68,UP,1
2026-09-02T01:45:00+00:00,15,K7,UP,2026-09-02T01:45:21.051185+00:00,22,76886.93,77020.68,UP,1
2026-09-02T01:45:00+00:00,15,K14,UP,2026-09-02T01:45:21.051185+00:00,22,76886.93,77020.68,UP,1
2026-09-02T01:45:00+00:00,15,K1,UP,2026-09-02T01:45:21.051185+00:00,22,76886.93,77020.68,UP,1
2026-09-02T01:45:00+00:00,15,?,DOWN,2026-09-02T01:46:45.333522+00:00,106,76886.93,77020.68,UP,0
2026-09-02T01:45:00+00:00,15,K9,UP,2026-09-02T01:45:21.051185+00:00,22,76886.93,77020.68,UP,1
2026-09-02T01:45:00+00:00,15,K4,UP,2026-09-02T01:45:21.051185+00:00,22,76886.93,77020.68,UP,1
2026-09-02T01:45:00+00:00,15,K3,UP,2026-09-02T01:45:21.051185+00:00,22,76886.93,77020.68,UP,1
2026-09-02T01:45:00+00:00,15,K16,UP,2026-09-02T01:45:21.051185+00:00,22,76886.93,77020.68,UP,1
2026-09-02T01:45:00+00:00,15,K8,UP,2026-09-02T01:45:21.051185+00:00,22,76886.93,77020.68,UP,1
2026-09-02T01:45:00+00:00,15,K5,UP,2026-09-02T01:45:21.051185+00:00,22,76886.93,77020.68,UP,1
2026-09-02T01:50:00+00:00,5,K2,UP,2026-09-02T01:50:21.080407+00:00,22,76830.0,76814.39,DOWN,0
2026-09-02T01:50:00+00:00,5,K7,UP,2026-09-02T01:50:21.080407+00:00,22,76830.0,76814.39,DOWN,0
2026-09-02T01:50:00+00:00,5,K1,UP,2026-09-02T01:50:21.080407+00:00,22,76830.0,76814.39,DOWN,0
2026-09-02T01:50:00+00:00,5,?,UP,2026-09-02T01:50:21.586957+00:00,22,76830.0,76814.39,DOWN,0
2026-09-02T01:50:00+00:00,5,K10,DOWN,2026-09-02T01:51:02.968675+00:00,63,76830.0,76814.39,DOWN,1
2026-09-02T01:50:00+00:00,5,K11,DOWN,2026-09-02T01:52:05.566562+00:00,126,76830.0,76814.39,DOWN,1
2026-09-02T01:50:00+00:00,5,K4,UP,2026-09-02T01:50:21.080407+00:00,22,76830.0,76814.39,DOWN,0
2026-09-02T01:50:00+00:00,5,K16,UP,2026-09-02T01:50:21.080407+00:00,22,76830.0,76814.39,DOWN,0
2026-09-02T01:50:00+00:00,5,K8,UP,2026-09-02T01:50:21.080407+00:00,22,76830.0,76814.39,DOWN,0
2026-09-02T01:50:00+00:00,5,K5,UP,2026-09-02T01:50:21.080407+00:00,22,76830.0,76814.39,DOWN,0
2026-09-02T01:50:00+00:00,5,K12,UP,2026-09-02T01:50:21.080407+00:00,22,76830.0,76814.39,DOWN,0
2026-09-02T01:55:00+00:00,5,K2,UP,2026-09-02T01:55:21.052825+00:00,22,76814.39,77020.68,UP,1
2026-09-02T01:55:00+00:00,5,K7,UP,2026-09-02T01:55:21.052825+00:00,22,76814.39,77020.68,UP,1
2026-09-02T01:55:00+00:00,5,K1,UP,2026-09-02T01:55:21.052825+00:00,22,76814.39,77020.68,UP,1
2026-09-02T01:55:00+00:00,5,K10,UP,2026-09-02T01:56:03.511368+00:00,64,76814.39,77020.68,UP,1
2026-09-02T01:55:00+00:00,5,K11,UP,2026-09-02T01:56:46.414628+00:00,107,76814.39,77020.68,UP,1
2026-09-02T01:55:00+00:00,5,K4,UP,2026-09-02T01:55:21.052825+00:00,22,76814.39,77020.68,UP,1
2026-09-02T01:55:00+00:00,5,K5,UP,2026-09-02T01:55:21.052825+00:00,22,76814.39,77020.68,UP,1
2026-09-02T01:55:00+00:00,5,K12,UP,2026-09-02T01:55:21.052825+00:00,22,76814.39,77020.68,UP,1
2026-09-02T02:00:00+00:00,5,K9,DOWN,2026-09-02T02:00:21.060512+00:00,22,77020.67,76991.64,DOWN,1
2026-09-02T02:00:00+00:00,5,K4,DOWN,2026-09-02T02:00:21.060512+00:00,22,77020.67,76991.64,DOWN,1
2026-09-02T02:05:00+00:00,5,K11,UP,2026-09-02T02:06:42.284831+00:00,103,76991.63,77064.1,UP,1
2026-09-02T02:05:00+00:00,5,K16,DOWN,2026-09-02T02:06:21.515449+00:00,82,76991.63,77064.1,UP,0
2026-09-02T02:15:00+00:00,5,K10,UP,2026-09-02T02:16:01.248282+00:00,62,77088.39,77151.88,UP,1
2026-09-02T02:15:00+00:00,5,K11,UP,2026-09-02T02:16:43.500699+00:00,104,77088.39,77151.88,UP,1
2026-09-02T02:15:00+00:00,15,?,DOWN,2026-09-02T02:28:26.868587+00:00,807,77088.39,77325.48,UP,0
2026-09-02T02:15:00+00:00,15,K10,UP,2026-09-02T02:18:07.590011+00:00,188,77088.39,77325.48,UP,1
2026-09-02T02:20:00+00:00,5,K14,DOWN,2026-09-02T02:20:21.081784+00:00,22,77151.87,77249.86,UP,0
2026-09-02T02:20:00+00:00,5,K10,UP,2026-09-02T02:21:02.859441+00:00,63,77151.87,77249.86,UP,1
2026-09-02T02:20:00+00:00,5,K11,UP,2026-09-02T02:21:46.804670+00:00,107,77151.87,77249.86,UP,1
2026-09-02T02:25:00+00:00,5,K14,DOWN,2026-09-02T02:25:21.047204+00:00,22,77249.86,77325.48,UP,0
2026-09-02T02:25:00+00:00,5,?,DOWN,2026-09-02T02:28:26.868587+00:00,207,77249.86,77325.48,UP,0
2026-09-02T02:25:00+00:00,5,K9,DOWN,2026-09-02T02:25:21.047204+00:00,22,77249.86,77325.48,UP,0
2026-09-02T02:25:00+00:00,5,K4,DOWN,2026-09-02T02:25:21.047204+00:00,22,77249.86,77325.48,UP,0
2026-09-02T02:25:00+00:00,5,K5,DOWN,2026-09-02T02:25:21.047204+00:00,22,77249.86,77325.48,UP,0
2026-09-02T02:30:00+00:00,5,K14,DOWN,2026-09-02T02:30:21.055686+00:00,22,77325.47,77275.99,DOWN,1
2026-09-02T02:30:00+00:00,5,K10,DOWN,2026-09-02T02:31:04.292859+00:00,65,77325.47,77275.99,DOWN,1
2026-09-02T02:30:00+00:00,5,K8,DOWN,2026-09-02T02:30:21.055686+00:00,22,77325.47,77275.99,DOWN,1
2026-09-02T02:30:00+00:00,5,K5,DOWN,2026-09-02T02:30:21.055686+00:00,22,77325.47,77275.99,DOWN,1
2026-09-02T02:30:00+00:00,15,K14,DOWN,2026-09-02T02:30:21.055686+00:00,22,77325.47,77226.0,DOWN,1
2026-09-02T02:30:00+00:00,15,K9,DOWN,2026-09-02T02:30:21.055686+00:00,22,77325.47,77226.0,DOWN,1
2026-09-02T02:30:00+00:00,15,K4,DOWN,2026-09-02T02:30:21.055686+00:00,22,77325.47,77226.0,DOWN,1
2026-09-02T02:35:00+00:00,5,K14,DOWN,2026-09-02T02:35:21.076214+00:00,22,77276.0,77219.75,DOWN,1
2026-09-02T02:35:00+00:00,5,K5,DOWN,2026-09-02T02:35:21.076214+00:00,22,77276.0,77219.75,DOWN,1
2026-09-02T02:40:00+00:00,5,K14,DOWN,2026-09-02T02:40:21.046734+00:00,22,77219.75,77226.0,UP,0
2026-09-02T02:45:00+00:00,15,?,DOWN,2026-09-02T02:54:57.463092+00:00,598,77225.99,77329.2,UP,0
2026-09-02T02:50:00+00:00,5,?,DOWN,2026-09-02T02:54:57.463092+00:00,298,77238.76,77239.01,UP,0
2026-09-02T02:55:00+00:00,5,?,DOWN,2026-09-02T02:57:45.045968+00:00,166,77239.01,77329.2,UP,0
2026-09-02T02:55:00+00:00,5,K10,UP,2026-09-02T02:56:03.441122+00:00,64,77239.01,77329.2,UP,1
2026-09-02T02:55:00+00:00,5,K5,DOWN,2026-09-02T02:55:01.004897+00:00,2,77239.01,77329.2,UP,0
2026-09-02T03:00:00+00:00,5,K14,DOWN,2026-09-02T03:00:01.006750+00:00,2,77329.2,77474.35,UP,0
2026-09-02T03:00:00+00:00,5,?,DOWN,2026-09-02T03:01:25.267278+00:00,86,77329.2,77474.35,UP,0
2026-09-02T03:00:00+00:00,5,K11,UP,2026-09-02T03:01:46.274407+00:00,107,77329.2,77474.35,UP,1
2026-09-02T03:00:00+00:00,5,K9,DOWN,2026-09-02T03:00:01.006750+00:00,2,77329.2,77474.35,UP,0
2026-09-02T03:00:00+00:00,5,K4,DOWN,2026-09-02T03:00:01.006750+00:00,2,77329.2,77474.35,UP,0
2026-09-02T03:00:00+00:00,5,K8,DOWN,2026-09-02T03:00:01.006750+00:00,2,77329.2,77474.35,UP,0
2026-09-02T03:00:00+00:00,5,K5,DOWN,2026-09-02T03:00:01.006750+00:00,2,77329.2,77474.35,UP,0
2026-09-02T03:00:00+00:00,15,K14,DOWN,2026-09-02T03:00:01.006750+00:00,2,77329.2,77512.0,UP,0
2026-09-02T03:00:00+00:00,15,?,DOWN,2026-09-02T03:01:25.267278+00:00,86,77329.2,77512.0,UP,0
2026-09-02T03:00:00+00:00,15,K10,UP,2026-09-02T03:03:08.598128+00:00,189,77329.2,77512.0,UP,1
2026-09-02T03:00:00+00:00,15,K11,UP,2026-09-02T03:05:01.006384+00:00,302,77329.2,77512.0,UP,1
2026-09-02T03:05:00+00:00,5,K2,DOWN,2026-09-02T03:05:21.597733+00:00,22,77474.35,77435.6,DOWN,1
2026-09-02T03:05:00+00:00,5,K14,DOWN,2026-09-02T03:05:21.597733+00:00,22,77474.35,77435.6,DOWN,1
2026-09-02T03:05:00+00:00,5,?,DOWN,2026-09-02T03:05:01.647687+00:00,2,77474.35,77435.6,DOWN,1
2026-09-02T03:05:00+00:00,5,K9,DOWN,2026-09-02T03:05:21.597733+00:00,22,77474.35,77435.6,DOWN,1
2026-09-02T03:05:00+00:00,5,K4,DOWN,2026-09-02T03:05:21.597733+00:00,22,77474.35,77435.6,DOWN,1
2026-09-02T03:05:00+00:00,5,K8,DOWN,2026-09-02T03:05:21.597733+00:00,22,77474.35,77435.6,DOWN,1
2026-09-02T03:05:00+00:00,5,K5,DOWN,2026-09-02T03:05:21.597733+00:00,22,77474.35,77435.6,DOWN,1
2026-09-02T03:10:00+00:00,5,K2,DOWN,2026-09-02T03:10:21.048911+00:00,22,77435.6,77512.0,UP,0
2026-09-02T03:10:00+00:00,5,K14,DOWN,2026-09-02T03:10:21.048911+00:00,22,77435.6,77512.0,UP,0
2026-09-02T03:10:00+00:00,5,K10,UP,2026-09-02T03:11:02.323904+00:00,63,77435.6,77512.0,UP,1
2026-09-02T03:10:00+00:00,5,K11,UP,2026-09-02T03:11:44.378734+00:00,105,77435.6,77512.0,UP,1
2026-09-02T03:10:00+00:00,5,K8,DOWN,2026-09-02T03:10:21.048911+00:00,22,77435.6,77512.0,UP,0
2026-09-02T03:10:00+00:00,5,K5,DOWN,2026-09-02T03:10:21.048911+00:00,22,77435.6,77512.0,UP,0
2026-09-02T03:15:00+00:00,5,K2,DOWN,2026-09-02T03:15:21.049401+00:00,22,77512.0,77564.01,UP,0
2026-09-02T03:15:00+00:00,5,K14,DOWN,2026-09-02T03:15:21.049401+00:00,22,77512.0,77564.01,UP,0
2026-09-02T03:15:00+00:00,5,K15,DOWN,2026-09-02T03:16:23.722769+00:00,84,77512.0,77564.01,UP,0
2026-09-02T03:15:00+00:00,5,K8,DOWN,2026-09-02T03:15:21.049401+00:00,22,77512.0,77564.01,UP,0
2026-09-02T03:15:00+00:00,5,K5,DOWN,2026-09-02T03:15:21.049401+00:00,22,77512.0,77564.01,UP,0
2026-09-02T03:15:00+00:00,15,K2,DOWN,2026-09-02T03:15:21.049401+00:00,22,77512.0,77660.56,UP,0
2026-09-02T03:15:00+00:00,15,K14,DOWN,2026-09-02T03:15:21.049401+00:00,22,77512.0,77660.56,UP,0
2026-09-02T03:15:00+00:00,15,?,UP,2026-09-02T03:20:13.917119+00:00,314,77512.0,77660.56,UP,1
2026-09-02T03:15:00+00:00,15,K10,UP,2026-09-02T03:18:07.687446+00:00,188,77512.0,77660.56,UP,1
2026-09-02T03:15:00+00:00,15,K9,DOWN,2026-09-02T03:15:21.049401+00:00,22,77512.0,77660.56,UP,0
2026-09-02T03:15:00+00:00,15,K4,DOWN,2026-09-02T03:15:21.049401+00:00,22,77512.0,77660.56,UP,0
2026-09-02T03:15:00+00:00,15,K15,DOWN,2026-09-02T03:16:23.722769+00:00,84,77512.0,77660.56,UP,0
2026-09-02T03:15:00+00:00,15,K5,DOWN,2026-09-02T03:15:21.049401+00:00,22,77512.0,77660.56,UP,0
2026-09-02T03:20:00+00:00,5,K2,DOWN,2026-09-02T03:20:21.077370+00:00,22,77564.01,77544.72,DOWN,1
2026-09-02T03:20:00+00:00,5,?,UP,2026-09-02T03:20:13.917119+00:00,14,77564.01,77544.72,DOWN,0
2026-09-02T03:20:00+00:00,5,K15,DOWN,2026-09-02T03:20:21.077370+00:00,22,77564.01,77544.72,DOWN,1
2026-09-02T03:20:00+00:00,5,K8,DOWN,2026-09-02T03:20:21.077370+00:00,22,77564.01,77544.72,DOWN,1
2026-09-02T03:20:00+00:00,5,K5,DOWN,2026-09-02T03:20:21.077370+00:00,22,77564.01,77544.72,DOWN,1
2026-09-02T03:25:00+00:00,5,?,DOWN,2026-09-02T03:25:34.799845+00:00,35,77544.72,77660.56,UP,0
2026-09-02T03:25:00+00:00,5,K10,UP,2026-09-02T03:26:02.304033+00:00,63,77544.72,77660.56,UP,1
2026-09-02T03:25:00+00:00,5,K11,UP,2026-09-02T03:26:44.665249+00:00,105,77544.72,77660.56,UP,1
2026-09-02T03:25:00+00:00,5,K15,DOWN,2026-09-02T03:25:21.048465+00:00,22,77544.72,77660.56,UP,0
2026-09-02T03:25:00+00:00,5,K5,DOWN,2026-09-02T03:25:21.048465+00:00,22,77544.72,77660.56,UP,0
2026-09-02T03:30:00+00:00,5,K2,DOWN,2026-09-02T03:30:21.056660+00:00,22,77660.56,77533.44,DOWN,1
2026-09-02T03:30:00+00:00,5,K1,DOWN,2026-09-02T03:30:21.056660+00:00,22,77660.56,77533.44,DOWN,1
2026-09-02T03:30:00+00:00,5,K10,DOWN,2026-09-02T03:31:02.893054+00:00,63,77660.56,77533.44,DOWN,1
2026-09-02T03:30:00+00:00,5,K11,DOWN,2026-09-02T03:31:45.706373+00:00,106,77660.56,77533.44,DOWN,1
2026-09-02T03:30:00+00:00,5,K9,DOWN,2026-09-02T03:30:21.056660+00:00,22,77660.56,77533.44,DOWN,1
2026-09-02T03:30:00+00:00,5,K4,DOWN,2026-09-02T03:30:21.056660+00:00,22,77660.56,77533.44,DOWN,1
2026-09-02T03:30:00+00:00,5,K15,DOWN,2026-09-02T03:31:24.173715+00:00,85,77660.56,77533.44,DOWN,1
2026-09-02T03:30:00+00:00,5,K5,DOWN,2026-09-02T03:30:21.056660+00:00,22,77660.56,77533.44,DOWN,1
2026-09-02T03:30:00+00:00,5,K12,DOWN,2026-09-02T03:30:21.056660+00:00,22,77660.56,77533.44,DOWN,1
2026-09-02T03:30:00+00:00,15,K2,DOWN,2026-09-02T03:30:21.056660+00:00,22,77660.56,77552.0,DOWN,1
2026-09-02T03:30:00+00:00,15,K7,DOWN,2026-09-02T03:30:21.056660+00:00,22,77660.56,77552.0,DOWN,1
2026-09-02T03:30:00+00:00,15,K1,DOWN,2026-09-02T03:30:21.056660+00:00,22,77660.56,77552.0,DOWN,1
2026-09-02T03:30:00+00:00,15,?,DOWN,2026-09-02T03:44:31.355748+00:00,872,77660.56,77552.0,DOWN,1
2026-09-02T03:30:00+00:00,15,K10,DOWN,2026-09-02T03:33:07.416459+00:00,188,77660.56,77552.0,DOWN,1
2026-09-02T03:30:00+00:00,15,K11,DOWN,2026-09-02T03:35:01.007596+00:00,302,77660.56,77552.0,DOWN,1
2026-09-02T03:30:00+00:00,15,K9,DOWN,2026-09-02T03:30:21.056660+00:00,22,77660.56,77552.0,DOWN,1
2026-09-02T03:30:00+00:00,15,K4,DOWN,2026-09-02T03:30:21.056660+00:00,22,77660.56,77552.0,DOWN,1
2026-09-02T03:30:00+00:00,15,K3,DOWN,2026-09-02T03:30:21.056660+00:00,22,77660.56,77552.0,DOWN,1
2026-09-02T03:30:00+00:00,15,K15,DOWN,2026-09-02T03:31:24.173715+00:00,85,77660.56,77552.0,DOWN,1
2026-09-02T03:30:00+00:00,15,K5,DOWN,2026-09-02T03:30:21.056660+00:00,22,77660.56,77552.0,DOWN,1
2026-09-02T03:35:00+00:00,5,K14,DOWN,2026-09-02T03:35:21.549907+00:00,22,77533.44,77652.0,UP,0
2026-09-02T03:35:00+00:00,5,K9,UP,2026-09-02T03:35:21.549907+00:00,22,77533.44,77652.0,UP,1
2026-09-02T03:35:00+00:00,5,K4,UP,2026-09-02T03:35:21.549907+00:00,22,77533.44,77652.0,UP,1
2026-09-02T03:35:00+00:00,5,K15,UP,2026-09-02T03:35:21.549907+00:00,22,77533.44,77652.0,UP,1
2026-09-02T03:40:00+00:00,5,K2,DOWN,2026-09-02T03:40:21.048810+00:00,22,77652.0,77552.0,DOWN,1
2026-09-02T03:40:00+00:00,5,K14,DOWN,2026-09-02T03:40:21.048810+00:00,22,77652.0,77552.0,DOWN,1
2026-09-02T03:40:00+00:00,5,?,DOWN,2026-09-02T03:44:31.355748+00:00,272,77652.0,77552.0,DOWN,1
2026-09-02T03:40:00+00:00,5,K9,DOWN,2026-09-02T03:40:21.048810+00:00,22,77652.0,77552.0,DOWN,1
2026-09-02T03:40:00+00:00,5,K4,DOWN,2026-09-02T03:40:21.048810+00:00,22,77652.0,77552.0,DOWN,1
2026-09-02T03:40:00+00:00,5,K15,DOWN,2026-09-02T03:40:21.048810+00:00,22,77652.0,77552.0,DOWN,1
2026-09-02T03:40:00+00:00,5,K5,DOWN,2026-09-02T03:40:21.048810+00:00,22,77652.0,77552.0,DOWN,1
2026-09-02T03:45:00+00:00,5,?,UP,2026-09-02T03:45:31.499441+00:00,32,77552.0,77640.0,UP,1
2026-09-02T03:45:00+00:00,5,K10,UP,2026-09-02T03:46:02.253440+00:00,63,77552.0,77640.0,UP,1
2026-09-02T03:45:00+00:00,5,K11,UP,2026-09-02T03:46:44.236094+00:00,105,77552.0,77640.0,UP,1
2026-09-02T03:45:00+00:00,5,K9,UP,2026-09-02T03:45:21.052382+00:00,22,77552.0,77640.0,UP,1
2026-09-02T03:45:00+00:00,5,K4,UP,2026-09-02T03:45:21.052382+00:00,22,77552.0,77640.0,UP,1
2026-09-02T03:45:00+00:00,15,?,UP,2026-09-02T03:45:31.499441+00:00,32,77552.0,77563.5,UP,1
2026-09-02T03:45:00+00:00,15,K11,UP,2026-09-02T03:50:01.005455+00:00,302,77552.0,77563.5,UP,1
2026-09-02T03:50:00+00:00,5,?,DOWN,2026-09-02T03:50:13.553026+00:00,14,77640.0,77591.82,DOWN,1
2026-09-02T03:50:00+00:00,5,K11,DOWN,2026-09-02T03:52:05.226951+00:00,126,77640.0,77591.82,DOWN,1
2026-09-02T03:50:00+00:00,5,K9,DOWN,2026-09-02T03:50:21.609717+00:00,22,77640.0,77591.82,DOWN,1
2026-09-02T03:50:00+00:00,5,K4,DOWN,2026-09-02T03:50:21.609717+00:00,22,77640.0,77591.82,DOWN,1
2026-09-02T03:55:00+00:00,5,K11,DOWN,2026-09-02T03:57:01.852914+00:00,122,77591.82,77563.5,DOWN,1
2026-09-02T04:00:00+00:00,5,K10,DOWN,2026-09-02T04:01:01.265500+00:00,62,77563.5,77513.58,DOWN,1
2026-09-02T04:00:00+00:00,15,?,UP,2026-09-02T04:07:56.942767+00:00,477,77563.5,77376.39,DOWN,0
2026-09-02T04:05:00+00:00,5,?,UP,2026-09-02T04:07:56.942767+00:00,177,77513.58,77381.65,DOWN,0
2026-09-02T04:05:00+00:00,5,K10,DOWN,2026-09-02T04:06:01.327069+00:00,62,77513.58,77381.65,DOWN,1
2026-09-02T04:10:00+00:00,5,?,DOWN,2026-09-02T04:13:59.493023+00:00,240,77381.66,77376.39,DOWN,1
2026-09-02T04:10:00+00:00,5,K9,UP,2026-09-02T04:10:21.047110+00:00,22,77381.66,77376.39,DOWN,0
2026-09-02T04:10:00+00:00,5,K4,UP,2026-09-02T04:10:21.047110+00:00,22,77381.66,77376.39,DOWN,0
2026-09-02T04:15:00+00:00,5,K11,DOWN,2026-09-02T04:17:04.088422+00:00,125,77376.38,77404.05,UP,0
2026-09-02T04:15:00+00:00,15,?,UP,2026-09-02T04:22:57.895312+00:00,478,77376.38,77431.27,UP,1
2026-09-02T04:15:00+00:00,15,K9,UP,2026-09-02T04:15:21.047355+00:00,22,77376.38,77431.27,UP,1
2026-09-02T04:15:00+00:00,15,K4,UP,2026-09-02T04:15:21.047355+00:00,22,77376.38,77431.27,UP,1
2026-09-02T04:20:00+00:00,5,?,UP,2026-09-02T04:22:57.895312+00:00,178,77404.06,77424.83,UP,1
2026-09-02T04:30:00+00:00,15,?,DOWN,2026-09-02T04:44:15.536041+00:00,856,77431.27,77589.32,UP,0
2026-09-02T04:40:00+00:00,5,K14,DOWN,2026-09-02T04:40:21.045317+00:00,22,77540.0,77589.32,UP,0
2026-09-02T04:40:00+00:00,5,?,DOWN,2026-09-02T04:44:15.536041+00:00,256,77540.0,77589.32,UP,0
2026-09-02T04:45:00+00:00,5,K14,DOWN,2026-09-02T04:45:01.005631+00:00,2,77589.31,77584.62,DOWN,1
2026-09-02T04:45:00+00:00,5,?,DOWN,2026-09-02T04:45:15.888937+00:00,16,77589.31,77584.62,DOWN,1
2026-09-02T04:45:00+00:00,15,K14,DOWN,2026-09-02T04:45:01.005631+00:00,2,77589.31,77561.82,DOWN,1
2026-09-02T04:45:00+00:00,15,?,DOWN,2026-09-02T04:45:15.888937+00:00,16,77589.31,77561.82,DOWN,1
2026-09-02T04:45:00+00:00,15,K9,DOWN,2026-09-02T04:45:01.005631+00:00,2,77589.31,77561.82,DOWN,1
2026-09-02T04:45:00+00:00,15,K4,DOWN,2026-09-02T04:45:01.005631+00:00,2,77589.31,77561.82,DOWN,1
2026-09-02T04:45:00+00:00,15,K5,DOWN,2026-09-02T04:45:01.005631+00:00,2,77589.31,77561.82,DOWN,1
2026-09-02T04:50:00+00:00,5,K14,DOWN,2026-09-02T04:50:21.081684+00:00,22,77584.63,77550.0,DOWN,1
2026-09-02T04:55:00+00:00,5,K14,DOWN,2026-09-02T04:55:21.046414+00:00,22,77550.0,77561.82,UP,0
2026-09-02T05:00:00+00:00,5,?,UP,2026-09-02T05:02:22.337182+00:00,143,77561.82,77486.01,DOWN,0
2026-09-02T05:00:00+00:00,5,K11,DOWN,2026-09-02T05:02:01.780677+00:00,122,77561.82,77486.01,DOWN,1
2026-09-02T05:00:00+00:00,15,?,UP,2026-09-02T05:02:22.337182+00:00,143,77561.82,77600.02,UP,1
2026-09-02T05:00:00+00:00,15,K10,DOWN,2026-09-02T05:03:03.253673+00:00,184,77561.82,77600.02,UP,0
2026-09-02T05:05:00+00:00,5,?,UP,2026-09-02T05:05:39.220684+00:00,40,77486.01,77479.98,DOWN,0
2026-09-02T05:10:00+00:00,5,?,DOWN,2026-09-02T05:11:32.661668+00:00,93,77479.97,77600.02,UP,0
2026-09-02T05:10:00+00:00,5,K11,UP,2026-09-02T05:12:01.772686+00:00,122,77479.97,77600.02,UP,1
2026-09-02T05:15:00+00:00,5,?,DOWN,2026-09-02T05:16:14.601771+00:00,75,77600.02,77656.0,UP,0
2026-09-02T05:15:00+00:00,5,K10,UP,2026-09-02T05:16:02.756884+00:00,63,77600.02,77656.0,UP,1
2026-09-02T05:15:00+00:00,5,K11,UP,2026-09-02T05:16:45.155118+00:00,106,77600.02,77656.0,UP,1
2026-09-02T05:15:00+00:00,5,K9,DOWN,2026-09-02T05:15:21.048704+00:00,22,77600.02,77656.0,UP,0
2026-09-02T05:15:00+00:00,5,K4,DOWN,2026-09-02T05:15:21.048704+00:00,22,77600.02,77656.0,UP,0
2026-09-02T05:15:00+00:00,5,K5,DOWN,2026-09-02T05:15:21.048704+00:00,22,77600.02,77656.0,UP,0
2026-09-02T05:15:00+00:00,15,?,DOWN,2026-09-02T05:16:14.601771+00:00,75,77600.02,77744.78,UP,0
2026-09-02T05:15:00+00:00,15,K10,UP,2026-09-02T05:18:06.788874+00:00,187,77600.02,77744.78,UP,1
2026-09-02T05:15:00+00:00,15,K5,DOWN,2026-09-02T05:15:21.048704+00:00,22,77600.02,77744.78,UP,0
2026-09-02T05:20:00+00:00,5,K2,DOWN,2026-09-02T05:20:21.076522+00:00,22,77656.0,77754.49,UP,0
2026-09-02T05:20:00+00:00,5,K5,DOWN,2026-09-02T05:20:21.076522+00:00,22,77656.0,77754.49,UP,0
2026-09-02T05:25:00+00:00,5,K2,DOWN,2026-09-02T05:25:21.047296+00:00,22,77754.5,77744.78,DOWN,1
2026-09-02T05:25:00+00:00,5,K7,DOWN,2026-09-02T05:25:21.047296+00:00,22,77754.5,77744.78,DOWN,1
2026-09-02T05:25:00+00:00,5,K1,DOWN,2026-09-02T05:25:21.047296+00:00,22,77754.5,77744.78,DOWN,1
2026-09-02T05:25:00+00:00,5,K10,DOWN,2026-09-02T05:26:02.267983+00:00,63,77754.5,77744.78,DOWN,1
2026-09-02T05:25:00+00:00,5,K11,DOWN,2026-09-02T05:26:44.605359+00:00,105,77754.5,77744.78,DOWN,1
2026-09-02T05:25:00+00:00,5,K9,DOWN,2026-09-02T05:25:21.047296+00:00,22,77754.5,77744.78,DOWN,1
2026-09-02T05:25:00+00:00,5,K4,DOWN,2026-09-02T05:25:21.047296+00:00,22,77754.5,77744.78,DOWN,1
2026-09-02T05:25:00+00:00,5,K3,DOWN,2026-09-02T05:25:21.047296+00:00,22,77754.5,77744.78,DOWN,1
2026-09-02T05:25:00+00:00,5,K8,DOWN,2026-09-02T05:25:21.047296+00:00,22,77754.5,77744.78,DOWN,1
2026-09-02T05:25:00+00:00,5,K5,DOWN,2026-09-02T05:25:21.047296+00:00,22,77754.5,77744.78,DOWN,1
2026-09-02T05:30:00+00:00,5,K2,DOWN,2026-09-02T05:30:21.057192+00:00,22,77744.78,77676.01,DOWN,1
2026-09-02T05:30:00+00:00,5,K10,DOWN,2026-09-02T05:31:03.461312+00:00,64,77744.78,77676.01,DOWN,1
2026-09-02T05:30:00+00:00,5,K8,DOWN,2026-09-02T05:30:21.057192+00:00,22,77744.78,77676.01,DOWN,1
2026-09-02T05:30:00+00:00,5,K5,DOWN,2026-09-02T05:30:21.057192+00:00,22,77744.78,77676.01,DOWN,1
2026-09-02T05:30:00+00:00,15,K2,DOWN,2026-09-02T05:30:21.057192+00:00,22,77744.78,77704.68,DOWN,1
2026-09-02T05:30:00+00:00,15,?,UP,2026-09-02T05:41:16.310257+00:00,677,77744.78,77704.68,DOWN,0
2026-09-02T05:30:00+00:00,15,K9,DOWN,2026-09-02T05:30:21.057192+00:00,22,77744.78,77704.68,DOWN,1
2026-09-02T05:30:00+00:00,15,K4,DOWN,2026-09-02T05:30:21.057192+00:00,22,77744.78,77704.68,DOWN,1
2026-09-02T05:30:00+00:00,15,K8,DOWN,2026-09-02T05:30:21.057192+00:00,22,77744.78,77704.68,DOWN,1
2026-09-02T05:30:00+00:00,15,K5,DOWN,2026-09-02T05:30:21.057192+00:00,22,77744.78,77704.68,DOWN,1
2026-09-02T05:35:00+00:00,5,K5,DOWN,2026-09-02T05:35:21.075364+00:00,22,77676.0,77684.76,UP,0
2026-09-02T05:40:00+00:00,5,?,UP,2026-09-02T05:41:16.310257+00:00,77,77684.76,77704.68,UP,1
2026-09-02T05:40:00+00:00,5,K5,DOWN,2026-09-02T05:40:21.046204+00:00,22,77684.76,77704.68,UP,0
2026-09-02T05:45:00+00:00,5,K5,DOWN,2026-09-02T05:45:21.103380+00:00,22,77704.68,77756.51,UP,0
2026-09-02T05:45:00+00:00,15,?,UP,2026-09-02T05:55:36.549887+00:00,637,77704.68,77651.07,DOWN,0
2026-09-02T05:45:00+00:00,15,K8,DOWN,2026-09-02T05:45:21.103380+00:00,22,77704.68,77651.07,DOWN,1
2026-09-02T05:45:00+00:00,15,K5,DOWN,2026-09-02T05:45:21.103380+00:00,22,77704.68,77651.07,DOWN,1
2026-09-02T05:50:00+00:00,5,K2,DOWN,2026-09-02T05:50:21.080736+00:00,22,77756.51,77720.0,DOWN,1
2026-09-02T05:50:00+00:00,5,K10,DOWN,2026-09-02T05:51:02.066382+00:00,63,77756.51,77720.0,DOWN,1
2026-09-02T05:50:00+00:00,5,K8,DOWN,2026-09-02T05:50:21.080736+00:00,22,77756.51,77720.0,DOWN,1
2026-09-02T05:50:00+00:00,5,K5,DOWN,2026-09-02T05:50:21.080736+00:00,22,77756.51,77720.0,DOWN,1
2026-09-02T05:55:00+00:00,5,?,UP,2026-09-02T05:55:36.549887+00:00,37,77720.0,77651.07,DOWN,0
2026-09-02T05:55:00+00:00,5,K10,DOWN,2026-09-02T05:56:02.418565+00:00,63,77720.0,77651.07,DOWN,1
2026-09-02T05:55:00+00:00,5,K11,DOWN,2026-09-02T05:56:44.013174+00:00,105,77720.0,77651.07,DOWN,1
2026-09-02T05:55:00+00:00,5,K8,DOWN,2026-09-02T05:55:21.048030+00:00,22,77720.0,77651.07,DOWN,1
2026-09-02T05:55:00+00:00,5,K5,DOWN,2026-09-02T05:55:21.048030+00:00,22,77720.0,77651.07,DOWN,1
2026-09-02T06:00:00+00:00,15,?,DOWN,2026-09-02T06:13:31.009213+00:00,812,77651.08,77581.73,DOWN,1
2026-09-02T06:00:00+00:00,15,K5,DOWN,2026-09-02T06:00:21.063878+00:00,22,77651.08,77581.73,DOWN,1
2026-09-02T06:05:00+00:00,5,K15,UP,2026-09-02T06:05:21.090061+00:00,22,77690.01,77694.51,UP,1
2026-09-02T06:05:00+00:00,5,K5,DOWN,2026-09-02T06:05:21.090061+00:00,22,77690.01,77694.51,UP,0
2026-09-02T06:10:00+00:00,5,?,DOWN,2026-09-02T06:13:31.009213+00:00,212,77694.51,77581.73,DOWN,1
2026-09-02T06:10:00+00:00,5,K15,UP,2026-09-02T06:10:21.047522+00:00,22,77694.51,77581.73,DOWN,0
2026-09-02T06:15:00+00:00,5,K10,UP,2026-09-02T06:16:02.873192+00:00,63,77581.73,77592.04,UP,1
2026-09-02T06:15:00+00:00,5,K11,UP,2026-09-02T06:16:45.032727+00:00,106,77581.73,77592.04,UP,1
2026-09-02T06:15:00+00:00,5,K9,UP,2026-09-02T06:15:21.047400+00:00,22,77581.73,77592.04,UP,1
2026-09-02T06:15:00+00:00,5,K4,UP,2026-09-02T06:15:21.047400+00:00,22,77581.73,77592.04,UP,1
2026-09-02T06:15:00+00:00,15,?,UP,2026-09-02T06:27:51.311847+00:00,772,77581.73,77545.93,DOWN,0
2026-09-02T06:15:00+00:00,15,K5,DOWN,2026-09-02T06:15:21.047400+00:00,22,77581.73,77545.93,DOWN,1
2026-09-02T06:25:00+00:00,5,?,UP,2026-09-02T06:27:51.311847+00:00,172,77591.85,77545.93,DOWN,0
2026-09-02T06:25:00+00:00,5,K10,UP,2026-09-02T06:26:01.247235+00:00,62,77591.85,77545.93,DOWN,0
2026-09-02T06:30:00+00:00,5,?,UP,2026-09-02T06:33:40.676732+00:00,221,77545.94,77521.46,DOWN,0
2026-09-02T06:30:00+00:00,5,K15,UP,2026-09-02T06:30:21.056681+00:00,22,77545.94,77521.46,DOWN,0
2026-09-02T06:30:00+00:00,15,?,UP,2026-09-02T06:33:40.676732+00:00,221,77545.94,77614.0,UP,1
2026-09-02T06:30:00+00:00,15,K15,UP,2026-09-02T06:30:21.056681+00:00,22,77545.94,77614.0,UP,1
2026-09-02T06:35:00+00:00,5,?,DOWN,2026-09-02T06:35:42.392151+00:00,43,77521.47,77538.94,UP,0
2026-09-02T06:40:00+00:00,5,?,DOWN,2026-09-02T06:40:46.549520+00:00,47,77538.94,77614.0,UP,0
2026-09-02T06:40:00+00:00,5,K10,UP,2026-09-02T06:41:01.250030+00:00,62,77538.94,77614.0,UP,1
2026-09-02T06:40:00+00:00,5,K11,UP,2026-09-02T06:41:42.417404+00:00,103,77538.94,77614.0,UP,1
2026-09-02T06:45:00+00:00,15,K5,DOWN,2026-09-02T06:45:21.048253+00:00,22,77614.01,77611.54,DOWN,1
2026-09-02T06:55:00+00:00,5,K2,UP,2026-09-02T06:55:21.045254+00:00,22,77523.41,77611.54,UP,1
2026-09-02T07:00:00+00:00,5,K9,DOWN,2026-09-02T07:00:21.054929+00:00,22,77611.53,77621.18,UP,0
2026-09-02T07:00:00+00:00,5,K4,DOWN,2026-09-02T07:00:21.054929+00:00,22,77611.53,77621.18,UP,0
2026-09-02T07:00:00+00:00,15,?,UP,2026-09-02T07:14:10.128252+00:00,851,77611.53,77671.0,UP,1
2026-09-02T07:10:00+00:00,5,?,UP,2026-09-02T07:14:10.128252+00:00,251,77646.0,77671.0,UP,1
2026-09-02T07:10:00+00:00,5,K11,UP,2026-09-02T07:11:41.594729+00:00,102,77646.0,77671.0,UP,1
2026-09-02T07:15:00+00:00,15,K5,DOWN,2026-09-02T07:15:21.048800+00:00,22,77670.99,77598.0,DOWN,1
2026-09-02T07:20:00+00:00,5,K11,UP,2026-09-02T07:22:01.862350+00:00,122,77630.88,77634.0,UP,1
2026-09-02T07:25:00+00:00,5,K10,DOWN,2026-09-02T07:26:01.276885+00:00,62,77634.01,77598.0,DOWN,1
2026-09-02T07:30:00+00:00,5,K14,UP,2026-09-02T07:30:21.053388+00:00,22,77598.01,77582.4,DOWN,0
2026-09-02T07:30:00+00:00,5,?,UP,2026-09-02T07:33:31.391120+00:00,212,77598.01,77582.4,DOWN,0
2026-09-02T07:30:00+00:00,5,K15,UP,2026-09-02T07:30:21.053388+00:00,22,77598.01,77582.4,DOWN,0
2026-09-02T07:30:00+00:00,15,K14,UP,2026-09-02T07:30:21.053388+00:00,22,77598.01,77560.01,DOWN,0
2026-09-02T07:30:00+00:00,15,?,UP,2026-09-02T07:33:31.391120+00:00,212,77598.01,77560.01,DOWN,0
2026-09-02T07:30:00+00:00,15,K15,UP,2026-09-02T07:30:21.053388+00:00,22,77598.01,77560.01,DOWN,0
2026-09-02T07:35:00+00:00,5,?,DOWN,2026-09-02T07:36:01.212296+00:00,62,77582.4,77600.93,UP,0
2026-09-02T07:35:00+00:00,5,K15,UP,2026-09-02T07:35:21.075647+00:00,22,77582.4,77600.93,UP,1
2026-09-02T07:55:00+00:00,5,K2,UP,2026-09-02T07:55:21.045141+00:00,22,77511.97,77473.85,DOWN,0
2026-09-02T07:55:00+00:00,5,K5,UP,2026-09-02T07:55:21.045141+00:00,22,77511.97,77473.85,DOWN,0
2026-09-02T08:00:00+00:00,5,K2,UP,2026-09-02T08:00:01.005552+00:00,2,77473.86,77488.0,UP,1
2026-09-02T08:00:00+00:00,5,K7,UP,2026-09-02T08:00:01.005552+00:00,2,77473.86,77488.0,UP,1
2026-09-02T08:00:00+00:00,5,K4,UP,2026-09-02T08:00:01.005552+00:00,2,77473.86,77488.0,UP,1
2026-09-02T08:00:00+00:00,5,K8,UP,2026-09-02T08:00:01.005552+00:00,2,77473.86,77488.0,UP,1
2026-09-02T08:00:00+00:00,5,K5,UP,2026-09-02T08:00:01.005552+00:00,2,77473.86,77488.0,UP,1
2026-09-02T08:00:00+00:00,15,?,UP,2026-09-02T08:09:39.359519+00:00,580,77473.86,77417.57,DOWN,0
2026-09-02T08:00:00+00:00,15,K10,DOWN,2026-09-02T08:03:04.331045+00:00,185,77473.86,77417.57,DOWN,1
2026-09-02T08:05:00+00:00,5,K2,UP,2026-09-02T08:05:01.005790+00:00,2,77488.0,77515.99,UP,1
2026-09-02T08:05:00+00:00,5,?,UP,2026-09-02T08:09:39.359519+00:00,280,77488.0,77515.99,UP,1
2026-09-02T08:10:00+00:00,5,K11,DOWN,2026-09-02T08:11:41.625901+00:00,102,77515.99,77417.57,DOWN,1
2026-09-02T08:15:00+00:00,5,K2,UP,2026-09-02T08:15:21.047736+00:00,22,77417.58,77366.0,DOWN,0
2026-09-02T08:15:00+00:00,5,K7,UP,2026-09-02T08:15:21.047736+00:00,22,77417.58,77366.0,DOWN,0
2026-09-02T08:15:00+00:00,5,K14,UP,2026-09-02T08:15:21.047736+00:00,22,77417.58,77366.0,DOWN,0
2026-09-02T08:15:00+00:00,5,K1,UP,2026-09-02T08:15:21.047736+00:00,22,77417.58,77366.0,DOWN,0
2026-09-02T08:15:00+00:00,5,?,UP,2026-09-02T08:15:23.314892+00:00,24,77417.58,77366.0,DOWN,0
2026-09-02T08:15:00+00:00,5,K10,UP,2026-09-02T08:16:02.579731+00:00,63,77417.58,77366.0,DOWN,0
2026-09-02T08:15:00+00:00,5,K11,UP,2026-09-02T08:17:05.456939+00:00,126,77417.58,77366.0,DOWN,0
2026-09-02T08:15:00+00:00,5,K9,UP,2026-09-02T08:15:21.047736+00:00,22,77417.58,77366.0,DOWN,0
2026-09-02T08:15:00+00:00,5,K4,UP,2026-09-02T08:15:21.047736+00:00,22,77417.58,77366.0,DOWN,0
2026-09-02T08:15:00+00:00,5,K3,UP,2026-09-02T08:15:21.047736+00:00,22,77417.58,77366.0,DOWN,0
2026-09-02T08:15:00+00:00,5,K8,UP,2026-09-02T08:15:21.047736+00:00,22,77417.58,77366.0,DOWN,0
2026-09-02T08:15:00+00:00,5,K5,UP,2026-09-02T08:15:21.047736+00:00,22,77417.58,77366.0,DOWN,0
2026-09-02T08:15:00+00:00,15,K2,UP,2026-09-02T08:15:21.047736+00:00,22,77417.58,77248.01,DOWN,0
2026-09-02T08:15:00+00:00,15,K14,UP,2026-09-02T08:15:21.047736+00:00,22,77417.58,77248.01,DOWN,0
2026-09-02T08:15:00+00:00,15,?,UP,2026-09-02T08:15:23.314892+00:00,24,77417.58,77248.01,DOWN,0
2026-09-02T08:20:00+00:00,5,K2,UP,2026-09-02T08:20:21.120980+00:00,22,77366.01,77314.96,DOWN,0
2026-09-02T08:20:00+00:00,5,K7,UP,2026-09-02T08:20:21.120980+00:00,22,77366.01,77314.96,DOWN,0
2026-09-02T08:20:00+00:00,5,K14,UP,2026-09-02T08:20:21.120980+00:00,22,77366.01,77314.96,DOWN,0
2026-09-02T08:20:00+00:00,5,K4,UP,2026-09-02T08:20:21.120980+00:00,22,77366.01,77314.96,DOWN,0
2026-09-02T08:20:00+00:00,5,K8,UP,2026-09-02T08:20:21.120980+00:00,22,77366.01,77314.96,DOWN,0
2026-09-02T08:20:00+00:00,5,K5,UP,2026-09-02T08:20:21.120980+00:00,22,77366.01,77314.96,DOWN,0
2026-09-02T08:25:00+00:00,5,K2,UP,2026-09-02T08:25:21.048890+00:00,22,77314.95,77248.01,DOWN,0
2026-09-02T08:25:00+00:00,5,K7,UP,2026-09-02T08:25:21.048890+00:00,22,77314.95,77248.01,DOWN,0
2026-09-02T08:25:00+00:00,5,K14,UP,2026-09-02T08:25:21.048890+00:00,22,77314.95,77248.01,DOWN,0
2026-09-02T08:25:00+00:00,5,K1,UP,2026-09-02T08:25:21.048890+00:00,22,77314.95,77248.01,DOWN,0
2026-09-02T08:25:00+00:00,5,?,DOWN,2026-09-02T08:28:26.415242+00:00,207,77314.95,77248.01,DOWN,1
2026-09-02T08:25:00+00:00,5,K4,UP,2026-09-02T08:25:21.048890+00:00,22,77314.95,77248.01,DOWN,0
2026-09-02T08:25:00+00:00,5,K8,UP,2026-09-02T08:25:21.048890+00:00,22,77314.95,77248.01,DOWN,0
2026-09-02T08:25:00+00:00,5,K5,UP,2026-09-02T08:25:21.048890+00:00,22,77314.95,77248.01,DOWN,0
2026-09-02T08:25:00+00:00,5,K12,UP,2026-09-02T08:25:21.048890+00:00,22,77314.95,77248.01,DOWN,0
2026-09-02T08:30:00+00:00,5,K2,UP,2026-09-02T08:30:21.058455+00:00,22,77248.02,77130.68,DOWN,0
2026-09-02T08:30:00+00:00,5,K7,UP,2026-09-02T08:30:21.058455+00:00,22,77248.02,77130.68,DOWN,0
2026-09-02T08:30:00+00:00,5,K1,UP,2026-09-02T08:30:21.058455+00:00,22,77248.02,77130.68,DOWN,0
2026-09-02T08:30:00+00:00,5,?,UP,2026-09-02T08:30:36.937286+00:00,37,77248.02,77130.68,DOWN,0
2026-09-02T08:30:00+00:00,5,K10,DOWN,2026-09-02T08:31:02.590127+00:00,63,77248.02,77130.68,DOWN,1
2026-09-02T08:30:00+00:00,5,K11,DOWN,2026-09-02T08:31:46.180974+00:00,107,77248.02,77130.68,DOWN,1
2026-09-02T08:30:00+00:00,5,K4,UP,2026-09-02T08:30:21.058455+00:00,22,77248.02,77130.68,DOWN,0
2026-09-02T08:30:00+00:00,5,K8,UP,2026-09-02T08:30:21.058455+00:00,22,77248.02,77130.68,DOWN,0
2026-09-02T08:30:00+00:00,5,K5,UP,2026-09-02T08:30:21.058455+00:00,22,77248.02,77130.68,DOWN,0
2026-09-02T08:30:00+00:00,5,K12,UP,2026-09-02T08:30:21.058455+00:00,22,77248.02,77130.68,DOWN,0
2026-09-02T08:30:00+00:00,15,K2,UP,2026-09-02T08:30:21.058455+00:00,22,77248.02,76970.87,DOWN,0
2026-09-02T08:30:00+00:00,15,K7,UP,2026-09-02T08:30:21.058455+00:00,22,77248.02,76970.87,DOWN,0
2026-09-02T08:30:00+00:00,15,K1,UP,2026-09-02T08:30:21.058455+00:00,22,77248.02,76970.87,DOWN,0
2026-09-02T08:30:00+00:00,15,?,UP,2026-09-02T08:30:36.937286+00:00,37,77248.02,76970.87,DOWN,0
2026-09-02T08:30:00+00:00,15,K10,DOWN,2026-09-02T08:33:07.207599+00:00,188,77248.02,76970.87,DOWN,1
2026-09-02T08:30:00+00:00,15,K11,DOWN,2026-09-02T08:35:01.007734+00:00,302,77248.02,76970.87,DOWN,1
2026-09-02T08:30:00+00:00,15,K9,UP,2026-09-02T08:30:21.058455+00:00,22,77248.02,76970.87,DOWN,0
2026-09-02T08:30:00+00:00,15,K4,UP,2026-09-02T08:30:21.058455+00:00,22,77248.02,76970.87,DOWN,0
2026-09-02T08:30:00+00:00,15,K3,UP,2026-09-02T08:30:21.058455+00:00,22,77248.02,76970.87,DOWN,0
2026-09-02T08:30:00+00:00,15,K8,UP,2026-09-02T08:30:21.058455+00:00,22,77248.02,76970.87,DOWN,0
2026-09-02T08:30:00+00:00,15,K5,UP,2026-09-02T08:30:21.058455+00:00,22,77248.02,76970.87,DOWN,0
2026-09-02T08:35:00+00:00,5,K2,UP,2026-09-02T08:35:21.518149+00:00,22,77130.67,77110.36,DOWN,0
2026-09-02T08:35:00+00:00,5,K7,UP,2026-09-02T08:35:21.518149+00:00,22,77130.67,77110.36,DOWN,0
2026-09-02T08:35:00+00:00,5,K14,DOWN,2026-09-02T08:35:21.518149+00:00,22,77130.67,77110.36,DOWN,1
2026-09-02T08:35:00+00:00,5,K1,UP,2026-09-02T08:35:21.518149+00:00,22,77130.67,77110.36,DOWN,0
2026-09-02T08:35:00+00:00,5,K6,UP,2026-09-02T08:35:21.518149+00:00,22,77130.67,77110.36,DOWN,0
2026-09-02T08:35:00+00:00,5,K9,UP,2026-09-02T08:35:21.518149+00:00,22,77130.67,77110.36,DOWN,0
2026-09-02T08:35:00+00:00,5,K4,UP,2026-09-02T08:35:21.518149+00:00,22,77130.67,77110.36,DOWN,0
2026-09-02T08:35:00+00:00,5,K3,UP,2026-09-02T08:35:21.518149+00:00,22,77130.67,77110.36,DOWN,0
2026-09-02T08:35:00+00:00,5,K8,UP,2026-09-02T08:35:21.518149+00:00,22,77130.67,77110.36,DOWN,0
2026-09-02T08:35:00+00:00,5,K5,UP,2026-09-02T08:35:21.518149+00:00,22,77130.67,77110.36,DOWN,0
2026-09-02T08:35:00+00:00,5,K12,UP,2026-09-02T08:35:21.518149+00:00,22,77130.67,77110.36,DOWN,0
2026-09-02T08:40:00+00:00,5,K2,UP,2026-09-02T08:40:21.051334+00:00,22,77110.37,76970.87,DOWN,0
2026-09-02T08:40:00+00:00,5,K7,UP,2026-09-02T08:40:21.051334+00:00,22,77110.37,76970.87,DOWN,0
2026-09-02T08:40:00+00:00,5,K14,DOWN,2026-09-02T08:40:21.051334+00:00,22,77110.37,76970.87,DOWN,1
2026-09-02T08:40:00+00:00,5,K1,UP,2026-09-02T08:40:21.051334+00:00,22,77110.37,76970.87,DOWN,0
2026-09-02T08:40:00+00:00,5,?,UP,2026-09-02T08:43:23.305764+00:00,204,77110.37,76970.87,DOWN,0
2026-09-02T08:40:00+00:00,5,K4,UP,2026-09-02T08:40:21.051334+00:00,22,77110.37,76970.87,DOWN,0
2026-09-02T08:40:00+00:00,5,K8,UP,2026-09-02T08:40:21.051334+00:00,22,77110.37,76970.87,DOWN,0
2026-09-02T08:40:00+00:00,5,K5,UP,2026-09-02T08:40:21.051334+00:00,22,77110.37,76970.87,DOWN,0
2026-09-02T08:40:00+00:00,5,K12,UP,2026-09-02T08:40:21.051334+00:00,22,77110.37,76970.87,DOWN,0
2026-09-02T08:45:00+00:00,5,K2,UP,2026-09-02T08:45:21.053551+00:00,22,76970.88,76856.27,DOWN,0
2026-09-02T08:45:00+00:00,5,K7,UP,2026-09-02T08:45:21.053551+00:00,22,76970.88,76856.27,DOWN,0
2026-09-02T08:45:00+00:00,5,K1,UP,2026-09-02T08:45:21.053551+00:00,22,76970.88,76856.27,DOWN,0
2026-09-02T08:45:00+00:00,5,K6,UP,2026-09-02T08:45:21.053551+00:00,22,76970.88,76856.27,DOWN,0
2026-09-02T08:45:00+00:00,5,?,DOWN,2026-09-02T08:46:40.454167+00:00,101,76970.88,76856.27,DOWN,1
2026-09-02T08:45:00+00:00,5,K11,UP,2026-09-02T08:46:44.846321+00:00,105,76970.88,76856.27,DOWN,0
2026-09-02T08:45:00+00:00,5,K9,UP,2026-09-02T08:45:21.053551+00:00,22,76970.88,76856.27,DOWN,0
2026-09-02T08:45:00+00:00,5,K4,UP,2026-09-02T08:45:21.053551+00:00,22,76970.88,76856.27,DOWN,0
2026-09-02T08:45:00+00:00,5,K3,UP,2026-09-02T08:45:21.053551+00:00,22,76970.88,76856.27,DOWN,0
2026-09-02T08:45:00+00:00,5,K8,UP,2026-09-02T08:45:21.053551+00:00,22,76970.88,76856.27,DOWN,0
2026-09-02T08:45:00+00:00,5,K5,UP,2026-09-02T08:45:21.053551+00:00,22,76970.88,76856.27,DOWN,0
2026-09-02T08:45:00+00:00,5,K12,UP,2026-09-02T08:45:21.053551+00:00,22,76970.88,76856.27,DOWN,0
2026-09-02T08:45:00+00:00,15,K2,UP,2026-09-02T08:45:21.053551+00:00,22,76970.88,76854.11,DOWN,0
2026-09-02T08:45:00+00:00,15,K7,UP,2026-09-02T08:45:21.053551+00:00,22,76970.88,76854.11,DOWN,0
2026-09-02T08:45:00+00:00,15,K1,UP,2026-09-02T08:45:21.053551+00:00,22,76970.88,76854.11,DOWN,0
2026-09-02T08:45:00+00:00,15,?,DOWN,2026-09-02T08:46:40.454167+00:00,101,76970.88,76854.11,DOWN,1
2026-09-02T08:45:00+00:00,15,K10,DOWN,2026-09-02T08:48:05.692950+00:00,186,76970.88,76854.11,DOWN,1
2026-09-02T08:45:00+00:00,15,K11,DOWN,2026-09-02T08:50:01.008943+00:00,302,76970.88,76854.11,DOWN,1
2026-09-02T08:45:00+00:00,15,K9,UP,2026-09-02T08:45:21.053551+00:00,22,76970.88,76854.11,DOWN,0
2026-09-02T08:45:00+00:00,15,K4,UP,2026-09-02T08:45:21.053551+00:00,22,76970.88,76854.11,DOWN,0
2026-09-02T08:45:00+00:00,15,K3,UP,2026-09-02T08:45:21.053551+00:00,22,76970.88,76854.11,DOWN,0
2026-09-02T08:45:00+00:00,15,K8,UP,2026-09-02T08:45:21.053551+00:00,22,76970.88,76854.11,DOWN,0
2026-09-02T08:45:00+00:00,15,K5,UP,2026-09-02T08:45:21.053551+00:00,22,76970.88,76854.11,DOWN,0
2026-09-02T08:50:00+00:00,5,K2,UP,2026-09-02T08:50:01.008943+00:00,2,76856.27,76800.51,DOWN,0
2026-09-02T08:50:00+00:00,5,K7,UP,2026-09-02T08:50:01.008943+00:00,2,76856.27,76800.51,DOWN,0
2026-09-02T08:50:00+00:00,5,K1,UP,2026-09-02T08:50:01.008943+00:00,2,76856.27,76800.51,DOWN,0
2026-09-02T08:50:00+00:00,5,K6,UP,2026-09-02T08:50:01.008943+00:00,2,76856.27,76800.51,DOWN,0
2026-09-02T08:50:00+00:00,5,?,UP,2026-09-02T08:51:56.439276+00:00,117,76856.27,76800.51,DOWN,0
2026-09-02T08:50:00+00:00,5,K11,DOWN,2026-09-02T08:51:44.545660+00:00,105,76856.27,76800.51,DOWN,1
2026-09-02T08:50:00+00:00,5,K9,UP,2026-09-02T08:50:01.008943+00:00,2,76856.27,76800.51,DOWN,0
2026-09-02T08:50:00+00:00,5,K4,UP,2026-09-02T08:50:01.008943+00:00,2,76856.27,76800.51,DOWN,0
2026-09-02T08:50:00+00:00,5,K3,UP,2026-09-02T08:50:01.008943+00:00,2,76856.27,76800.51,DOWN,0
2026-09-02T08:50:00+00:00,5,K16,UP,2026-09-02T08:51:03.460028+00:00,64,76856.27,76800.51,DOWN,0
2026-09-02T08:50:00+00:00,5,K8,UP,2026-09-02T08:50:01.008943+00:00,2,76856.27,76800.51,DOWN,0
2026-09-02T08:50:00+00:00,5,K5,UP,2026-09-02T08:50:01.008943+00:00,2,76856.27,76800.51,DOWN,0
2026-09-02T08:50:00+00:00,5,K12,UP,2026-09-02T08:50:01.008943+00:00,2,76856.27,76800.51,DOWN,0
2026-09-02T08:55:00+00:00,5,K2,UP,2026-09-02T08:55:01.009153+00:00,2,76801.24,76854.11,UP,1
2026-09-02T08:55:00+00:00,5,K7,UP,2026-09-02T08:55:01.009153+00:00,2,76801.24,76854.11,UP,1
2026-09-02T08:55:00+00:00,5,K1,UP,2026-09-02T08:55:01.009153+00:00,2,76801.24,76854.11,UP,1
2026-09-02T08:55:00+00:00,5,K10,DOWN,2026-09-02T08:56:03.195246+00:00,64,76801.24,76854.11,UP,0
2026-09-02T08:55:00+00:00,5,K11,UP,2026-09-02T08:56:45.121805+00:00,106,76801.24,76854.11,UP,1
2026-09-02T08:55:00+00:00,5,K4,UP,2026-09-02T08:55:01.009153+00:00,2,76801.24,76854.11,UP,1
2026-09-02T08:55:00+00:00,5,K16,UP,2026-09-02T08:55:01.009153+00:00,2,76801.24,76854.11,UP,1
2026-09-02T08:55:00+00:00,5,K8,UP,2026-09-02T08:55:01.009153+00:00,2,76801.24,76854.11,UP,1
2026-09-02T08:55:00+00:00,5,K5,UP,2026-09-02T08:55:01.009153+00:00,2,76801.24,76854.11,UP,1
2026-09-02T08:55:00+00:00,5,K12,UP,2026-09-02T08:55:01.009153+00:00,2,76801.24,76854.11,UP,1
2026-09-02T09:00:00+00:00,5,K2,UP,2026-09-02T09:00:21.059852+00:00,22,76854.11,76997.21,UP,1
2026-09-02T09:00:00+00:00,5,K10,UP,2026-09-02T09:01:02.999070+00:00,63,76854.11,76997.21,UP,1
2026-09-02T09:00:00+00:00,5,K11,UP,2026-09-02T09:01:45.708582+00:00,106,76854.11,76997.21,UP,1
2026-09-02T09:00:00+00:00,5,K5,UP,2026-09-02T09:00:21.059852+00:00,22,76854.11,76997.21,UP,1
2026-09-02T09:00:00+00:00,5,K12,UP,2026-09-02T09:00:21.059852+00:00,22,76854.11,76997.21,UP,1
2026-09-02T09:00:00+00:00,15,K2,UP,2026-09-02T09:00:21.059852+00:00,22,76854.11,76945.13,UP,1
2026-09-02T09:00:00+00:00,15,K7,UP,2026-09-02T09:00:21.059852+00:00,22,76854.11,76945.13,UP,1
2026-09-02T09:00:00+00:00,15,K1,UP,2026-09-02T09:00:21.059852+00:00,22,76854.11,76945.13,UP,1
2026-09-02T09:00:00+00:00,15,K10,UP,2026-09-02T09:03:06.829981+00:00,187,76854.11,76945.13,UP,1
2026-09-02T09:00:00+00:00,15,K11,UP,2026-09-02T09:05:01.005697+00:00,302,76854.11,76945.13,UP,1
2026-09-02T09:00:00+00:00,15,K4,UP,2026-09-02T09:00:21.059852+00:00,22,76854.11,76945.13,UP,1
2026-09-02T09:00:00+00:00,15,K5,UP,2026-09-02T09:00:21.059852+00:00,22,76854.11,76945.13,UP,1
2026-09-02T09:00:00+00:00,15,K12,UP,2026-09-02T09:00:21.059852+00:00,22,76854.11,76945.13,UP,1
2026-09-02T09:05:00+00:00,5,K9,DOWN,2026-09-02T09:05:21.422076+00:00,22,76997.2,77036.1,UP,0
2026-09-02T09:05:00+00:00,5,K4,DOWN,2026-09-02T09:05:21.422076+00:00,22,76997.2,77036.1,UP,0
2026-09-02T09:10:00+00:00,5,K14,DOWN,2026-09-02T09:10:21.047559+00:00,22,77036.11,76945.13,DOWN,1
2026-09-02T09:15:00+00:00,5,K14,DOWN,2026-09-02T09:15:21.050012+00:00,22,76945.13,76894.39,DOWN,1
2026-09-02T09:15:00+00:00,5,K10,DOWN,2026-09-02T09:16:04.294618+00:00,65,76945.13,76894.39,DOWN,1
2026-09-02T09:15:00+00:00,5,K11,DOWN,2026-09-02T09:17:08.364250+00:00,129,76945.13,76894.39,DOWN,1
2026-09-02T09:15:00+00:00,5,K9,UP,2026-09-02T09:15:21.050012+00:00,22,76945.13,76894.39,DOWN,0
2026-09-02T09:15:00+00:00,5,K4,UP,2026-09-02T09:15:21.050012+00:00,22,76945.13,76894.39,DOWN,0
2026-09-02T09:15:00+00:00,15,K2,UP,2026-09-02T09:15:21.050012+00:00,22,76945.13,76891.96,DOWN,0
2026-09-02T09:15:00+00:00,15,K7,UP,2026-09-02T09:15:21.050012+00:00,22,76945.13,76891.96,DOWN,0
2026-09-02T09:15:00+00:00,15,K14,DOWN,2026-09-02T09:15:21.050012+00:00,22,76945.13,76891.96,DOWN,1
2026-09-02T09:15:00+00:00,15,?,UP,2026-09-02T09:22:41.686252+00:00,462,76945.13,76891.96,DOWN,0
2026-09-02T09:15:00+00:00,15,K4,UP,2026-09-02T09:15:21.050012+00:00,22,76945.13,76891.96,DOWN,0
2026-09-02T09:15:00+00:00,15,K5,UP,2026-09-02T09:15:21.050012+00:00,22,76945.13,76891.96,DOWN,0
2026-09-02T09:20:00+00:00,5,?,UP,2026-09-02T09:22:41.686252+00:00,162,76894.4,76746.0,DOWN,0
2026-09-02T09:20:00+00:00,5,K5,UP,2026-09-02T09:20:21.077778+00:00,22,76894.4,76746.0,DOWN,0
2026-09-02T09:20:00+00:00,5,K12,UP,2026-09-02T09:20:21.077778+00:00,22,76894.4,76746.0,DOWN,0
2026-09-02T09:25:00+00:00,5,K2,UP,2026-09-02T09:25:21.048244+00:00,22,76746.0,76891.96,UP,1
2026-09-02T09:25:00+00:00,5,K1,UP,2026-09-02T09:25:21.048244+00:00,22,76746.0,76891.96,UP,1
2026-09-02T09:25:00+00:00,5,K10,UP,2026-09-02T09:26:01.974725+00:00,62,76746.0,76891.96,UP,1
2026-09-02T09:25:00+00:00,5,K11,UP,2026-09-02T09:26:43.751987+00:00,104,76746.0,76891.96,UP,1
2026-09-02T09:25:00+00:00,5,K9,UP,2026-09-02T09:25:21.048244+00:00,22,76746.0,76891.96,UP,1
2026-09-02T09:25:00+00:00,5,K4,UP,2026-09-02T09:25:21.048244+00:00,22,76746.0,76891.96,UP,1
2026-09-02T09:25:00+00:00,5,K5,UP,2026-09-02T09:25:21.048244+00:00,22,76746.0,76891.96,UP,1
2026-09-02T09:25:00+00:00,5,K12,UP,2026-09-02T09:25:21.048244+00:00,22,76746.0,76891.96,UP,1
2026-09-02T09:30:00+00:00,5,?,UP,2026-09-02T09:30:25.883755+00:00,26,76891.96,76715.05,DOWN,0
2026-09-02T09:30:00+00:00,5,K10,DOWN,2026-09-02T09:31:02.709813+00:00,63,76891.96,76715.05,DOWN,1
2026-09-02T09:30:00+00:00,5,K11,DOWN,2026-09-02T09:31:45.279189+00:00,106,76891.96,76715.05,DOWN,1
2026-09-02T09:30:00+00:00,5,K9,DOWN,2026-09-02T09:30:21.058943+00:00,22,76891.96,76715.05,DOWN,1
2026-09-02T09:30:00+00:00,5,K4,DOWN,2026-09-02T09:30:21.058943+00:00,22,76891.96,76715.05,DOWN,1
2026-09-02T09:30:00+00:00,15,K2,UP,2026-09-02T09:30:21.058943+00:00,22,76891.96,76563.51,DOWN,0
2026-09-02T09:30:00+00:00,15,?,UP,2026-09-02T09:30:25.883755+00:00,26,76891.96,76563.51,DOWN,0
2026-09-02T09:30:00+00:00,15,K10,DOWN,2026-09-02T09:33:06.311156+00:00,187,76891.96,76563.51,DOWN,1
2026-09-02T09:30:00+00:00,15,K11,DOWN,2026-09-02T09:35:01.005726+00:00,302,76891.96,76563.51,DOWN,1
2026-09-02T09:35:00+00:00,5,?,UP,2026-09-02T09:35:11.016529+00:00,12,76715.05,76589.54,DOWN,0
2026-09-02T09:35:00+00:00,5,K11,DOWN,2026-09-02T09:36:44.165906+00:00,105,76715.05,76589.54,DOWN,1
2026-09-02T09:35:00+00:00,5,K9,UP,2026-09-02T09:35:21.488494+00:00,22,76715.05,76589.54,DOWN,0
2026-09-02T09:35:00+00:00,5,K4,UP,2026-09-02T09:35:21.488494+00:00,22,76715.05,76589.54,DOWN,0
2026-09-02T09:35:00+00:00,5,K16,UP,2026-09-02T09:36:23.404972+00:00,84,76715.05,76589.54,DOWN,0
2026-09-02T09:35:00+00:00,5,K5,UP,2026-09-02T09:35:21.488494+00:00,22,76715.05,76589.54,DOWN,0
2026-09-02T09:40:00+00:00,5,K2,UP,2026-09-02T09:40:01.006206+00:00,2,76589.54,76563.51,DOWN,0
2026-09-02T09:40:00+00:00,5,K1,UP,2026-09-02T09:40:01.006206+00:00,2,76589.54,76563.51,DOWN,0
2026-09-02T09:40:00+00:00,5,K10,UP,2026-09-02T09:41:02.950690+00:00,63,76589.54,76563.51,DOWN,0
2026-09-02T09:40:00+00:00,5,K9,UP,2026-09-02T09:40:01.006206+00:00,2,76589.54,76563.51,DOWN,0
2026-09-02T09:40:00+00:00,5,K4,UP,2026-09-02T09:40:01.006206+00:00,2,76589.54,76563.51,DOWN,0
2026-09-02T09:40:00+00:00,5,K16,UP,2026-09-02T09:40:01.006206+00:00,2,76589.54,76563.51,DOWN,0
2026-09-02T09:40:00+00:00,5,K8,UP,2026-09-02T09:40:01.006206+00:00,2,76589.54,76563.51,DOWN,0
2026-09-02T09:40:00+00:00,5,K5,UP,2026-09-02T09:40:01.006206+00:00,2,76589.54,76563.51,DOWN,0
2026-09-02T09:40:00+00:00,5,K12,UP,2026-09-02T09:40:01.006206+00:00,2,76589.54,76563.51,DOWN,0
2026-09-02T09:45:00+00:00,5,K2,UP,2026-09-02T09:45:21.050947+00:00,22,76563.52,76674.16,UP,1
2026-09-02T09:45:00+00:00,5,?,UP,2026-09-02T09:45:41.643710+00:00,42,76563.52,76674.16,UP,1
2026-09-02T09:45:00+00:00,5,K8,UP,2026-09-02T09:45:21.050947+00:00,22,76563.52,76674.16,UP,1
2026-09-02T09:45:00+00:00,5,K5,UP,2026-09-02T09:45:21.050947+00:00,22,76563.52,76674.16,UP,1
2026-09-02T09:45:00+00:00,5,K12,UP,2026-09-02T09:45:21.050947+00:00,22,76563.52,76674.16,UP,1
2026-09-02T09:45:00+00:00,15,K2,UP,2026-09-02T09:45:21.050947+00:00,22,76563.52,76752.26,UP,1
2026-09-02T09:45:00+00:00,15,K7,UP,2026-09-02T09:45:21.050947+00:00,22,76563.52,76752.26,UP,1
2026-09-02T09:45:00+00:00,15,K1,UP,2026-09-02T09:45:21.050947+00:00,22,76563.52,76752.26,UP,1
2026-09-02T09:45:00+00:00,15,K6,UP,2026-09-02T09:45:21.050947+00:00,22,76563.52,76752.26,UP,1
2026-09-02T09:45:00+00:00,15,?,UP,2026-09-02T09:45:41.643710+00:00,42,76563.52,76752.26,UP,1
2026-09-02T09:45:00+00:00,15,K11,UP,2026-09-02T09:50:01.005713+00:00,302,76563.52,76752.26,UP,1
2026-09-02T09:45:00+00:00,15,K9,UP,2026-09-02T09:45:21.050947+00:00,22,76563.52,76752.26,UP,1
2026-09-02T09:45:00+00:00,15,K4,UP,2026-09-02T09:45:21.050947+00:00,22,76563.52,76752.26,UP,1
2026-09-02T09:45:00+00:00,15,K3,UP,2026-09-02T09:45:21.050947+00:00,22,76563.52,76752.26,UP,1
2026-09-02T09:45:00+00:00,15,K8,UP,2026-09-02T09:45:21.050947+00:00,22,76563.52,76752.26,UP,1
2026-09-02T09:45:00+00:00,15,K5,UP,2026-09-02T09:45:21.050947+00:00,22,76563.52,76752.26,UP,1
2026-09-02T09:45:00+00:00,15,K12,UP,2026-09-02T09:45:21.050947+00:00,22,76563.52,76752.26,UP,1
2026-09-02T09:50:00+00:00,5,K9,DOWN,2026-09-02T09:50:21.683281+00:00,22,76674.16,76684.0,UP,0
2026-09-02T09:50:00+00:00,5,K4,DOWN,2026-09-02T09:50:21.683281+00:00,22,76674.16,76684.0,UP,0
2026-09-02T09:50:00+00:00,5,K15,UP,2026-09-02T09:51:24.928348+00:00,85,76674.16,76684.0,UP,1
2026-09-02T09:50:00+00:00,5,K5,UP,2026-09-02T09:50:21.683281+00:00,22,76674.16,76684.0,UP,1
2026-09-02T09:55:00+00:00,5,K14,DOWN,2026-09-02T09:55:21.048772+00:00,22,76684.01,76752.26,UP,0
2026-09-02T09:55:00+00:00,5,K15,DOWN,2026-09-02T09:55:21.048772+00:00,22,76684.01,76752.26,UP,0
2026-09-02T10:00:00+00:00,5,K14,DOWN,2026-09-02T10:00:21.058832+00:00,22,76752.26,76605.2,DOWN,1
2026-09-02T10:00:00+00:00,5,K10,DOWN,2026-09-02T10:01:03.503875+00:00,64,76752.26,76605.2,DOWN,1
2026-09-02T10:00:00+00:00,5,K11,DOWN,2026-09-02T10:01:46.981495+00:00,107,76752.26,76605.2,DOWN,1
2026-09-02T10:00:00+00:00,15,K2,UP,2026-09-02T10:00:21.058832+00:00,22,76752.26,76640.01,DOWN,0
2026-09-02T10:00:00+00:00,15,K14,DOWN,2026-09-02T10:00:21.058832+00:00,22,76752.26,76640.01,DOWN,1
2026-09-02T10:00:00+00:00,15,?,DOWN,2026-09-02T10:07:38.716570+00:00,459,76752.26,76640.01,DOWN,1
2026-09-02T10:00:00+00:00,15,K10,DOWN,2026-09-02T10:03:08.127784+00:00,189,76752.26,76640.01,DOWN,1
2026-09-02T10:00:00+00:00,15,K11,DOWN,2026-09-02T10:05:01.005113+00:00,302,76752.26,76640.01,DOWN,1
2026-09-02T10:00:00+00:00,15,K9,DOWN,2026-09-02T10:00:21.058832+00:00,22,76752.26,76640.01,DOWN,1
2026-09-02T10:00:00+00:00,15,K4,DOWN,2026-09-02T10:00:21.058832+00:00,22,76752.26,76640.01,DOWN,1
2026-09-02T10:05:00+00:00,5,?,DOWN,2026-09-02T10:07:38.716570+00:00,159,76605.2,76607.47,UP,0
2026-09-02T10:05:00+00:00,5,K9,UP,2026-09-02T10:05:21.406682+00:00,22,76605.2,76607.47,UP,1
2026-09-02T10:05:00+00:00,5,K4,UP,2026-09-02T10:05:21.406682+00:00,22,76605.2,76607.47,UP,1
2026-09-02T10:05:00+00:00,5,K16,UP,2026-09-02T10:05:21.406682+00:00,22,76605.2,76607.47,UP,1
2026-09-02T10:05:00+00:00,5,K5,UP,2026-09-02T10:05:21.406682+00:00,22,76605.2,76607.47,UP,1
2026-09-02T10:10:00+00:00,5,?,UP,2026-09-02T10:10:06.977299+00:00,7,76607.47,76640.01,UP,1
2026-09-02T10:10:00+00:00,5,K5,UP,2026-09-02T10:10:21.048772+00:00,22,76607.47,76640.01,UP,1
2026-09-02T10:15:00+00:00,15,K2,UP,2026-09-02T10:15:21.052101+00:00,22,76640.0,76571.8,DOWN,0
2026-09-02T10:15:00+00:00,15,?,DOWN,2026-09-02T10:26:43.064732+00:00,704,76640.0,76571.8,DOWN,1
2026-09-02T10:15:00+00:00,15,K5,UP,2026-09-02T10:15:21.052101+00:00,22,76640.0,76571.8,DOWN,0
2026-09-02T10:25:00+00:00,5,?,DOWN,2026-09-02T10:26:43.064732+00:00,104,76649.84,76571.8,DOWN,1
2026-09-02T10:30:00+00:00,5,?,UP,2026-09-02T10:31:15.777688+00:00,76,76571.8,76506.01,DOWN,0
2026-09-02T10:30:00+00:00,5,K5,UP,2026-09-02T10:30:21.055706+00:00,22,76571.8,76506.01,DOWN,0
2026-09-02T10:30:00+00:00,15,K2,UP,2026-09-02T10:30:21.055706+00:00,22,76571.8,76605.99,UP,1
2026-09-02T10:30:00+00:00,15,?,UP,2026-09-02T10:31:15.777688+00:00,76,76571.8,76605.99,UP,1
2026-09-02T10:30:00+00:00,15,K10,DOWN,2026-09-02T10:33:05.475245+00:00,186,76571.8,76605.99,UP,0
2026-09-02T10:30:00+00:00,15,K8,UP,2026-09-02T10:30:21.055706+00:00,22,76571.8,76605.99,UP,1
2026-09-02T10:30:00+00:00,15,K5,UP,2026-09-02T10:30:21.055706+00:00,22,76571.8,76605.99,UP,1
2026-09-02T10:35:00+00:00,5,K10,UP,2026-09-02T10:36:02.165482+00:00,63,76506.01,76484.85,DOWN,0
2026-09-02T10:35:00+00:00,5,K11,UP,2026-09-02T10:37:04.570447+00:00,125,76506.01,76484.85,DOWN,0
2026-09-02T10:35:00+00:00,5,K8,UP,2026-09-02T10:35:21.077140+00:00,22,76506.01,76484.85,DOWN,0
2026-09-02T10:35:00+00:00,5,K5,UP,2026-09-02T10:35:21.077140+00:00,22,76506.01,76484.85,DOWN,0
2026-09-02T10:40:00+00:00,5,K8,UP,2026-09-02T10:40:21.049123+00:00,22,76484.85,76605.99,UP,1
2026-09-02T10:40:00+00:00,5,K5,UP,2026-09-02T10:40:21.049123+00:00,22,76484.85,76605.99,UP,1
2026-09-02T10:45:00+00:00,5,?,DOWN,2026-09-02T10:48:05.032294+00:00,186,76605.98,76448.0,DOWN,1
2026-09-02T10:45:00+00:00,5,K11,DOWN,2026-09-02T10:46:44.509219+00:00,105,76605.98,76448.0,DOWN,1
2026-09-02T10:45:00+00:00,5,K9,DOWN,2026-09-02T10:45:21.049807+00:00,22,76605.98,76448.0,DOWN,1
2026-09-02T10:45:00+00:00,5,K4,DOWN,2026-09-02T10:45:21.049807+00:00,22,76605.98,76448.0,DOWN,1
2026-09-02T10:45:00+00:00,15,?,DOWN,2026-09-02T10:48:05.032294+00:00,186,76605.98,76680.88,UP,0
2026-09-02T10:45:00+00:00,15,K10,DOWN,2026-09-02T10:48:06.160306+00:00,187,76605.98,76680.88,UP,0
2026-09-02T10:45:00+00:00,15,K11,DOWN,2026-09-02T10:50:01.005418+00:00,302,76605.98,76680.88,UP,0
2026-09-02T10:45:00+00:00,15,K8,UP,2026-09-02T10:45:21.049807+00:00,22,76605.98,76680.88,UP,1
2026-09-02T10:45:00+00:00,15,K5,UP,2026-09-02T10:45:21.049807+00:00,22,76605.98,76680.88,UP,1
2026-09-02T10:50:00+00:00,5,K2,UP,2026-09-02T10:50:21.545922+00:00,22,76448.0,76508.54,UP,1
2026-09-02T10:50:00+00:00,5,K14,UP,2026-09-02T10:50:21.545922+00:00,22,76448.0,76508.54,UP,1
2026-09-02T10:50:00+00:00,5,?,UP,2026-09-02T10:50:05.072154+00:00,6,76448.0,76508.54,UP,1
2026-09-02T10:50:00+00:00,5,K10,DOWN,2026-09-02T10:51:03.010400+00:00,64,76448.0,76508.54,UP,0
2026-09-02T10:50:00+00:00,5,K11,DOWN,2026-09-02T10:51:44.839311+00:00,105,76448.0,76508.54,UP,0
2026-09-02T10:50:00+00:00,5,K9,UP,2026-09-02T10:50:21.545922+00:00,22,76448.0,76508.54,UP,1
2026-09-02T10:50:00+00:00,5,K4,UP,2026-09-02T10:50:21.545922+00:00,22,76448.0,76508.54,UP,1
2026-09-02T10:50:00+00:00,5,K8,UP,2026-09-02T10:50:21.545922+00:00,22,76448.0,76508.54,UP,1
2026-09-02T10:50:00+00:00,5,K5,UP,2026-09-02T10:50:21.545922+00:00,22,76448.0,76508.54,UP,1
2026-09-02T10:55:00+00:00,5,K14,UP,2026-09-02T10:55:21.049302+00:00,22,76508.54,76680.88,UP,1
2026-09-02T11:00:00+00:00,5,K10,DOWN,2026-09-02T11:01:02.820166+00:00,63,76680.88,76564.01,DOWN,1
2026-09-02T11:00:00+00:00,5,K11,DOWN,2026-09-02T11:01:45.739126+00:00,106,76680.88,76564.01,DOWN,1
2026-09-02T11:00:00+00:00,5,K9,DOWN,2026-09-02T11:00:21.055507+00:00,22,76680.88,76564.01,DOWN,1
2026-09-02T11:00:00+00:00,5,K4,DOWN,2026-09-02T11:00:21.055507+00:00,22,76680.88,76564.01,DOWN,1
2026-09-02T11:00:00+00:00,5,K15,DOWN,2026-09-02T11:00:21.055507+00:00,22,76680.88,76564.01,DOWN,1
2026-09-02T11:00:00+00:00,15,K11,DOWN,2026-09-02T11:05:01.006026+00:00,302,76680.88,76727.46,UP,0
2026-09-02T11:00:00+00:00,15,K15,DOWN,2026-09-02T11:00:21.055507+00:00,22,76680.88,76727.46,UP,0
2026-09-02T11:05:00+00:00,5,K9,UP,2026-09-02T11:05:21.489631+00:00,22,76564.01,76695.57,UP,1
2026-09-02T11:05:00+00:00,5,K4,UP,2026-09-02T11:05:21.489631+00:00,22,76564.01,76695.57,UP,1
2026-09-02T11:05:00+00:00,5,K15,DOWN,2026-09-02T11:05:21.489631+00:00,22,76564.01,76695.57,UP,0
2026-09-02T11:10:00+00:00,5,K14,DOWN,2026-09-02T11:10:21.047307+00:00,22,76695.57,76727.46,UP,0
2026-09-02T11:10:00+00:00,5,K9,DOWN,2026-09-02T11:10:21.047307+00:00,22,76695.57,76727.46,UP,0
2026-09-02T11:10:00+00:00,5,K4,DOWN,2026-09-02T11:10:21.047307+00:00,22,76695.57,76727.46,UP,0
2026-09-02T11:10:00+00:00,5,K15,DOWN,2026-09-02T11:10:21.047307+00:00,22,76695.57,76727.46,UP,0
2026-09-02T11:15:00+00:00,5,K14,DOWN,2026-09-02T11:15:21.057646+00:00,22,76727.47,76548.01,DOWN,1
2026-09-02T11:15:00+00:00,5,K11,DOWN,2026-09-02T11:16:44.548901+00:00,105,76727.47,76548.01,DOWN,1
2026-09-02T11:15:00+00:00,5,K15,DOWN,2026-09-02T11:15:21.057646+00:00,22,76727.47,76548.01,DOWN,1
2026-09-02T11:15:00+00:00,5,K8,DOWN,2026-09-02T11:15:21.057646+00:00,22,76727.47,76548.01,DOWN,1
2026-09-02T11:15:00+00:00,5,K5,DOWN,2026-09-02T11:15:21.057646+00:00,22,76727.47,76548.01,DOWN,1
2026-09-02T11:15:00+00:00,15,K14,DOWN,2026-09-02T11:15:21.057646+00:00,22,76727.47,76502.0,DOWN,1
2026-09-02T11:15:00+00:00,15,K10,DOWN,2026-09-02T11:18:06.114523+00:00,187,76727.47,76502.0,DOWN,1
2026-09-02T11:15:00+00:00,15,K11,DOWN,2026-09-02T11:20:01.006221+00:00,302,76727.47,76502.0,DOWN,1
2026-09-02T11:15:00+00:00,15,K15,DOWN,2026-09-02T11:15:21.057646+00:00,22,76727.47,76502.0,DOWN,1
2026-09-02T11:20:00+00:00,5,K9,UP,2026-09-02T11:20:21.426033+00:00,22,76548.01,76428.22,DOWN,0
2026-09-02T11:20:00+00:00,5,K4,UP,2026-09-02T11:20:21.426033+00:00,22,76548.01,76428.22,DOWN,0
2026-09-02T11:20:00+00:00,5,K15,UP,2026-09-02T11:20:21.426033+00:00,22,76548.01,76428.22,DOWN,0
2026-09-02T11:25:00+00:00,5,K2,UP,2026-09-02T11:25:21.047552+00:00,22,76428.21,76502.0,UP,1
2026-09-02T11:25:00+00:00,5,K14,UP,2026-09-02T11:25:21.047552+00:00,22,76428.21,76502.0,UP,1
2026-09-02T11:25:00+00:00,5,K11,DOWN,2026-09-02T11:27:03.606699+00:00,124,76428.21,76502.0,UP,0
2026-09-02T11:25:00+00:00,5,K9,UP,2026-09-02T11:25:21.047552+00:00,22,76428.21,76502.0,UP,1
2026-09-02T11:25:00+00:00,5,K4,UP,2026-09-02T11:25:21.047552+00:00,22,76428.21,76502.0,UP,1
2026-09-02T11:25:00+00:00,5,K15,UP,2026-09-02T11:25:21.047552+00:00,22,76428.21,76502.0,UP,1
2026-09-02T11:30:00+00:00,5,?,DOWN,2026-09-02T11:30:26.746605+00:00,27,76502.0,76649.91,UP,0
2026-09-02T11:30:00+00:00,5,K15,UP,2026-09-02T11:30:21.059189+00:00,22,76502.0,76649.91,UP,1
2026-09-02T11:30:00+00:00,15,?,DOWN,2026-09-02T11:30:26.746605+00:00,27,76502.0,76646.1,UP,0
2026-09-02T11:30:00+00:00,15,K10,UP,2026-09-02T11:33:05.787734+00:00,186,76502.0,76646.1,UP,1
2026-09-02T11:30:00+00:00,15,K11,UP,2026-09-02T11:35:01.004864+00:00,302,76502.0,76646.1,UP,1
2026-09-02T11:30:00+00:00,15,K9,UP,2026-09-02T11:30:21.059189+00:00,22,76502.0,76646.1,UP,1
2026-09-02T11:30:00+00:00,15,K4,UP,2026-09-02T11:30:21.059189+00:00,22,76502.0,76646.1,UP,1
2026-09-02T11:30:00+00:00,15,K15,UP,2026-09-02T11:30:21.059189+00:00,22,76502.0,76646.1,UP,1
2026-09-02T11:30:00+00:00,15,K5,UP,2026-09-02T11:30:21.059189+00:00,22,76502.0,76646.1,UP,1
2026-09-02T11:35:00+00:00,5,K9,DOWN,2026-09-02T11:35:21.498525+00:00,22,76649.92,76713.33,UP,0
2026-09-02T11:35:00+00:00,5,K4,DOWN,2026-09-02T11:35:21.498525+00:00,22,76649.92,76713.33,UP,0
2026-09-02T11:40:00+00:00,5,?,UP,2026-09-02T11:42:42.755502+00:00,163,76713.32,76646.1,DOWN,0
2026-09-02T11:40:00+00:00,5,K10,DOWN,2026-09-02T11:41:02.540913+00:00,63,76713.32,76646.1,DOWN,1
2026-09-02T11:40:00+00:00,5,K15,DOWN,2026-09-02T11:40:21.068193+00:00,22,76713.32,76646.1,DOWN,1
2026-09-02T11:40:00+00:00,5,K8,DOWN,2026-09-02T11:40:21.068193+00:00,22,76713.32,76646.1,DOWN,1
2026-09-02T11:40:00+00:00,5,K5,DOWN,2026-09-02T11:40:21.068193+00:00,22,76713.32,76646.1,DOWN,1
2026-09-02T11:45:00+00:00,5,K15,DOWN,2026-09-02T11:46:22.501983+00:00,83,76646.1,76620.01,DOWN,1
2026-09-02T11:45:00+00:00,15,?,DOWN,2026-09-02T11:54:37.979143+00:00,578,76646.1,76828.76,UP,0
2026-09-02T11:45:00+00:00,15,K9,DOWN,2026-09-02T11:45:21.051135+00:00,22,76646.1,76828.76,UP,0
2026-09-02T11:45:00+00:00,15,K4,DOWN,2026-09-02T11:45:21.051135+00:00,22,76646.1,76828.76,UP,0
2026-09-02T11:45:00+00:00,15,K15,DOWN,2026-09-02T11:46:22.501983+00:00,83,76646.1,76828.76,UP,0
2026-09-02T11:50:00+00:00,5,?,DOWN,2026-09-02T11:54:37.979143+00:00,278,76620.0,76704.61,UP,0
2026-09-02T11:50:00+00:00,5,K15,UP,2026-09-02T11:50:21.082214+00:00,22,76620.0,76704.61,UP,1
2026-09-02T11:55:00+00:00,5,?,DOWN,2026-09-02T11:55:37.989857+00:00,38,76704.61,76828.76,UP,0
2026-09-02T11:55:00+00:00,5,K9,DOWN,2026-09-02T11:55:21.047305+00:00,22,76704.61,76828.76,UP,0
2026-09-02T11:55:00+00:00,5,K4,DOWN,2026-09-02T11:55:21.047305+00:00,22,76704.61,76828.76,UP,0
2026-09-02T11:55:00+00:00,5,K5,DOWN,2026-09-02T11:55:21.047305+00:00,22,76704.61,76828.76,UP,0
2026-09-02T12:00:00+00:00,5,K2,DOWN,2026-09-02T12:00:21.057826+00:00,22,76828.75,76723.31,DOWN,1
2026-09-02T12:00:00+00:00,5,K7,DOWN,2026-09-02T12:00:21.057826+00:00,22,76828.75,76723.31,DOWN,1
2026-09-02T12:00:00+00:00,5,K14,DOWN,2026-09-02T12:00:21.057826+00:00,22,76828.75,76723.31,DOWN,1
2026-09-02T12:00:00+00:00,5,K1,DOWN,2026-09-02T12:00:21.057826+00:00,22,76828.75,76723.31,DOWN,1
2026-09-02T12:00:00+00:00,5,?,UP,2026-09-02T12:04:29.219211+00:00,270,76828.75,76723.31,DOWN,0
2026-09-02T12:00:00+00:00,5,K10,DOWN,2026-09-02T12:01:03.331954+00:00,64,76828.75,76723.31,DOWN,1
2026-09-02T12:00:00+00:00,5,K9,DOWN,2026-09-02T12:00:21.057826+00:00,22,76828.75,76723.31,DOWN,1
2026-09-02T12:00:00+00:00,5,K4,DOWN,2026-09-02T12:00:21.057826+00:00,22,76828.75,76723.31,DOWN,1
2026-09-02T12:00:00+00:00,5,K3,DOWN,2026-09-02T12:00:21.057826+00:00,22,76828.75,76723.31,DOWN,1
2026-09-02T12:00:00+00:00,5,K15,DOWN,2026-09-02T12:01:24.802311+00:00,85,76828.75,76723.31,DOWN,1
2026-09-02T12:00:00+00:00,5,K8,DOWN,2026-09-02T12:00:21.057826+00:00,22,76828.75,76723.31,DOWN,1
2026-09-02T12:00:00+00:00,5,K5,DOWN,2026-09-02T12:00:21.057826+00:00,22,76828.75,76723.31,DOWN,1
2026-09-02T12:00:00+00:00,15,K14,DOWN,2026-09-02T12:00:21.057826+00:00,22,76828.75,76827.99,DOWN,1
2026-09-02T12:00:00+00:00,15,?,UP,2026-09-02T12:04:29.219211+00:00,270,76828.75,76827.99,DOWN,0
2026-09-02T12:00:00+00:00,15,K11,DOWN,2026-09-02T12:05:01.008865+00:00,302,76828.75,76827.99,DOWN,1
2026-09-02T12:00:00+00:00,15,K9,DOWN,2026-09-02T12:00:21.057826+00:00,22,76828.75,76827.99,DOWN,1
2026-09-02T12:00:00+00:00,15,K4,DOWN,2026-09-02T12:00:21.057826+00:00,22,76828.75,76827.99,DOWN,1
2026-09-02T12:00:00+00:00,15,K15,DOWN,2026-09-02T12:01:24.802311+00:00,85,76828.75,76827.99,DOWN,1
2026-09-02T12:05:00+00:00,5,K14,DOWN,2026-09-02T12:05:21.452250+00:00,22,76723.31,76789.59,UP,0
2026-09-02T12:05:00+00:00,5,?,DOWN,2026-09-02T12:08:24.944686+00:00,205,76723.31,76789.59,UP,0
2026-09-02T12:05:00+00:00,5,K9,UP,2026-09-02T12:05:21.452250+00:00,22,76723.31,76789.59,UP,1
2026-09-02T12:05:00+00:00,5,K4,UP,2026-09-02T12:05:21.452250+00:00,22,76723.31,76789.59,UP,1
2026-09-02T12:05:00+00:00,5,K15,DOWN,2026-09-02T12:05:21.452250+00:00,22,76723.31,76789.59,UP,0
2026-09-02T12:10:00+00:00,5,K14,DOWN,2026-09-02T12:10:21.048634+00:00,22,76789.59,76827.99,UP,0
2026-09-02T12:10:00+00:00,5,K15,DOWN,2026-09-02T12:10:21.048634+00:00,22,76789.59,76827.99,UP,0
2026-09-02T12:10:00+00:00,5,K5,DOWN,2026-09-02T12:10:21.048634+00:00,22,76789.59,76827.99,UP,0
2026-09-02T12:15:00+00:00,5,K2,DOWN,2026-09-02T12:15:21.049746+00:00,22,76827.99,76860.01,UP,0
2026-09-02T12:15:00+00:00,5,K10,UP,2026-09-02T12:16:01.998859+00:00,62,76827.99,76860.01,UP,1
2026-09-02T12:15:00+00:00,5,K8,DOWN,2026-09-02T12:15:21.049746+00:00,22,76827.99,76860.01,UP,0
2026-09-02T12:15:00+00:00,5,K5,DOWN,2026-09-02T12:15:21.049746+00:00,22,76827.99,76860.01,UP,0
2026-09-02T12:15:00+00:00,15,?,DOWN,2026-09-02T12:21:22.101452+00:00,383,76827.99,76988.5,UP,0
2026-09-02T12:15:00+00:00,15,K10,UP,2026-09-02T12:18:04.556844+00:00,185,76827.99,76988.5,UP,1
2026-09-02T12:20:00+00:00,5,K2,DOWN,2026-09-02T12:20:21.075119+00:00,22,76860.0,76982.1,UP,0
2026-09-02T12:20:00+00:00,5,K14,DOWN,2026-09-02T12:20:21.075119+00:00,22,76860.0,76982.1,UP,0
2026-09-02T12:20:00+00:00,5,?,DOWN,2026-09-02T12:21:22.101452+00:00,83,76860.0,76982.1,UP,0
2026-09-02T12:20:00+00:00,5,K10,UP,2026-09-02T12:21:02.034649+00:00,63,76860.0,76982.1,UP,1
2026-09-02T12:20:00+00:00,5,K11,UP,2026-09-02T12:21:43.836466+00:00,104,76860.0,76982.1,UP,1
2026-09-02T12:20:00+00:00,5,K5,DOWN,2026-09-02T12:20:21.075119+00:00,22,76860.0,76982.1,UP,0
2026-09-02T12:25:00+00:00,5,K2,DOWN,2026-09-02T12:25:21.048520+00:00,22,76982.11,76988.5,UP,0
2026-09-02T12:25:00+00:00,5,K7,DOWN,2026-09-02T12:25:21.048520+00:00,22,76982.11,76988.5,UP,0
2026-09-02T12:25:00+00:00,5,K14,DOWN,2026-09-02T12:25:21.048520+00:00,22,76982.11,76988.5,UP,0
2026-09-02T12:25:00+00:00,5,K1,DOWN,2026-09-02T12:25:21.048520+00:00,22,76982.11,76988.5,UP,0
2026-09-02T12:25:00+00:00,5,K9,DOWN,2026-09-02T12:25:21.048520+00:00,22,76982.11,76988.5,UP,0
2026-09-02T12:25:00+00:00,5,K4,DOWN,2026-09-02T12:25:21.048520+00:00,22,76982.11,76988.5,UP,0
2026-09-02T12:25:00+00:00,5,K3,DOWN,2026-09-02T12:25:21.048520+00:00,22,76982.11,76988.5,UP,0
2026-09-02T12:25:00+00:00,5,K15,DOWN,2026-09-02T12:26:22.554923+00:00,83,76982.11,76988.5,UP,0
2026-09-02T12:25:00+00:00,5,K8,DOWN,2026-09-02T12:25:21.048520+00:00,22,76982.11,76988.5,UP,0
2026-09-02T12:25:00+00:00,5,K5,DOWN,2026-09-02T12:25:21.048520+00:00,22,76982.11,76988.5,UP,0
2026-09-02T12:30:00+00:00,5,K2,DOWN,2026-09-02T12:30:21.057388+00:00,22,76988.49,76912.0,DOWN,1
2026-09-02T12:30:00+00:00,5,K14,DOWN,2026-09-02T12:30:21.057388+00:00,22,76988.49,76912.0,DOWN,1
2026-09-02T12:30:00+00:00,5,K15,DOWN,2026-09-02T12:30:21.057388+00:00,22,76988.49,76912.0,DOWN,1
2026-09-02T12:30:00+00:00,5,K8,DOWN,2026-09-02T12:30:21.057388+00:00,22,76988.49,76912.0,DOWN,1
2026-09-02T12:30:00+00:00,5,K5,DOWN,2026-09-02T12:30:21.057388+00:00,22,76988.49,76912.0,DOWN,1
2026-09-02T12:30:00+00:00,15,K14,DOWN,2026-09-02T12:30:21.057388+00:00,22,76988.49,76822.56,DOWN,1
2026-09-02T12:30:00+00:00,15,?,UP,2026-09-02T12:43:41.272108+00:00,822,76988.49,76822.56,DOWN,0
2026-09-02T12:30:00+00:00,15,K9,DOWN,2026-09-02T12:30:21.057388+00:00,22,76988.49,76822.56,DOWN,1
2026-09-02T12:30:00+00:00,15,K4,DOWN,2026-09-02T12:30:21.057388+00:00,22,76988.49,76822.56,DOWN,1
2026-09-02T12:30:00+00:00,15,K15,DOWN,2026-09-02T12:30:21.057388+00:00,22,76988.49,76822.56,DOWN,1
2026-09-02T12:35:00+00:00,5,K14,DOWN,2026-09-02T12:35:21.076019+00:00,22,76912.0,76824.72,DOWN,1
2026-09-02T12:35:00+00:00,5,K5,DOWN,2026-09-02T12:35:21.076019+00:00,22,76912.0,76824.72,DOWN,1
2026-09-02T12:40:00+00:00,5,K14,DOWN,2026-09-02T12:40:21.047320+00:00,22,76824.72,76822.56,DOWN,1
2026-09-02T12:40:00+00:00,5,?,UP,2026-09-02T12:43:41.272108+00:00,222,76824.72,76822.56,DOWN,0
2026-09-02T12:40:00+00:00,5,K9,UP,2026-09-02T12:40:21.047320+00:00,22,76824.72,76822.56,DOWN,0
2026-09-02T12:40:00+00:00,5,K4,UP,2026-09-02T12:40:21.047320+00:00,22,76824.72,76822.56,DOWN,0
2026-09-02T12:45:00+00:00,5,?,UP,2026-09-02T12:48:49.192390+00:00,230,76822.55,76758.54,DOWN,0
2026-09-02T12:45:00+00:00,5,K10,DOWN,2026-09-02T12:46:02.039316+00:00,63,76822.55,76758.54,DOWN,1
2026-09-02T12:45:00+00:00,15,?,UP,2026-09-02T12:48:49.192390+00:00,230,76822.55,76613.88,DOWN,0
2026-09-02T12:45:00+00:00,15,K9,UP,2026-09-02T12:45:21.049559+00:00,22,76822.55,76613.88,DOWN,0
2026-09-02T12:45:00+00:00,15,K4,UP,2026-09-02T12:45:21.049559+00:00,22,76822.55,76613.88,DOWN,0
2026-09-02T12:55:00+00:00,5,?,DOWN,2026-09-02T12:55:35.987084+00:00,36,76733.13,76613.88,DOWN,1
2026-09-02T12:55:00+00:00,5,K11,DOWN,2026-09-02T12:56:41.593542+00:00,102,76733.13,76613.88,DOWN,1
2026-09-02T13:00:00+00:00,5,K14,UP,2026-09-02T13:00:21.055749+00:00,22,76613.87,76791.76,UP,1
2026-09-02T13:00:00+00:00,5,K11,UP,2026-09-02T13:01:44.452750+00:00,105,76613.87,76791.76,UP,1
2026-09-02T13:00:00+00:00,5,K9,UP,2026-09-02T13:00:21.055749+00:00,22,76613.87,76791.76,UP,1
2026-09-02T13:00:00+00:00,5,K4,UP,2026-09-02T13:00:21.055749+00:00,22,76613.87,76791.76,UP,1
2026-09-02T13:00:00+00:00,15,K14,UP,2026-09-02T13:00:21.055749+00:00,22,76613.87,76744.02,UP,1
2026-09-02T13:00:00+00:00,15,K10,UP,2026-09-02T13:03:05.653950+00:00,186,76613.87,76744.02,UP,1
2026-09-02T13:00:00+00:00,15,K11,UP,2026-09-02T13:05:01.005539+00:00,302,76613.87,76744.02,UP,1
2026-09-02T13:00:00+00:00,15,K9,UP,2026-09-02T13:00:21.055749+00:00,22,76613.87,76744.02,UP,1
2026-09-02T13:00:00+00:00,15,K4,UP,2026-09-02T13:00:21.055749+00:00,22,76613.87,76744.02,UP,1
2026-09-02T13:05:00+00:00,5,K10,UP,2026-09-02T13:06:03.895438+00:00,64,76791.76,76767.99,DOWN,0
2026-09-02T13:05:00+00:00,5,K11,UP,2026-09-02T13:06:45.627629+00:00,106,76791.76,76767.99,DOWN,0
2026-09-02T13:05:00+00:00,5,K9,DOWN,2026-09-02T13:05:21.415356+00:00,22,76791.76,76767.99,DOWN,1
2026-09-02T13:05:00+00:00,5,K4,DOWN,2026-09-02T13:05:21.415356+00:00,22,76791.76,76767.99,DOWN,1
2026-09-02T13:15:00+00:00,15,?,UP,2026-09-02T13:21:01.774394+00:00,362,76744.01,76881.11,UP,1
2026-09-02T13:20:00+00:00,5,?,UP,2026-09-02T13:21:01.774394+00:00,62,76823.06,76778.04,DOWN,0
2026-09-02T13:20:00+00:00,5,K10,DOWN,2026-09-02T13:21:01.337102+00:00,62,76823.06,76778.04,DOWN,1
2026-09-02T13:20:00+00:00,5,K11,DOWN,2026-09-02T13:21:42.500375+00:00,103,76823.06,76778.04,DOWN,1
2026-09-02T13:25:00+00:00,5,?,UP,2026-09-02T13:25:56.977229+00:00,57,76778.04,76881.11,UP,1
2026-09-02T13:25:00+00:00,5,K11,UP,2026-09-02T13:27:01.784999+00:00,122,76778.04,76881.11,UP,1
2026-09-02T13:30:00+00:00,5,K10,DOWN,2026-09-02T13:31:01.937475+00:00,62,76881.12,76774.28,DOWN,1
2026-09-02T13:30:00+00:00,5,K11,DOWN,2026-09-02T13:31:43.725159+00:00,104,76881.12,76774.28,DOWN,1
2026-09-02T13:30:00+00:00,5,K9,DOWN,2026-09-02T13:30:21.054827+00:00,22,76881.12,76774.28,DOWN,1
2026-09-02T13:30:00+00:00,5,K4,DOWN,2026-09-02T13:30:21.054827+00:00,22,76881.12,76774.28,DOWN,1
2026-09-02T13:30:00+00:00,15,?,DOWN,2026-09-02T13:42:02.010068+00:00,723,76881.12,77381.65,UP,0
2026-09-02T13:30:00+00:00,15,K10,DOWN,2026-09-02T13:33:05.156700+00:00,186,76881.12,77381.65,UP,0
2026-09-02T13:30:00+00:00,15,K11,DOWN,2026-09-02T13:35:01.005564+00:00,302,76881.12,77381.65,UP,0
2026-09-02T13:35:00+00:00,5,K10,DOWN,2026-09-02T13:36:02.863688+00:00,63,76774.28,76720.0,DOWN,1
2026-09-02T13:35:00+00:00,5,K11,DOWN,2026-09-02T13:37:05.299923+00:00,126,76774.28,76720.0,DOWN,1
2026-09-02T13:35:00+00:00,5,K9,UP,2026-09-02T13:35:21.496603+00:00,22,76774.28,76720.0,DOWN,0
2026-09-02T13:35:00+00:00,5,K4,UP,2026-09-02T13:35:21.496603+00:00,22,76774.28,76720.0,DOWN,0
2026-09-02T13:40:00+00:00,5,?,DOWN,2026-09-02T13:42:02.010068+00:00,123,76720.0,77381.65,UP,0
2026-09-02T13:40:00+00:00,5,K10,UP,2026-09-02T13:41:01.270724+00:00,62,76720.0,77381.65,UP,1
2026-09-02T13:40:00+00:00,5,K11,UP,2026-09-02T13:41:42.296269+00:00,103,76720.0,77381.65,UP,1
2026-09-02T13:45:00+00:00,5,K2,DOWN,2026-09-02T13:45:21.049036+00:00,22,77381.66,77102.0,DOWN,1
2026-09-02T13:45:00+00:00,5,K7,DOWN,2026-09-02T13:45:21.049036+00:00,22,77381.66,77102.0,DOWN,1
2026-09-02T13:45:00+00:00,5,K14,DOWN,2026-09-02T13:45:21.049036+00:00,22,77381.66,77102.0,DOWN,1
2026-09-02T13:45:00+00:00,5,K1,DOWN,2026-09-02T13:45:21.049036+00:00,22,77381.66,77102.0,DOWN,1
2026-09-02T13:45:00+00:00,5,?,DOWN,2026-09-02T13:45:30.223632+00:00,31,77381.66,77102.0,DOWN,1
2026-09-02T13:45:00+00:00,5,K11,DOWN,2026-09-02T13:46:44.784639+00:00,105,77381.66,77102.0,DOWN,1
2026-09-02T13:45:00+00:00,5,K9,DOWN,2026-09-02T13:45:21.049036+00:00,22,77381.66,77102.0,DOWN,1
2026-09-02T13:45:00+00:00,5,K4,DOWN,2026-09-02T13:45:21.049036+00:00,22,77381.66,77102.0,DOWN,1
2026-09-02T13:45:00+00:00,5,K3,DOWN,2026-09-02T13:45:21.049036+00:00,22,77381.66,77102.0,DOWN,1
2026-09-02T13:45:00+00:00,5,K8,DOWN,2026-09-02T13:45:21.049036+00:00,22,77381.66,77102.0,DOWN,1
2026-09-02T13:45:00+00:00,5,K5,DOWN,2026-09-02T13:45:21.049036+00:00,22,77381.66,77102.0,DOWN,1
2026-09-02T13:45:00+00:00,5,K13,DOWN,2026-09-02T13:45:21.049036+00:00,22,77381.66,77102.0,DOWN,1
2026-09-02T13:45:00+00:00,15,K2,DOWN,2026-09-02T13:45:21.049036+00:00,22,77381.66,77146.0,DOWN,1
2026-09-02T13:45:00+00:00,15,K7,DOWN,2026-09-02T13:45:21.049036+00:00,22,77381.66,77146.0,DOWN,1
2026-09-02T13:45:00+00:00,15,K14,DOWN,2026-09-02T13:45:21.049036+00:00,22,77381.66,77146.0,DOWN,1
2026-09-02T13:45:00+00:00,15,K1,DOWN,2026-09-02T13:45:21.049036+00:00,22,77381.66,77146.0,DOWN,1
2026-09-02T13:45:00+00:00,15,?,DOWN,2026-09-02T13:45:30.223632+00:00,31,77381.66,77146.0,DOWN,1
2026-09-02T13:45:00+00:00,15,K10,DOWN,2026-09-02T13:48:06.013453+00:00,187,77381.66,77146.0,DOWN,1
2026-09-02T13:45:00+00:00,15,K11,DOWN,2026-09-02T13:50:01.008108+00:00,302,77381.66,77146.0,DOWN,1
2026-09-02T13:45:00+00:00,15,K9,DOWN,2026-09-02T13:45:21.049036+00:00,22,77381.66,77146.0,DOWN,1
2026-09-02T13:45:00+00:00,15,K4,DOWN,2026-09-02T13:45:21.049036+00:00,22,77381.66,77146.0,DOWN,1
2026-09-02T13:45:00+00:00,15,K3,DOWN,2026-09-02T13:45:21.049036+00:00,22,77381.66,77146.0,DOWN,1
2026-09-02T13:45:00+00:00,15,K8,DOWN,2026-09-02T13:45:21.049036+00:00,22,77381.66,77146.0,DOWN,1
2026-09-02T13:45:00+00:00,15,K5,DOWN,2026-09-02T13:45:21.049036+00:00,22,77381.66,77146.0,DOWN,1
2026-09-02T13:45:00+00:00,15,K13,DOWN,2026-09-02T13:45:21.049036+00:00,22,77381.66,77146.0,DOWN,1
2026-09-02T13:50:00+00:00,5,K2,DOWN,2026-09-02T13:50:21.496179+00:00,22,77102.01,77122.72,UP,0
2026-09-02T13:50:00+00:00,5,K14,DOWN,2026-09-02T13:50:21.496179+00:00,22,77102.01,77122.72,UP,0
2026-09-02T13:50:00+00:00,5,K9,UP,2026-09-02T13:50:21.496179+00:00,22,77102.01,77122.72,UP,1
2026-09-02T13:50:00+00:00,5,K4,UP,2026-09-02T13:50:21.496179+00:00,22,77102.01,77122.72,UP,1
2026-09-02T13:50:00+00:00,5,K15,DOWN,2026-09-02T13:50:21.496179+00:00,22,77102.01,77122.72,UP,0
2026-09-02T13:55:00+00:00,5,K14,DOWN,2026-09-02T13:55:21.051590+00:00,22,77122.71,77146.0,UP,0
2026-09-02T13:55:00+00:00,5,K10,DOWN,2026-09-02T13:56:02.079024+00:00,63,77122.71,77146.0,UP,0
2026-09-02T13:55:00+00:00,5,K15,DOWN,2026-09-02T13:55:21.051590+00:00,22,77122.71,77146.0,UP,0
2026-09-02T14:00:00+00:00,15,K2,DOWN,2026-09-02T14:00:21.058994+00:00,22,77146.0,77346.83,UP,0
2026-09-02T14:00:00+00:00,15,?,DOWN,2026-09-02T14:06:20.208984+00:00,381,77146.0,77346.83,UP,0
2026-09-02T14:00:00+00:00,15,K9,UP,2026-09-02T14:00:21.058994+00:00,22,77146.0,77346.83,UP,1
2026-09-02T14:00:00+00:00,15,K4,UP,2026-09-02T14:00:21.058994+00:00,22,77146.0,77346.83,UP,1
2026-09-02T14:05:00+00:00,5,?,DOWN,2026-09-02T14:06:20.208984+00:00,81,77088.0,77195.2,UP,0
2026-09-02T14:05:00+00:00,5,K10,UP,2026-09-02T14:06:01.405382+00:00,62,77088.0,77195.2,UP,1
2026-09-02T14:05:00+00:00,5,K11,UP,2026-09-02T14:06:42.511498+00:00,103,77088.0,77195.2,UP,1
2026-09-02T14:10:00+00:00,5,K10,UP,2026-09-02T14:11:02.039204+00:00,63,77195.21,77346.83,UP,1
2026-09-02T14:10:00+00:00,5,K11,UP,2026-09-02T14:12:04.403441+00:00,125,77195.21,77346.83,UP,1
2026-09-02T14:10:00+00:00,5,K9,DOWN,2026-09-02T14:10:21.047933+00:00,22,77195.21,77346.83,UP,0
2026-09-02T14:10:00+00:00,5,K4,DOWN,2026-09-02T14:10:21.047933+00:00,22,77195.21,77346.83,UP,0
2026-09-02T14:15:00+00:00,5,K2,DOWN,2026-09-02T14:15:21.049718+00:00,22,77346.83,77310.32,DOWN,1
2026-09-02T14:15:00+00:00,5,K14,DOWN,2026-09-02T14:15:21.049718+00:00,22,77346.83,77310.32,DOWN,1
2026-09-02T14:15:00+00:00,5,K9,DOWN,2026-09-02T14:15:21.049718+00:00,22,77346.83,77310.32,DOWN,1
2026-09-02T14:15:00+00:00,5,K4,DOWN,2026-09-02T14:15:21.049718+00:00,22,77346.83,77310.32,DOWN,1
2026-09-02T14:15:00+00:00,5,K5,DOWN,2026-09-02T14:15:21.049718+00:00,22,77346.83,77310.32,DOWN,1
2026-09-02T14:15:00+00:00,15,K2,DOWN,2026-09-02T14:15:21.049718+00:00,22,77346.83,77336.51,DOWN,1
2026-09-02T14:15:00+00:00,15,K7,DOWN,2026-09-02T14:15:21.049718+00:00,22,77346.83,77336.51,DOWN,1
2026-09-02T14:15:00+00:00,15,K14,DOWN,2026-09-02T14:15:21.049718+00:00,22,77346.83,77336.51,DOWN,1
2026-09-02T14:15:00+00:00,15,K1,DOWN,2026-09-02T14:15:21.049718+00:00,22,77346.83,77336.51,DOWN,1
2026-09-02T14:15:00+00:00,15,?,DOWN,2026-09-02T14:22:14.874479+00:00,435,77346.83,77336.51,DOWN,1
2026-09-02T14:15:00+00:00,15,K10,DOWN,2026-09-02T14:18:05.262405+00:00,186,77346.83,77336.51,DOWN,1
2026-09-02T14:15:00+00:00,15,K9,DOWN,2026-09-02T14:15:21.049718+00:00,22,77346.83,77336.51,DOWN,1
2026-09-02T14:15:00+00:00,15,K4,DOWN,2026-09-02T14:15:21.049718+00:00,22,77346.83,77336.51,DOWN,1
2026-09-02T14:15:00+00:00,15,K3,DOWN,2026-09-02T14:15:21.049718+00:00,22,77346.83,77336.51,DOWN,1
2026-09-02T14:15:00+00:00,15,K8,DOWN,2026-09-02T14:15:21.049718+00:00,22,77346.83,77336.51,DOWN,1
2026-09-02T14:15:00+00:00,15,K5,DOWN,2026-09-02T14:15:21.049718+00:00,22,77346.83,77336.51,DOWN,1
2026-09-02T14:20:00+00:00,5,K2,DOWN,2026-09-02T14:20:21.082576+00:00,22,77310.32,77261.57,DOWN,1
2026-09-02T14:20:00+00:00,5,K14,DOWN,2026-09-02T14:20:21.082576+00:00,22,77310.32,77261.57,DOWN,1
2026-09-02T14:20:00+00:00,5,?,DOWN,2026-09-02T14:22:14.874479+00:00,135,77310.32,77261.57,DOWN,1
2026-09-02T14:20:00+00:00,5,K11,UP,2026-09-02T14:21:43.278973+00:00,104,77310.32,77261.57,DOWN,0
2026-09-02T14:20:00+00:00,5,K5,DOWN,2026-09-02T14:20:21.082576+00:00,22,77310.32,77261.57,DOWN,1
2026-09-02T14:30:00+00:00,5,?,UP,2026-09-02T14:30:33.160629+00:00,34,77336.52,77210.0,DOWN,0
2026-09-02T14:30:00+00:00,5,K10,DOWN,2026-09-02T14:31:03.152059+00:00,64,77336.52,77210.0,DOWN,1
2026-09-02T14:30:00+00:00,5,K11,DOWN,2026-09-02T14:31:47.051321+00:00,108,77336.52,77210.0,DOWN,1
2026-09-02T14:30:00+00:00,5,K5,DOWN,2026-09-02T14:30:21.057413+00:00,22,77336.52,77210.0,DOWN,1
2026-09-02T14:30:00+00:00,15,K2,DOWN,2026-09-02T14:30:21.057413+00:00,22,77336.52,77324.96,DOWN,1
2026-09-02T14:30:00+00:00,15,?,UP,2026-09-02T14:30:33.160629+00:00,34,77336.52,77324.96,DOWN,0
2026-09-02T14:30:00+00:00,15,K10,DOWN,2026-09-02T14:33:08.185535+00:00,189,77336.52,77324.96,DOWN,1
2026-09-02T14:30:00+00:00,15,K11,DOWN,2026-09-02T14:35:01.005575+00:00,302,77336.52,77324.96,DOWN,1
2026-09-02T14:30:00+00:00,15,K5,DOWN,2026-09-02T14:30:21.057413+00:00,22,77336.52,77324.96,DOWN,1
2026-09-02T14:35:00+00:00,5,K11,DOWN,2026-09-02T14:36:44.188415+00:00,105,77209.99,77189.99,DOWN,1
2026-09-02T14:35:00+00:00,5,K9,UP,2026-09-02T14:35:21.509644+00:00,22,77209.99,77189.99,DOWN,0
2026-09-02T14:35:00+00:00,5,K4,UP,2026-09-02T14:35:21.509644+00:00,22,77209.99,77189.99,DOWN,0
2026-09-02T14:40:00+00:00,5,?,DOWN,2026-09-02T14:44:01.199283+00:00,242,77190.0,77324.96,UP,0
2026-09-02T14:40:00+00:00,5,K10,UP,2026-09-02T14:41:01.256699+00:00,62,77190.0,77324.96,UP,1
2026-09-02T14:45:00+00:00,5,K10,DOWN,2026-09-02T14:46:02.694316+00:00,63,77324.97,77223.99,DOWN,1
2026-09-02T14:45:00+00:00,5,K11,DOWN,2026-09-02T14:46:45.802958+00:00,106,77324.97,77223.99,DOWN,1
2026-09-02T14:45:00+00:00,5,K9,DOWN,2026-09-02T14:45:21.049373+00:00,22,77324.97,77223.99,DOWN,1
2026-09-02T14:45:00+00:00,5,K4,DOWN,2026-09-02T14:45:21.049373+00:00,22,77324.97,77223.99,DOWN,1
2026-09-02T14:45:00+00:00,5,K5,DOWN,2026-09-02T14:45:21.049373+00:00,22,77324.97,77223.99,DOWN,1
2026-09-02T14:45:00+00:00,15,K2,DOWN,2026-09-02T14:45:21.049373+00:00,22,77324.97,77066.42,DOWN,1
2026-09-02T14:45:00+00:00,15,?,UP,2026-09-02T14:54:08.148396+00:00,549,77324.97,77066.42,DOWN,0
2026-09-02T14:45:00+00:00,15,K10,DOWN,2026-09-02T14:48:06.906239+00:00,187,77324.97,77066.42,DOWN,1
2026-09-02T14:45:00+00:00,15,K11,DOWN,2026-09-02T14:50:01.005915+00:00,302,77324.97,77066.42,DOWN,1
2026-09-02T14:45:00+00:00,15,K5,DOWN,2026-09-02T14:45:21.049373+00:00,22,77324.97,77066.42,DOWN,1
2026-09-02T14:50:00+00:00,5,?,UP,2026-09-02T14:54:08.148396+00:00,249,77224.0,77120.54,DOWN,0
2026-09-02T14:50:00+00:00,5,K9,UP,2026-09-02T14:50:21.435747+00:00,22,77224.0,77120.54,DOWN,0
2026-09-02T14:50:00+00:00,5,K4,UP,2026-09-02T14:50:21.435747+00:00,22,77224.0,77120.54,DOWN,0
2026-09-02T14:55:00+00:00,5,K10,UP,2026-09-02T14:56:02.209147+00:00,63,77120.53,77066.42,DOWN,0
2026-09-02T14:55:00+00:00,5,K9,UP,2026-09-02T14:55:21.047888+00:00,22,77120.53,77066.42,DOWN,0
2026-09-02T14:55:00+00:00,5,K4,UP,2026-09-02T14:55:21.047888+00:00,22,77120.53,77066.42,DOWN,0
2026-09-02T15:00:00+00:00,5,K14,UP,2026-09-02T15:00:21.056414+00:00,22,77066.42,77070.4,UP,1
2026-09-02T15:00:00+00:00,5,?,UP,2026-09-02T15:00:06.965931+00:00,7,77066.42,77070.4,UP,1
2026-09-02T15:00:00+00:00,5,K10,DOWN,2026-09-02T15:01:03.318046+00:00,64,77066.42,77070.4,UP,0
2026-09-02T15:00:00+00:00,5,K11,DOWN,2026-09-02T15:01:45.870621+00:00,106,77066.42,77070.4,UP,0
2026-09-02T15:00:00+00:00,5,K15,UP,2026-09-02T15:00:21.056414+00:00,22,77066.42,77070.4,UP,1
2026-09-02T15:00:00+00:00,15,K14,UP,2026-09-02T15:00:21.056414+00:00,22,77066.42,76819.99,DOWN,0
2026-09-02T15:00:00+00:00,15,?,UP,2026-09-02T15:00:06.965931+00:00,7,77066.42,76819.99,DOWN,0
2026-09-02T15:00:00+00:00,15,K9,UP,2026-09-02T15:00:21.056414+00:00,22,77066.42,76819.99,DOWN,0
2026-09-02T15:00:00+00:00,15,K4,UP,2026-09-02T15:00:21.056414+00:00,22,77066.42,76819.99,DOWN,0
2026-09-02T15:00:00+00:00,15,K15,UP,2026-09-02T15:00:21.056414+00:00,22,77066.42,76819.99,DOWN,0
2026-09-02T15:05:00+00:00,5,K14,UP,2026-09-02T15:05:21.075809+00:00,22,77070.41,76852.19,DOWN,0
2026-09-02T15:05:00+00:00,5,K10,UP,2026-09-02T15:06:02.134977+00:00,63,77070.41,76852.19,DOWN,0
2026-09-02T15:05:00+00:00,5,K11,UP,2026-09-02T15:06:44.017698+00:00,105,77070.41,76852.19,DOWN,0
2026-09-02T15:05:00+00:00,5,K16,UP,2026-09-02T15:06:23.061665+00:00,84,77070.41,76852.19,DOWN,0
2026-09-02T15:10:00+00:00,5,K2,UP,2026-09-02T15:10:21.049935+00:00,22,76852.19,76819.99,DOWN,0
2026-09-02T15:10:00+00:00,5,K14,UP,2026-09-02T15:10:21.049935+00:00,22,76852.19,76819.99,DOWN,0
2026-09-02T15:10:00+00:00,5,K10,DOWN,2026-09-02T15:11:03.062848+00:00,64,76852.19,76819.99,DOWN,1
2026-09-02T15:10:00+00:00,5,K9,UP,2026-09-02T15:10:21.049935+00:00,22,76852.19,76819.99,DOWN,0
2026-09-02T15:10:00+00:00,5,K4,UP,2026-09-02T15:10:21.049935+00:00,22,76852.19,76819.99,DOWN,0
2026-09-02T15:10:00+00:00,5,K16,UP,2026-09-02T15:10:21.049935+00:00,22,76852.19,76819.99,DOWN,0
2026-09-02T15:15:00+00:00,5,K2,UP,2026-09-02T15:15:21.052814+00:00,22,76819.99,77130.31,UP,1
2026-09-02T15:15:00+00:00,5,K14,UP,2026-09-02T15:15:21.052814+00:00,22,76819.99,77130.31,UP,1
2026-09-02T15:15:00+00:00,5,?,DOWN,2026-09-02T15:19:30.115648+00:00,271,76819.99,77130.31,UP,0
2026-09-02T15:15:00+00:00,5,K10,UP,2026-09-02T15:16:02.683453+00:00,63,76819.99,77130.31,UP,1
2026-09-02T15:15:00+00:00,5,K11,UP,2026-09-02T15:17:05.565696+00:00,126,76819.99,77130.31,UP,1
2026-09-02T15:15:00+00:00,5,K16,UP,2026-09-02T15:15:21.052814+00:00,22,76819.99,77130.31,UP,1
2026-09-02T15:15:00+00:00,15,K14,UP,2026-09-02T15:15:21.052814+00:00,22,76819.99,77039.92,UP,1
2026-09-02T15:15:00+00:00,15,?,DOWN,2026-09-02T15:19:30.115648+00:00,271,76819.99,77039.92,UP,0
2026-09-02T15:15:00+00:00,15,K10,UP,2026-09-02T15:18:06.205595+00:00,187,76819.99,77039.92,UP,1
2026-09-02T15:15:00+00:00,15,K11,UP,2026-09-02T15:20:01.006192+00:00,302,76819.99,77039.92,UP,1
2026-09-02T15:15:00+00:00,15,K9,UP,2026-09-02T15:15:21.052814+00:00,22,76819.99,77039.92,UP,1
2026-09-02T15:15:00+00:00,15,K4,UP,2026-09-02T15:15:21.052814+00:00,22,76819.99,77039.92,UP,1
2026-09-02T15:15:00+00:00,15,K16,UP,2026-09-02T15:15:21.052814+00:00,22,76819.99,77039.92,UP,1
2026-09-02T15:20:00+00:00,5,K10,DOWN,2026-09-02T15:21:02.800703+00:00,63,77130.3,77004.77,DOWN,1
2026-09-02T15:20:00+00:00,5,K11,DOWN,2026-09-02T15:21:44.855383+00:00,105,77130.3,77004.77,DOWN,1
2026-09-02T15:20:00+00:00,5,K9,DOWN,2026-09-02T15:20:21.413545+00:00,22,77130.3,77004.77,DOWN,1
2026-09-02T15:20:00+00:00,5,K4,DOWN,2026-09-02T15:20:21.413545+00:00,22,77130.3,77004.77,DOWN,1
2026-09-02T15:20:00+00:00,5,K15,DOWN,2026-09-02T15:20:21.413545+00:00,22,77130.3,77004.77,DOWN,1
2026-09-02T15:25:00+00:00,5,K9,UP,2026-09-02T15:25:21.048605+00:00,22,77004.76,77039.92,UP,1
2026-09-02T15:25:00+00:00,5,K4,UP,2026-09-02T15:25:21.048605+00:00,22,77004.76,77039.92,UP,1
2026-09-02T15:30:00+00:00,5,?,DOWN,2026-09-02T15:32:44.977712+00:00,165,77039.91,77294.0,UP,0
2026-09-02T15:30:00+00:00,15,?,DOWN,2026-09-02T15:32:44.977712+00:00,165,77039.91,77369.78,UP,0
2026-09-02T15:30:00+00:00,15,K10,UP,2026-09-02T15:33:03.764965+00:00,184,77039.91,77369.78,UP,1
2026-09-02T15:30:00+00:00,15,K11,UP,2026-09-02T15:35:01.004342+00:00,302,77039.91,77369.78,UP,1
2026-09-02T15:30:00+00:00,15,K9,DOWN,2026-09-02T15:30:21.064492+00:00,22,77039.91,77369.78,UP,0
2026-09-02T15:30:00+00:00,15,K4,DOWN,2026-09-02T15:30:21.064492+00:00,22,77039.91,77369.78,UP,0
2026-09-02T15:35:00+00:00,5,?,DOWN,2026-09-02T15:35:07.640023+00:00,8,77294.0,77144.01,DOWN,1
2026-09-02T15:35:00+00:00,5,K9,DOWN,2026-09-02T15:35:21.411745+00:00,22,77294.0,77144.01,DOWN,1
2026-09-02T15:35:00+00:00,5,K4,DOWN,2026-09-02T15:35:21.411745+00:00,22,77294.0,77144.01,DOWN,1
2026-09-02T15:35:00+00:00,5,K15,DOWN,2026-09-02T15:36:23.191982+00:00,84,77294.0,77144.01,DOWN,1
2026-09-02T15:40:00+00:00,5,?,DOWN,2026-09-02T15:42:33.795079+00:00,154,77144.01,77369.78,UP,0
2026-09-02T15:40:00+00:00,5,K11,UP,2026-09-02T15:41:45.085892+00:00,106,77144.01,77369.78,UP,1
2026-09-02T15:40:00+00:00,5,K9,UP,2026-09-02T15:40:21.048391+00:00,22,77144.01,77369.78,UP,1
2026-09-02T15:40:00+00:00,5,K4,UP,2026-09-02T15:40:21.048391+00:00,22,77144.01,77369.78,UP,1
2026-09-02T15:40:00+00:00,5,K15,DOWN,2026-09-02T15:40:21.048391+00:00,22,77144.01,77369.78,UP,0
2026-09-02T15:45:00+00:00,5,?,DOWN,2026-09-02T15:46:31.241008+00:00,92,77369.78,77185.06,DOWN,1
2026-09-02T15:45:00+00:00,5,K10,DOWN,2026-09-02T15:46:02.783379+00:00,63,77369.78,77185.06,DOWN,1
2026-09-02T15:45:00+00:00,5,K11,DOWN,2026-09-02T15:46:47.236551+00:00,108,77369.78,77185.06,DOWN,1
2026-09-02T15:45:00+00:00,5,K9,DOWN,2026-09-02T15:45:21.050278+00:00,22,77369.78,77185.06,DOWN,1
2026-09-02T15:45:00+00:00,5,K4,DOWN,2026-09-02T15:45:21.050278+00:00,22,77369.78,77185.06,DOWN,1
2026-09-02T15:45:00+00:00,5,K5,DOWN,2026-09-02T15:45:21.050278+00:00,22,77369.78,77185.06,DOWN,1
2026-09-02T15:45:00+00:00,15,?,DOWN,2026-09-02T15:46:31.241008+00:00,92,77369.78,77288.98,DOWN,1
2026-09-02T15:45:00+00:00,15,K10,DOWN,2026-09-02T15:48:08.341381+00:00,189,77369.78,77288.98,DOWN,1
2026-09-02T15:45:00+00:00,15,K11,DOWN,2026-09-02T15:50:01.006175+00:00,302,77369.78,77288.98,DOWN,1
2026-09-02T15:45:00+00:00,15,K9,DOWN,2026-09-02T15:45:21.050278+00:00,22,77369.78,77288.98,DOWN,1
2026-09-02T15:45:00+00:00,15,K4,DOWN,2026-09-02T15:45:21.050278+00:00,22,77369.78,77288.98,DOWN,1
2026-09-02T15:45:00+00:00,15,K8,DOWN,2026-09-02T15:45:21.050278+00:00,22,77369.78,77288.98,DOWN,1
2026-09-02T15:45:00+00:00,15,K5,DOWN,2026-09-02T15:45:21.050278+00:00,22,77369.78,77288.98,DOWN,1
2026-09-02T15:50:00+00:00,5,K9,UP,2026-09-02T15:50:21.489551+00:00,22,77185.07,77224.54,UP,1
2026-09-02T15:50:00+00:00,5,K4,UP,2026-09-02T15:50:21.489551+00:00,22,77185.07,77224.54,UP,1
2026-09-02T15:50:00+00:00,5,K15,UP,2026-09-02T15:51:25.959876+00:00,86,77185.07,77224.54,UP,1
2026-09-02T15:55:00+00:00,5,K10,UP,2026-09-02T15:56:02.089010+00:00,63,77224.55,77288.98,UP,1
2026-09-02T15:55:00+00:00,5,K15,DOWN,2026-09-02T15:55:21.048150+00:00,22,77224.55,77288.98,UP,0
2026-09-02T16:00:00+00:00,5,K11,DOWN,2026-09-02T16:01:45.902447+00:00,106,77288.97,77296.0,UP,0
2026-09-02T16:00:00+00:00,5,K15,UP,2026-09-02T16:00:21.057858+00:00,22,77288.97,77296.0,UP,1
2026-09-02T16:00:00+00:00,15,?,DOWN,2026-09-02T16:10:55.414156+00:00,656,77288.97,77356.01,UP,0
2026-09-02T16:00:00+00:00,15,K15,UP,2026-09-02T16:00:21.057858+00:00,22,77288.97,77356.01,UP,1
2026-09-02T16:00:00+00:00,15,K5,DOWN,2026-09-02T16:00:21.057858+00:00,22,77288.97,77356.01,UP,0
2026-09-02T16:05:00+00:00,5,K5,DOWN,2026-09-02T16:05:21.076604+00:00,22,77296.0,77303.38,UP,0
2026-09-02T16:10:00+00:00,5,?,DOWN,2026-09-02T16:10:55.414156+00:00,56,77303.37,77356.01,UP,0
2026-09-02T16:10:00+00:00,5,K5,DOWN,2026-09-02T16:10:21.047664+00:00,22,77303.37,77356.01,UP,0
2026-09-02T16:15:00+00:00,5,?,UP,2026-09-02T16:16:57.837668+00:00,118,77356.01,77482.77,UP,1
2026-09-02T16:15:00+00:00,5,K16,DOWN,2026-09-02T16:15:21.048807+00:00,22,77356.01,77482.77,UP,0
2026-09-02T16:15:00+00:00,5,K8,DOWN,2026-09-02T16:15:21.048807+00:00,22,77356.01,77482.77,UP,0
2026-09-02T16:15:00+00:00,5,K5,DOWN,2026-09-02T16:15:21.048807+00:00,22,77356.01,77482.77,UP,0
2026-09-02T16:15:00+00:00,15,?,UP,2026-09-02T16:16:57.837668+00:00,118,77356.01,77464.02,UP,1
2026-09-02T16:15:00+00:00,15,K11,UP,2026-09-02T16:20:01.006488+00:00,302,77356.01,77464.02,UP,1
2026-09-02T16:15:00+00:00,15,K16,DOWN,2026-09-02T16:15:21.048807+00:00,22,77356.01,77464.02,UP,0
2026-09-02T16:15:00+00:00,15,K5,DOWN,2026-09-02T16:15:21.048807+00:00,22,77356.01,77464.02,UP,0
2026-09-02T16:20:00+00:00,5,K2,DOWN,2026-09-02T16:20:21.482596+00:00,22,77482.78,77549.77,UP,0
2026-09-02T16:20:00+00:00,5,K14,DOWN,2026-09-02T16:20:21.482596+00:00,22,77482.78,77549.77,UP,0
2026-09-02T16:20:00+00:00,5,?,UP,2026-09-02T16:20:56.058533+00:00,57,77482.78,77549.77,UP,1
2026-09-02T16:20:00+00:00,5,K9,DOWN,2026-09-02T16:20:21.482596+00:00,22,77482.78,77549.77,UP,0
2026-09-02T16:20:00+00:00,5,K4,DOWN,2026-09-02T16:20:21.482596+00:00,22,77482.78,77549.77,UP,0
2026-09-02T16:20:00+00:00,5,K16,DOWN,2026-09-02T16:20:21.482596+00:00,22,77482.78,77549.77,UP,0
2026-09-02T16:20:00+00:00,5,K8,DOWN,2026-09-02T16:20:21.482596+00:00,22,77482.78,77549.77,UP,0
2026-09-02T16:20:00+00:00,5,K5,DOWN,2026-09-02T16:20:21.482596+00:00,22,77482.78,77549.77,UP,0
2026-09-02T16:25:00+00:00,5,K2,DOWN,2026-09-02T16:25:21.057300+00:00,22,77549.76,77464.02,DOWN,1
2026-09-02T16:25:00+00:00,5,?,UP,2026-09-02T16:26:05.182619+00:00,66,77549.76,77464.02,DOWN,0
2026-09-02T16:25:00+00:00,5,K16,DOWN,2026-09-02T16:25:21.057300+00:00,22,77549.76,77464.02,DOWN,1
2026-09-02T16:25:00+00:00,5,K8,DOWN,2026-09-02T16:25:21.057300+00:00,22,77549.76,77464.02,DOWN,1
2026-09-02T16:25:00+00:00,5,K5,DOWN,2026-09-02T16:25:21.057300+00:00,22,77549.76,77464.02,DOWN,1
2026-09-02T16:30:00+00:00,5,K10,UP,2026-09-02T16:31:03.560132+00:00,64,77464.03,77530.69,UP,1
2026-09-02T16:30:00+00:00,5,K11,UP,2026-09-02T16:32:07.036091+00:00,128,77464.03,77530.69,UP,1
2026-09-02T16:30:00+00:00,5,K9,UP,2026-09-02T16:30:21.057014+00:00,22,77464.03,77530.69,UP,1
2026-09-02T16:30:00+00:00,5,K4,UP,2026-09-02T16:30:21.057014+00:00,22,77464.03,77530.69,UP,1
2026-09-02T16:30:00+00:00,5,K5,DOWN,2026-09-02T16:30:21.057014+00:00,22,77464.03,77530.69,UP,0
2026-09-02T16:30:00+00:00,15,K10,UP,2026-09-02T16:33:07.566892+00:00,188,77464.03,77264.28,DOWN,0
2026-09-02T16:30:00+00:00,15,K5,DOWN,2026-09-02T16:30:21.057014+00:00,22,77464.03,77264.28,DOWN,1
2026-09-02T16:35:00+00:00,5,K14,UP,2026-09-02T16:35:21.081693+00:00,22,77530.7,77409.62,DOWN,0
2026-09-02T16:35:00+00:00,5,K10,DOWN,2026-09-02T16:36:02.684750+00:00,63,77530.7,77409.62,DOWN,1
2026-09-02T16:35:00+00:00,5,K11,DOWN,2026-09-02T16:36:45.117448+00:00,106,77530.7,77409.62,DOWN,1
2026-09-02T16:35:00+00:00,5,K8,DOWN,2026-09-02T16:35:21.081693+00:00,22,77530.7,77409.62,DOWN,1
2026-09-02T16:35:00+00:00,5,K5,DOWN,2026-09-02T16:35:21.081693+00:00,22,77530.7,77409.62,DOWN,1
2026-09-02T16:40:00+00:00,5,K14,UP,2026-09-02T16:40:21.051085+00:00,22,77409.63,77264.28,DOWN,0
2026-09-02T16:40:00+00:00,5,K11,DOWN,2026-09-02T16:41:43.093335+00:00,104,77409.63,77264.28,DOWN,1
2026-09-02T16:40:00+00:00,5,K9,UP,2026-09-02T16:40:21.051085+00:00,22,77409.63,77264.28,DOWN,0
2026-09-02T16:40:00+00:00,5,K4,UP,2026-09-02T16:40:21.051085+00:00,22,77409.63,77264.28,DOWN,0
2026-09-02T16:45:00+00:00,5,K14,UP,2026-09-02T16:45:21.049518+00:00,22,77264.29,77292.38,UP,1
2026-09-02T16:45:00+00:00,5,K9,UP,2026-09-02T16:45:21.049518+00:00,22,77264.29,77292.38,UP,1
2026-09-02T16:45:00+00:00,5,K4,UP,2026-09-02T16:45:21.049518+00:00,22,77264.29,77292.38,UP,1
2026-09-02T16:45:00+00:00,5,K15,UP,2026-09-02T16:45:21.049518+00:00,22,77264.29,77292.38,UP,1
2026-09-02T16:45:00+00:00,15,K14,UP,2026-09-02T16:45:21.049518+00:00,22,77264.29,77171.5,DOWN,0
2026-09-02T16:45:00+00:00,15,K9,UP,2026-09-02T16:45:21.049518+00:00,22,77264.29,77171.5,DOWN,0
2026-09-02T16:45:00+00:00,15,K4,UP,2026-09-02T16:45:21.049518+00:00,22,77264.29,77171.5,DOWN,0
2026-09-02T16:45:00+00:00,15,K15,UP,2026-09-02T16:45:21.049518+00:00,22,77264.29,77171.5,DOWN,0
2026-09-02T16:55:00+00:00,5,K14,UP,2026-09-02T16:55:21.047376+00:00,22,77265.26,77171.5,DOWN,0
2026-09-02T17:00:00+00:00,5,?,DOWN,2026-09-02T17:00:12.651935+00:00,13,77171.51,77191.99,UP,0
2026-09-02T17:00:00+00:00,5,K10,UP,2026-09-02T17:01:01.986687+00:00,62,77171.51,77191.99,UP,1
2026-09-02T17:00:00+00:00,5,K9,UP,2026-09-02T17:00:21.058349+00:00,22,77171.51,77191.99,UP,1
2026-09-02T17:00:00+00:00,5,K4,UP,2026-09-02T17:00:21.058349+00:00,22,77171.51,77191.99,UP,1
2026-09-02T17:00:00+00:00,5,K15,UP,2026-09-02T17:01:22.858662+00:00,83,77171.51,77191.99,UP,1
2026-09-02T17:00:00+00:00,15,?,DOWN,2026-09-02T17:00:12.651935+00:00,13,77171.51,77128.83,DOWN,1
2026-09-02T17:00:00+00:00,15,K15,UP,2026-09-02T17:01:22.858662+00:00,83,77171.51,77128.83,DOWN,0
2026-09-02T17:05:00+00:00,5,?,DOWN,2026-09-02T17:07:23.115669+00:00,144,77192.0,77108.91,DOWN,1
2026-09-02T17:05:00+00:00,5,K10,DOWN,2026-09-02T17:06:02.445445+00:00,63,77192.0,77108.91,DOWN,1
2026-09-02T17:05:00+00:00,5,K11,DOWN,2026-09-02T17:06:44.323253+00:00,105,77192.0,77108.91,DOWN,1
2026-09-02T17:05:00+00:00,5,K15,UP,2026-09-02T17:05:01.005908+00:00,2,77192.0,77108.91,DOWN,0
2026-09-02T17:10:00+00:00,5,K2,UP,2026-09-02T17:10:21.048594+00:00,22,77108.92,77128.83,UP,1
2026-09-02T17:10:00+00:00,5,K10,UP,2026-09-02T17:11:02.065789+00:00,63,77108.92,77128.83,UP,1
2026-09-02T17:10:00+00:00,5,K11,UP,2026-09-02T17:12:05.185289+00:00,126,77108.92,77128.83,UP,1
2026-09-02T17:10:00+00:00,5,K9,UP,2026-09-02T17:10:21.048594+00:00,22,77108.92,77128.83,UP,1
2026-09-02T17:10:00+00:00,5,K4,UP,2026-09-02T17:10:21.048594+00:00,22,77108.92,77128.83,UP,1
2026-09-02T17:10:00+00:00,5,K15,UP,2026-09-02T17:10:21.048594+00:00,22,77108.92,77128.83,UP,1
2026-09-02T17:10:00+00:00,5,K5,UP,2026-09-02T17:10:21.048594+00:00,22,77108.92,77128.83,UP,1
2026-09-02T17:15:00+00:00,5,K5,UP,2026-09-02T17:15:21.051538+00:00,22,77128.83,77035.99,DOWN,0
2026-09-02T17:15:00+00:00,15,?,UP,2026-09-02T17:21:22.935436+00:00,383,77128.83,77100.0,DOWN,0
2026-09-02T17:15:00+00:00,15,K11,DOWN,2026-09-02T17:20:01.004660+00:00,302,77128.83,77100.0,DOWN,1
2026-09-02T17:20:00+00:00,5,K2,UP,2026-09-02T17:20:21.635155+00:00,22,77035.99,77066.31,UP,1
2026-09-02T17:20:00+00:00,5,?,UP,2026-09-02T17:21:22.935436+00:00,83,77035.99,77066.31,UP,1
2026-09-02T17:20:00+00:00,5,K9,UP,2026-09-02T17:20:21.635155+00:00,22,77035.99,77066.31,UP,1
2026-09-02T17:20:00+00:00,5,K4,UP,2026-09-02T17:20:21.635155+00:00,22,77035.99,77066.31,UP,1
2026-09-02T17:20:00+00:00,5,K8,UP,2026-09-02T17:20:21.635155+00:00,22,77035.99,77066.31,UP,1
2026-09-02T17:20:00+00:00,5,K5,UP,2026-09-02T17:20:21.635155+00:00,22,77035.99,77066.31,UP,1
2026-09-02T17:25:00+00:00,5,K5,UP,2026-09-02T17:25:21.050324+00:00,22,77066.31,77100.0,UP,1
2026-09-02T17:30:00+00:00,5,?,DOWN,2026-09-02T17:30:39.635915+00:00,40,77099.99,77203.32,UP,0
2026-09-02T17:30:00+00:00,15,?,DOWN,2026-09-02T17:30:39.635915+00:00,40,77099.99,77308.9,UP,0
2026-09-02T17:30:00+00:00,15,K11,UP,2026-09-02T17:35:01.004480+00:00,302,77099.99,77308.9,UP,1
2026-09-02T17:35:00+00:00,5,K14,DOWN,2026-09-02T17:35:21.456239+00:00,22,77203.31,77144.0,DOWN,1
2026-09-02T17:35:00+00:00,5,?,DOWN,2026-09-02T17:39:34.513285+00:00,275,77203.31,77144.0,DOWN,1
2026-09-02T17:35:00+00:00,5,K9,DOWN,2026-09-02T17:35:21.456239+00:00,22,77203.31,77144.0,DOWN,1
2026-09-02T17:35:00+00:00,5,K4,DOWN,2026-09-02T17:35:21.456239+00:00,22,77203.31,77144.0,DOWN,1
2026-09-02T17:40:00+00:00,5,K14,DOWN,2026-09-02T17:40:01.005649+00:00,2,77143.99,77308.9,UP,0
2026-09-02T17:40:00+00:00,5,?,DOWN,2026-09-02T17:44:33.961123+00:00,274,77143.99,77308.9,UP,0
2026-09-02T17:40:00+00:00,5,K10,UP,2026-09-02T17:41:02.335534+00:00,63,77143.99,77308.9,UP,1
2026-09-02T17:45:00+00:00,5,K14,DOWN,2026-09-02T17:45:21.048814+00:00,22,77308.91,77384.97,UP,0
2026-09-02T17:45:00+00:00,5,?,DOWN,2026-09-02T17:45:39.670924+00:00,40,77308.91,77384.97,UP,0
2026-09-02T17:45:00+00:00,5,K10,UP,2026-09-02T17:46:02.713008+00:00,63,77308.91,77384.97,UP,1
2026-09-02T17:45:00+00:00,5,K11,UP,2026-09-02T17:47:05.235599+00:00,126,77308.91,77384.97,UP,1
2026-09-02T17:45:00+00:00,5,K9,DOWN,2026-09-02T17:45:21.048814+00:00,22,77308.91,77384.97,UP,0
2026-09-02T17:45:00+00:00,5,K4,DOWN,2026-09-02T17:45:21.048814+00:00,22,77308.91,77384.97,UP,0
2026-09-02T17:45:00+00:00,15,K14,DOWN,2026-09-02T17:45:21.048814+00:00,22,77308.91,77381.66,UP,0
2026-09-02T17:45:00+00:00,15,?,DOWN,2026-09-02T17:45:39.670924+00:00,40,77308.91,77381.66,UP,0
2026-09-02T17:45:00+00:00,15,K9,DOWN,2026-09-02T17:45:21.048814+00:00,22,77308.91,77381.66,UP,0
2026-09-02T17:45:00+00:00,15,K4,DOWN,2026-09-02T17:45:21.048814+00:00,22,77308.91,77381.66,UP,0
2026-09-02T17:50:00+00:00,5,?,UP,2026-09-02T17:50:48.486226+00:00,49,77384.98,77345.4,DOWN,0
2026-09-02T17:55:00+00:00,5,K16,DOWN,2026-09-02T17:55:21.047865+00:00,22,77345.4,77381.66,UP,0
2026-09-02T18:00:00+00:00,15,?,DOWN,2026-09-02T18:08:46.042566+00:00,527,77381.65,77411.84,UP,0
2026-09-02T18:05:00+00:00,5,K14,UP,2026-09-02T18:05:21.073681+00:00,22,77356.94,77428.93,UP,1
2026-09-02T18:05:00+00:00,5,?,DOWN,2026-09-02T18:08:46.042566+00:00,227,77356.94,77428.93,UP,0
2026-09-02T18:10:00+00:00,5,?,DOWN,2026-09-02T18:14:00.470430+00:00,241,77428.93,77411.84,DOWN,1
2026-09-02T18:15:00+00:00,5,?,DOWN,2026-09-02T18:15:13.254898+00:00,14,77411.85,77454.76,UP,0
2026-09-02T18:15:00+00:00,15,?,DOWN,2026-09-02T18:15:13.254898+00:00,14,77411.85,77447.28,UP,0
2026-09-02T18:15:00+00:00,15,K5,DOWN,2026-09-02T18:15:21.048483+00:00,22,77411.85,77447.28,UP,0
2026-09-02T18:20:00+00:00,5,K2,DOWN,2026-09-02T18:20:21.074774+00:00,22,77454.76,77452.98,DOWN,1
2026-09-02T18:20:00+00:00,5,K5,DOWN,2026-09-02T18:20:21.074774+00:00,22,77454.76,77452.98,DOWN,1
2026-09-02T18:25:00+00:00,5,K5,DOWN,2026-09-02T18:25:21.048410+00:00,22,77452.98,77447.28,DOWN,1
2026-09-02T18:30:00+00:00,5,?,UP,2026-09-02T18:30:33.843260+00:00,34,77447.28,77396.0,DOWN,0
2026-09-02T18:30:00+00:00,5,K5,DOWN,2026-09-02T18:30:21.054184+00:00,22,77447.28,77396.0,DOWN,1
2026-09-02T18:30:00+00:00,15,?,UP,2026-09-02T18:30:33.843260+00:00,34,77447.28,77314.0,DOWN,0
2026-09-02T18:30:00+00:00,15,K5,DOWN,2026-09-02T18:30:21.054184+00:00,22,77447.28,77314.0,DOWN,1
2026-09-02T18:35:00+00:00,5,K14,UP,2026-09-02T18:35:21.076048+00:00,22,77395.99,77319.01,DOWN,0
2026-09-02T18:40:00+00:00,5,K14,UP,2026-09-02T18:40:21.047698+00:00,22,77319.01,77314.0,DOWN,0
2026-09-02T18:45:00+00:00,5,K14,UP,2026-09-02T18:45:21.048675+00:00,22,77314.01,77400.4,UP,1
2026-09-02T18:45:00+00:00,15,K14,UP,2026-09-02T18:45:21.048675+00:00,22,77314.01,77377.76,UP,1
2026-09-02T18:50:00+00:00,5,K9,DOWN,2026-09-02T18:50:21.075392+00:00,22,77400.4,77360.01,DOWN,1
2026-09-02T18:50:00+00:00,5,K4,DOWN,2026-09-02T18:50:21.075392+00:00,22,77400.4,77360.01,DOWN,1
2026-09-02T19:00:00+00:00,15,?,UP,2026-09-02T19:10:38.994742+00:00,639,77377.76,77391.78,UP,1
2026-09-02T19:10:00+00:00,5,?,UP,2026-09-02T19:10:38.994742+00:00,39,77388.69,77391.78,UP,1
2026-09-02T19:10:00+00:00,5,K11,DOWN,2026-09-02T19:11:41.594049+00:00,102,77388.69,77391.78,UP,0
2026-09-02T19:15:00+00:00,15,K10,DOWN,2026-09-02T19:18:02.062724+00:00,183,77391.77,77168.66,DOWN,1
2026-09-02T19:20:00+00:00,5,K2,UP,2026-09-02T19:20:21.074401+00:00,22,77308.49,77240.01,DOWN,0
2026-09-02T19:20:00+00:00,5,K10,DOWN,2026-09-02T19:21:02.033800+00:00,63,77308.49,77240.01,DOWN,1
2026-09-02T19:20:00+00:00,5,K9,UP,2026-09-02T19:20:21.074401+00:00,22,77308.49,77240.01,DOWN,0
2026-09-02T19:20:00+00:00,5,K4,UP,2026-09-02T19:20:21.074401+00:00,22,77308.49,77240.01,DOWN,0
2026-09-02T19:25:00+00:00,5,K2,UP,2026-09-02T19:25:21.048798+00:00,22,77240.0,77168.66,DOWN,0
2026-09-02T19:25:00+00:00,5,K7,UP,2026-09-02T19:25:21.048798+00:00,22,77240.0,77168.66,DOWN,0
2026-09-02T19:25:00+00:00,5,K4,UP,2026-09-02T19:25:21.048798+00:00,22,77240.0,77168.66,DOWN,0
2026-09-02T19:25:00+00:00,5,K8,UP,2026-09-02T19:25:21.048798+00:00,22,77240.0,77168.66,DOWN,0
2026-09-02T19:25:00+00:00,5,K5,UP,2026-09-02T19:25:21.048798+00:00,22,77240.0,77168.66,DOWN,0
2026-09-02T19:30:00+00:00,5,K2,UP,2026-09-02T19:30:21.056890+00:00,22,77168.66,77139.21,DOWN,0
2026-09-02T19:30:00+00:00,5,K7,UP,2026-09-02T19:30:21.056890+00:00,22,77168.66,77139.21,DOWN,0
2026-09-02T19:30:00+00:00,5,K14,UP,2026-09-02T19:30:21.056890+00:00,22,77168.66,77139.21,DOWN,0
2026-09-02T19:30:00+00:00,5,?,UP,2026-09-02T19:30:18.761269+00:00,19,77168.66,77139.21,DOWN,0
2026-09-02T19:30:00+00:00,5,K4,UP,2026-09-02T19:30:21.056890+00:00,22,77168.66,77139.21,DOWN,0
2026-09-02T19:30:00+00:00,5,K8,UP,2026-09-02T19:30:21.056890+00:00,22,77168.66,77139.21,DOWN,0
2026-09-02T19:30:00+00:00,5,K5,UP,2026-09-02T19:30:21.056890+00:00,22,77168.66,77139.21,DOWN,0
2026-09-02T19:30:00+00:00,15,K14,UP,2026-09-02T19:30:21.056890+00:00,22,77168.66,77230.12,UP,1
2026-09-02T19:30:00+00:00,15,?,UP,2026-09-02T19:30:18.761269+00:00,19,77168.66,77230.12,UP,1
2026-09-02T19:30:00+00:00,15,K9,UP,2026-09-02T19:30:21.056890+00:00,22,77168.66,77230.12,UP,1
2026-09-02T19:30:00+00:00,15,K4,UP,2026-09-02T19:30:21.056890+00:00,22,77168.66,77230.12,UP,1
2026-09-02T19:35:00+00:00,5,K2,UP,2026-09-02T19:35:21.077250+00:00,22,77139.22,77184.0,UP,1
2026-09-02T19:35:00+00:00,5,K7,UP,2026-09-02T19:35:21.077250+00:00,22,77139.22,77184.0,UP,1
2026-09-02T19:35:00+00:00,5,K4,UP,2026-09-02T19:35:21.077250+00:00,22,77139.22,77184.0,UP,1
2026-09-02T19:35:00+00:00,5,K8,UP,2026-09-02T19:35:21.077250+00:00,22,77139.22,77184.0,UP,1
2026-09-02T19:35:00+00:00,5,K5,UP,2026-09-02T19:35:21.077250+00:00,22,77139.22,77184.0,UP,1
2026-09-02T19:40:00+00:00,5,K2,UP,2026-09-02T19:40:21.049048+00:00,22,77184.0,77230.12,UP,1
2026-09-02T19:40:00+00:00,5,K10,UP,2026-09-02T19:41:02.571923+00:00,63,77184.0,77230.12,UP,1
2026-09-02T19:40:00+00:00,5,K5,UP,2026-09-02T19:40:21.049048+00:00,22,77184.0,77230.12,UP,1
2026-09-02T19:45:00+00:00,5,?,UP,2026-09-02T19:49:25.811924+00:00,266,77230.12,77219.78,DOWN,0
2026-09-02T19:45:00+00:00,15,?,UP,2026-09-02T19:49:25.811924+00:00,266,77230.12,77341.47,UP,1
2026-09-02T19:50:00+00:00,5,K11,UP,2026-09-02T19:52:01.923116+00:00,122,77219.77,77189.71,DOWN,0
2026-09-02T19:55:00+00:00,5,?,UP,2026-09-02T19:55:05.624658+00:00,6,77189.72,77341.47,UP,1
2026-09-02T19:55:00+00:00,5,K5,UP,2026-09-02T19:55:21.047520+00:00,22,77189.72,77341.47,UP,1
2026-09-02T20:00:00+00:00,5,K9,DOWN,2026-09-02T20:00:01.005461+00:00,2,77341.48,77475.25,UP,0
2026-09-02T20:00:00+00:00,5,K4,DOWN,2026-09-02T20:00:01.005461+00:00,2,77341.48,77475.25,UP,0
2026-09-02T20:00:00+00:00,15,?,DOWN,2026-09-02T20:06:53.538026+00:00,414,77341.48,77364.33,UP,0
2026-09-02T20:00:00+00:00,15,K11,UP,2026-09-02T20:05:01.005313+00:00,302,77341.48,77364.33,UP,1
2026-09-02T20:05:00+00:00,5,K2,DOWN,2026-09-02T20:05:21.478265+00:00,22,77475.24,77387.88,DOWN,1
2026-09-02T20:05:00+00:00,5,?,DOWN,2026-09-02T20:06:53.538026+00:00,114,77475.24,77387.88,DOWN,1
2026-09-02T20:05:00+00:00,5,K10,DOWN,2026-09-02T20:06:02.740701+00:00,63,77475.24,77387.88,DOWN,1
2026-09-02T20:05:00+00:00,5,K9,DOWN,2026-09-02T20:05:21.478265+00:00,22,77475.24,77387.88,DOWN,1
2026-09-02T20:05:00+00:00,5,K4,DOWN,2026-09-02T20:05:21.478265+00:00,22,77475.24,77387.88,DOWN,1
2026-09-02T20:05:00+00:00,5,K8,DOWN,2026-09-02T20:05:21.478265+00:00,22,77475.24,77387.88,DOWN,1
2026-09-02T20:05:00+00:00,5,K5,DOWN,2026-09-02T20:05:21.478265+00:00,22,77475.24,77387.88,DOWN,1
2026-09-02T20:10:00+00:00,5,?,UP,2026-09-02T20:14:00.493527+00:00,241,77387.89,77364.33,DOWN,0
2026-09-02T20:10:00+00:00,5,K9,UP,2026-09-02T20:10:21.049693+00:00,22,77387.89,77364.33,DOWN,0
2026-09-02T20:10:00+00:00,5,K4,UP,2026-09-02T20:10:21.049693+00:00,22,77387.89,77364.33,DOWN,0
2026-09-02T20:15:00+00:00,5,K10,DOWN,2026-09-02T20:16:01.282669+00:00,62,77364.34,77267.73,DOWN,1
2026-09-02T20:15:00+00:00,5,K11,DOWN,2026-09-02T20:16:42.255616+00:00,103,77364.34,77267.73,DOWN,1
2026-09-02T20:15:00+00:00,15,?,DOWN,2026-09-02T20:23:57.461620+00:00,538,77364.34,77382.36,UP,0
2026-09-02T20:15:00+00:00,15,K10,DOWN,2026-09-02T20:18:04.482613+00:00,185,77364.34,77382.36,UP,0
2026-09-02T20:15:00+00:00,15,K11,DOWN,2026-09-02T20:20:01.004943+00:00,302,77364.34,77382.36,UP,0
2026-09-02T20:20:00+00:00,5,K14,UP,2026-09-02T20:20:21.460785+00:00,22,77267.72,77442.32,UP,1
2026-09-02T20:20:00+00:00,5,?,DOWN,2026-09-02T20:23:57.461620+00:00,238,77267.72,77442.32,UP,0
2026-09-02T20:20:00+00:00,5,K10,UP,2026-09-02T20:21:02.744161+00:00,63,77267.72,77442.32,UP,1
2026-09-02T20:20:00+00:00,5,K11,UP,2026-09-02T20:21:44.410276+00:00,105,77267.72,77442.32,UP,1
2026-09-02T20:20:00+00:00,5,K9,UP,2026-09-02T20:20:21.460785+00:00,22,77267.72,77442.32,UP,1
2026-09-02T20:20:00+00:00,5,K4,UP,2026-09-02T20:20:21.460785+00:00,22,77267.72,77442.32,UP,1
2026-09-02T20:25:00+00:00,5,K9,DOWN,2026-09-02T20:25:21.052146+00:00,22,77442.33,77382.36,DOWN,1
2026-09-02T20:25:00+00:00,5,K4,DOWN,2026-09-02T20:25:21.052146+00:00,22,77442.33,77382.36,DOWN,1
2026-09-02T20:25:00+00:00,5,K5,DOWN,2026-09-02T20:25:21.052146+00:00,22,77442.33,77382.36,DOWN,1
2026-09-02T20:30:00+00:00,5,K14,DOWN,2026-09-02T20:30:21.055959+00:00,22,77382.35,77459.99,UP,0
2026-09-02T20:30:00+00:00,15,K14,DOWN,2026-09-02T20:30:21.055959+00:00,22,77382.35,77369.99,DOWN,1
2026-09-02T20:30:00+00:00,15,?,UP,2026-09-02T20:43:45.152235+00:00,826,77382.35,77369.99,DOWN,0
2026-09-02T20:35:00+00:00,5,K14,DOWN,2026-09-02T20:35:21.077982+00:00,22,77460.0,77435.76,DOWN,1
2026-09-02T20:35:00+00:00,5,K5,DOWN,2026-09-02T20:35:21.077982+00:00,22,77460.0,77435.76,DOWN,1
2026-09-02T20:40:00+00:00,5,K14,DOWN,2026-09-02T20:40:21.048036+00:00,22,77435.76,77369.99,DOWN,1
2026-09-02T20:40:00+00:00,5,?,UP,2026-09-02T20:43:45.152235+00:00,226,77435.76,77369.99,DOWN,0
2026-09-02T20:45:00+00:00,5,K14,DOWN,2026-09-02T20:45:21.049481+00:00,22,77369.99,77372.8,UP,0
2026-09-02T20:45:00+00:00,5,?,DOWN,2026-09-02T20:46:53.036849+00:00,114,77369.99,77372.8,UP,0
2026-09-02T20:45:00+00:00,5,K10,DOWN,2026-09-02T20:46:02.604870+00:00,63,77369.99,77372.8,UP,0
2026-09-02T20:45:00+00:00,5,K11,DOWN,2026-09-02T20:46:45.468710+00:00,106,77369.99,77372.8,UP,0
2026-09-02T20:45:00+00:00,15,K14,DOWN,2026-09-02T20:45:21.049481+00:00,22,77369.99,77406.01,UP,0
2026-09-02T20:45:00+00:00,15,?,DOWN,2026-09-02T20:46:53.036849+00:00,114,77369.99,77406.01,UP,0
2026-09-02T20:50:00+00:00,5,K14,DOWN,2026-09-02T20:50:21.076716+00:00,22,77372.81,77426.78,UP,0
2026-09-02T20:50:00+00:00,5,?,UP,2026-09-02T20:54:51.243025+00:00,292,77372.81,77426.78,UP,1
2026-09-02T20:55:00+00:00,5,K14,DOWN,2026-09-02T20:55:21.047675+00:00,22,77426.78,77406.01,DOWN,1
2026-09-02T20:55:00+00:00,5,K15,UP,2026-09-02T20:55:21.047675+00:00,22,77426.78,77406.01,DOWN,0
2026-09-02T21:00:00+00:00,5,K14,DOWN,2026-09-02T21:00:21.055827+00:00,22,77406.0,77336.0,DOWN,1
2026-09-02T21:00:00+00:00,5,?,UP,2026-09-02T21:01:04.330161+00:00,65,77406.0,77336.0,DOWN,0
2026-09-02T21:00:00+00:00,5,K10,DOWN,2026-09-02T21:01:02.582419+00:00,63,77406.0,77336.0,DOWN,1
2026-09-02T21:00:00+00:00,15,K14,DOWN,2026-09-02T21:00:21.055827+00:00,22,77406.0,77328.0,DOWN,1
2026-09-02T21:00:00+00:00,15,?,UP,2026-09-02T21:01:04.330161+00:00,65,77406.0,77328.0,DOWN,0
2026-09-02T21:05:00+00:00,5,K14,DOWN,2026-09-02T21:05:21.094226+00:00,22,77336.0,77316.01,DOWN,1
2026-09-02T21:05:00+00:00,5,?,UP,2026-09-02T21:09:43.130772+00:00,284,77336.0,77316.01,DOWN,0
2026-09-02T21:30:00+00:00,5,?,UP,2026-09-02T21:30:49.848223+00:00,50,77283.49,77242.0,DOWN,0
2026-09-02T21:30:00+00:00,15,?,UP,2026-09-02T21:30:49.848223+00:00,50,77283.49,77426.69,UP,1
2026-09-02T21:35:00+00:00,5,K2,UP,2026-09-02T21:35:21.075396+00:00,22,77242.01,77377.26,UP,1
2026-09-02T21:35:00+00:00,5,?,DOWN,2026-09-02T21:35:36.305954+00:00,37,77242.01,77377.26,UP,0
2026-09-02T21:35:00+00:00,5,K10,UP,2026-09-02T21:36:02.175631+00:00,63,77242.01,77377.26,UP,1
2026-09-02T21:40:00+00:00,5,?,UP,2026-09-02T21:40:21.873713+00:00,22,77377.26,77426.69,UP,1
2026-09-02T21:40:00+00:00,5,K9,DOWN,2026-09-02T21:40:01.005384+00:00,2,77377.26,77426.69,UP,0
2026-09-02T21:40:00+00:00,5,K4,DOWN,2026-09-02T21:40:01.005384+00:00,2,77377.26,77426.69,UP,0
2026-09-02T21:45:00+00:00,5,?,UP,2026-09-02T21:45:35.288075+00:00,36,77426.68,77276.57,DOWN,0
2026-09-02T21:45:00+00:00,5,K10,DOWN,2026-09-02T21:46:02.566187+00:00,63,77426.68,77276.57,DOWN,1
2026-09-02T21:45:00+00:00,5,K11,DOWN,2026-09-02T21:46:45.085411+00:00,106,77426.68,77276.57,DOWN,1
2026-09-02T21:45:00+00:00,5,K15,DOWN,2026-09-02T21:45:21.048649+00:00,22,77426.68,77276.57,DOWN,1
2026-09-02T21:45:00+00:00,15,?,UP,2026-09-02T21:45:35.288075+00:00,36,77426.68,77284.0,DOWN,0
2026-09-02T21:45:00+00:00,15,K10,DOWN,2026-09-02T21:48:06.091294+00:00,187,77426.68,77284.0,DOWN,1
2026-09-02T21:45:00+00:00,15,K11,DOWN,2026-09-02T21:50:01.005454+00:00,302,77426.68,77284.0,DOWN,1
2026-09-02T21:45:00+00:00,15,K9,DOWN,2026-09-02T21:45:21.048649+00:00,22,77426.68,77284.0,DOWN,1
2026-09-02T21:45:00+00:00,15,K4,DOWN,2026-09-02T21:45:21.048649+00:00,22,77426.68,77284.0,DOWN,1
2026-09-02T21:45:00+00:00,15,K15,DOWN,2026-09-02T21:45:21.048649+00:00,22,77426.68,77284.0,DOWN,1
2026-09-02T21:45:00+00:00,15,K5,DOWN,2026-09-02T21:45:21.048649+00:00,22,77426.68,77284.0,DOWN,1
2026-09-02T21:50:00+00:00,5,K14,UP,2026-09-02T21:50:21.388149+00:00,22,77276.57,77325.24,UP,1
2026-09-02T21:50:00+00:00,5,K9,UP,2026-09-02T21:50:21.388149+00:00,22,77276.57,77325.24,UP,1
2026-09-02T21:50:00+00:00,5,K4,UP,2026-09-02T21:50:21.388149+00:00,22,77276.57,77325.24,UP,1
2026-09-02T21:50:00+00:00,5,K15,DOWN,2026-09-02T21:50:21.388149+00:00,22,77276.57,77325.24,UP,0
2026-09-02T21:55:00+00:00,5,K14,UP,2026-09-02T21:55:01.006287+00:00,2,77325.23,77284.0,DOWN,0
2026-09-02T22:00:00+00:00,5,K14,UP,2026-09-02T22:00:21.056126+00:00,22,77284.01,77180.38,DOWN,0
2026-09-02T22:00:00+00:00,5,K5,UP,2026-09-02T22:00:21.056126+00:00,22,77284.01,77180.38,DOWN,0
2026-09-02T22:00:00+00:00,15,K14,UP,2026-09-02T22:00:21.056126+00:00,22,77284.01,77158.8,DOWN,0
2026-09-02T22:00:00+00:00,15,?,UP,2026-09-02T22:05:10.144102+00:00,311,77284.01,77158.8,DOWN,0
2026-09-02T22:00:00+00:00,15,K10,DOWN,2026-09-02T22:03:04.906929+00:00,185,77284.01,77158.8,DOWN,1
2026-09-02T22:00:00+00:00,15,K11,DOWN,2026-09-02T22:05:01.007613+00:00,302,77284.01,77158.8,DOWN,1
2026-09-02T22:00:00+00:00,15,K9,UP,2026-09-02T22:00:21.056126+00:00,22,77284.01,77158.8,DOWN,0
2026-09-02T22:00:00+00:00,15,K4,UP,2026-09-02T22:00:21.056126+00:00,22,77284.01,77158.8,DOWN,0
2026-09-02T22:05:00+00:00,5,K2,UP,2026-09-02T22:05:21.392706+00:00,22,77180.38,77124.92,DOWN,0
2026-09-02T22:05:00+00:00,5,K7,UP,2026-09-02T22:05:21.392706+00:00,22,77180.38,77124.92,DOWN,0
2026-09-02T22:05:00+00:00,5,K1,UP,2026-09-02T22:05:21.392706+00:00,22,77180.38,77124.92,DOWN,0
2026-09-02T22:05:00+00:00,5,?,UP,2026-09-02T22:05:10.144102+00:00,11,77180.38,77124.92,DOWN,0
2026-09-02T22:05:00+00:00,5,K9,UP,2026-09-02T22:05:21.392706+00:00,22,77180.38,77124.92,DOWN,0
2026-09-02T22:05:00+00:00,5,K4,UP,2026-09-02T22:05:21.392706+00:00,22,77180.38,77124.92,DOWN,0
2026-09-02T22:05:00+00:00,5,K3,UP,2026-09-02T22:05:21.392706+00:00,22,77180.38,77124.92,DOWN,0
2026-09-02T22:05:00+00:00,5,K8,UP,2026-09-02T22:05:21.392706+00:00,22,77180.38,77124.92,DOWN,0
2026-09-02T22:05:00+00:00,5,K5,UP,2026-09-02T22:05:21.392706+00:00,22,77180.38,77124.92,DOWN,0
2026-09-02T22:10:00+00:00,5,K2,UP,2026-09-02T22:10:21.051204+00:00,22,77124.91,77158.8,UP,1
2026-09-02T22:10:00+00:00,5,K7,UP,2026-09-02T22:10:21.051204+00:00,22,77124.91,77158.8,UP,1
2026-09-02T22:10:00+00:00,5,K14,UP,2026-09-02T22:10:21.051204+00:00,22,77124.91,77158.8,UP,1
2026-09-02T22:10:00+00:00,5,?,DOWN,2026-09-02T22:11:15.551784+00:00,76,77124.91,77158.8,UP,0
2026-09-02T22:10:00+00:00,5,K4,UP,2026-09-02T22:10:21.051204+00:00,22,77124.91,77158.8,UP,1
2026-09-02T22:10:00+00:00,5,K8,UP,2026-09-02T22:10:21.051204+00:00,22,77124.91,77158.8,UP,1
2026-09-02T22:10:00+00:00,5,K5,UP,2026-09-02T22:10:21.051204+00:00,22,77124.91,77158.8,UP,1
2026-09-02T22:15:00+00:00,5,K2,UP,2026-09-02T22:15:21.052517+00:00,22,77158.8,77090.01,DOWN,0
2026-09-02T22:15:00+00:00,5,K15,UP,2026-09-02T22:16:23.409238+00:00,84,77158.8,77090.01,DOWN,0
2026-09-02T22:15:00+00:00,15,K2,UP,2026-09-02T22:15:21.052517+00:00,22,77158.8,77024.53,DOWN,0
2026-09-02T22:15:00+00:00,15,?,UP,2026-09-02T22:26:07.936101+00:00,668,77158.8,77024.53,DOWN,0
2026-09-02T22:15:00+00:00,15,K15,UP,2026-09-02T22:16:23.409238+00:00,84,77158.8,77024.53,DOWN,0
2026-09-02T22:20:00+00:00,5,K2,UP,2026-09-02T22:20:21.075539+00:00,22,77090.0,77065.27,DOWN,0
2026-09-02T22:20:00+00:00,5,K7,UP,2026-09-02T22:20:21.075539+00:00,22,77090.0,77065.27,DOWN,0
2026-09-02T22:20:00+00:00,5,K4,UP,2026-09-02T22:20:21.075539+00:00,22,77090.0,77065.27,DOWN,0
2026-09-02T22:20:00+00:00,5,K15,UP,2026-09-02T22:20:21.075539+00:00,22,77090.0,77065.27,DOWN,0
2026-09-02T22:20:00+00:00,5,K8,UP,2026-09-02T22:20:21.075539+00:00,22,77090.0,77065.27,DOWN,0
2026-09-02T22:20:00+00:00,5,K5,UP,2026-09-02T22:20:21.075539+00:00,22,77090.0,77065.27,DOWN,0
2026-09-02T22:25:00+00:00,5,K2,UP,2026-09-02T22:25:21.050204+00:00,22,77065.28,77024.53,DOWN,0
2026-09-02T22:25:00+00:00,5,K14,DOWN,2026-09-02T22:25:21.050204+00:00,22,77065.28,77024.53,DOWN,1
2026-09-02T22:25:00+00:00,5,?,UP,2026-09-02T22:26:07.936101+00:00,68,77065.28,77024.53,DOWN,0
2026-09-02T22:25:00+00:00,5,K15,UP,2026-09-02T22:25:21.050204+00:00,22,77065.28,77024.53,DOWN,0
2026-09-02T22:25:00+00:00,5,K8,UP,2026-09-02T22:25:21.050204+00:00,22,77065.28,77024.53,DOWN,0
2026-09-02T22:25:00+00:00,5,K5,UP,2026-09-02T22:25:21.050204+00:00,22,77065.28,77024.53,DOWN,0
2026-09-02T22:30:00+00:00,5,K2,UP,2026-09-02T22:30:21.050191+00:00,22,77024.52,77088.61,UP,1
2026-09-02T22:30:00+00:00,5,?,UP,2026-09-02T22:31:06.558993+00:00,67,77024.52,77088.61,UP,1
2026-09-02T22:30:00+00:00,5,K15,UP,2026-09-02T22:31:24.165356+00:00,85,77024.52,77088.61,UP,1
2026-09-02T22:30:00+00:00,5,K8,UP,2026-09-02T22:30:21.050191+00:00,22,77024.52,77088.61,UP,1
2026-09-02T22:30:00+00:00,5,K5,UP,2026-09-02T22:30:21.050191+00:00,22,77024.52,77088.61,UP,1
2026-09-02T22:30:00+00:00,15,K2,UP,2026-09-02T22:30:21.050191+00:00,22,77024.52,77124.28,UP,1
2026-09-02T22:30:00+00:00,15,K7,UP,2026-09-02T22:30:21.050191+00:00,22,77024.52,77124.28,UP,1
2026-09-02T22:30:00+00:00,15,?,UP,2026-09-02T22:31:06.558993+00:00,67,77024.52,77124.28,UP,1
2026-09-02T22:30:00+00:00,15,K10,UP,2026-09-02T22:33:05.338925+00:00,186,77024.52,77124.28,UP,1
2026-09-02T22:30:00+00:00,15,K4,UP,2026-09-02T22:30:21.050191+00:00,22,77024.52,77124.28,UP,1
2026-09-02T22:30:00+00:00,15,K15,UP,2026-09-02T22:31:24.165356+00:00,85,77024.52,77124.28,UP,1
2026-09-02T22:30:00+00:00,15,K8,UP,2026-09-02T22:30:21.050191+00:00,22,77024.52,77124.28,UP,1
2026-09-02T22:30:00+00:00,15,K5,UP,2026-09-02T22:30:21.050191+00:00,22,77024.52,77124.28,UP,1
2026-09-02T22:35:00+00:00,5,K15,UP,2026-09-02T22:35:21.077240+00:00,22,77088.62,77127.25,UP,1
2026-09-02T22:35:00+00:00,5,K5,UP,2026-09-02T22:35:21.077240+00:00,22,77088.62,77127.25,UP,1
2026-09-02T22:40:00+00:00,5,K15,DOWN,2026-09-02T22:40:21.048345+00:00,22,77127.26,77124.28,DOWN,1
2026-09-02T22:45:00+00:00,5,?,UP,2026-09-02T22:45:09.769878+00:00,10,77124.29,77064.01,DOWN,0
2026-09-02T22:45:00+00:00,5,K10,DOWN,2026-09-02T22:46:02.403198+00:00,63,77124.29,77064.01,DOWN,1
2026-09-02T22:45:00+00:00,15,K2,UP,2026-09-02T22:45:21.050468+00:00,22,77124.29,77034.03,DOWN,0
2026-09-02T22:45:00+00:00,15,?,UP,2026-09-02T22:45:09.769878+00:00,10,77124.29,77034.03,DOWN,0
2026-09-02T22:50:00+00:00,5,?,UP,2026-09-02T22:50:46.715858+00:00,47,77064.01,77040.93,DOWN,0
2026-09-02T22:50:00+00:00,5,K5,UP,2026-09-02T22:50:21.082552+00:00,22,77064.01,77040.93,DOWN,0
2026-09-02T22:55:00+00:00,5,K14,UP,2026-09-02T22:55:21.048311+00:00,22,77040.94,77034.03,DOWN,0
2026-09-02T22:55:00+00:00,5,K8,UP,2026-09-02T22:55:21.048311+00:00,22,77040.94,77034.03,DOWN,0
2026-09-02T22:55:00+00:00,5,K5,UP,2026-09-02T22:55:21.048311+00:00,22,77040.94,77034.03,DOWN,0
2026-09-02T23:00:00+00:00,5,K14,UP,2026-09-02T23:00:21.055979+00:00,22,77034.03,77148.0,UP,1
2026-09-02T23:00:00+00:00,5,?,DOWN,2026-09-02T23:02:12.212439+00:00,133,77034.03,77148.0,UP,0
2026-09-02T23:00:00+00:00,5,K8,UP,2026-09-02T23:00:21.055979+00:00,22,77034.03,77148.0,UP,1
2026-09-02T23:00:00+00:00,5,K5,UP,2026-09-02T23:00:21.055979+00:00,22,77034.03,77148.0,UP,1
2026-09-02T23:00:00+00:00,15,K2,UP,2026-09-02T23:00:21.055979+00:00,22,77034.03,77221.82,UP,1
2026-09-02T23:00:00+00:00,15,K7,UP,2026-09-02T23:00:21.055979+00:00,22,77034.03,77221.82,UP,1
2026-09-02T23:00:00+00:00,15,K14,UP,2026-09-02T23:00:21.055979+00:00,22,77034.03,77221.82,UP,1
2026-09-02T23:00:00+00:00,15,?,DOWN,2026-09-02T23:02:12.212439+00:00,133,77034.03,77221.82,UP,0
2026-09-02T23:00:00+00:00,15,K11,UP,2026-09-02T23:05:01.005522+00:00,302,77034.03,77221.82,UP,1
2026-09-02T23:00:00+00:00,15,K4,UP,2026-09-02T23:00:21.055979+00:00,22,77034.03,77221.82,UP,1
2026-09-02T23:00:00+00:00,15,K8,UP,2026-09-02T23:00:21.055979+00:00,22,77034.03,77221.82,UP,1
2026-09-02T23:00:00+00:00,15,K5,UP,2026-09-02T23:00:21.055979+00:00,22,77034.03,77221.82,UP,1
2026-09-02T23:05:00+00:00,5,?,UP,2026-09-02T23:05:20.036983+00:00,21,77148.0,77216.0,UP,1
2026-09-02T23:05:00+00:00,5,K9,DOWN,2026-09-02T23:05:01.005522+00:00,2,77148.0,77216.0,UP,0
2026-09-02T23:05:00+00:00,5,K4,DOWN,2026-09-02T23:05:01.005522+00:00,2,77148.0,77216.0,UP,0
2026-09-02T23:10:00+00:00,5,K14,UP,2026-09-02T23:10:21.048680+00:00,22,77215.99,77221.82,UP,1
2026-09-02T23:15:00+00:00,5,K14,UP,2026-09-02T23:15:21.050317+00:00,22,77221.82,77150.98,DOWN,0
2026-09-02T23:15:00+00:00,15,K14,UP,2026-09-02T23:15:21.050317+00:00,22,77221.82,77195.08,DOWN,0
2026-09-02T23:15:00+00:00,15,?,UP,2026-09-02T23:24:37.363302+00:00,578,77221.82,77195.08,DOWN,0
2026-09-02T23:15:00+00:00,15,K10,DOWN,2026-09-02T23:18:05.857901+00:00,186,77221.82,77195.08,DOWN,1
2026-09-02T23:15:00+00:00,15,K9,DOWN,2026-09-02T23:15:21.050317+00:00,22,77221.82,77195.08,DOWN,1
2026-09-02T23:15:00+00:00,15,K4,DOWN,2026-09-02T23:15:21.050317+00:00,22,77221.82,77195.08,DOWN,1
2026-09-02T23:20:00+00:00,5,K14,UP,2026-09-02T23:20:21.082176+00:00,22,77150.99,77166.09,UP,1
2026-09-02T23:20:00+00:00,5,?,UP,2026-09-02T23:24:37.363302+00:00,278,77150.99,77166.09,UP,1
2026-09-02T23:25:00+00:00,5,K14,UP,2026-09-02T23:25:21.048535+00:00,22,77166.09,77195.08,UP,1
2026-09-02T23:25:00+00:00,5,?,UP,2026-09-02T23:25:37.620076+00:00,38,77166.09,77195.08,UP,1
2026-09-02T23:30:00+00:00,5,K14,UP,2026-09-02T23:30:21.056175+00:00,22,77195.09,77146.29,DOWN,0
2026-09-02T23:30:00+00:00,5,?,DOWN,2026-09-02T23:31:37.197519+00:00,98,77195.09,77146.29,DOWN,1
2026-09-02T23:30:00+00:00,5,K11,UP,2026-09-02T23:31:44.766962+00:00,105,77195.09,77146.29,DOWN,0
2026-09-02T23:30:00+00:00,15,K14,UP,2026-09-02T23:30:21.056175+00:00,22,77195.09,77145.99,DOWN,0
2026-09-02T23:30:00+00:00,15,?,DOWN,2026-09-02T23:31:37.197519+00:00,98,77195.09,77145.99,DOWN,1
2026-09-02T23:35:00+00:00,5,K14,UP,2026-09-02T23:35:21.076167+00:00,22,77146.29,77135.1,DOWN,0
2026-09-02T23:45:00+00:00,5,K10,UP,2026-09-02T23:46:01.248954+00:00,62,77145.99,77222.0,UP,1
2026-09-02T23:45:00+00:00,15,?,DOWN,2026-09-02T23:51:30.398043+00:00,391,77145.99,77340.01,UP,0
2026-09-02T23:50:00+00:00,5,K2,DOWN,2026-09-02T23:50:01.004493+00:00,2,77222.0,77282.01,UP,0
2026-09-02T23:50:00+00:00,5,K14,DOWN,2026-09-02T23:50:01.004493+00:00,2,77222.0,77282.01,UP,0
2026-09-02T23:50:00+00:00,5,?,DOWN,2026-09-02T23:51:30.398043+00:00,91,77222.0,77282.01,UP,0
2026-09-02T23:50:00+00:00,5,K10,UP,2026-09-02T23:51:02.342607+00:00,63,77222.0,77282.01,UP,1
2026-09-02T23:50:00+00:00,5,K11,UP,2026-09-02T23:51:45.184119+00:00,106,77222.0,77282.01,UP,1
2026-09-02T23:50:00+00:00,5,K5,DOWN,2026-09-02T23:50:01.004493+00:00,2,77222.0,77282.01,UP,0
2026-09-02T23:55:00+00:00,5,K2,DOWN,2026-09-02T23:55:21.049095+00:00,22,77282.01,77340.01,UP,0
2026-09-02T23:55:00+00:00,5,K7,DOWN,2026-09-02T23:55:21.049095+00:00,22,77282.01,77340.01,UP,0
2026-09-02T23:55:00+00:00,5,K14,DOWN,2026-09-02T23:55:21.049095+00:00,22,77282.01,77340.01,UP,0
2026-09-02T23:55:00+00:00,5,?,DOWN,2026-09-02T23:59:08.178556+00:00,249,77282.01,77340.01,UP,0
2026-09-02T23:55:00+00:00,5,K4,DOWN,2026-09-02T23:55:21.049095+00:00,22,77282.01,77340.01,UP,0
2026-09-02T23:55:00+00:00,5,K5,DOWN,2026-09-02T23:55:21.049095+00:00,22,77282.01,77340.01,UP,0
2026-09-03T00:00:00+00:00,5,K2,DOWN,2026-09-03T00:00:21.083031+00:00,22,77340.01,77350.01,UP,0
2026-09-03T00:00:00+00:00,5,K7,DOWN,2026-09-03T00:00:21.083031+00:00,22,77340.01,77350.01,UP,0
2026-09-03T00:00:00+00:00,5,K14,DOWN,2026-09-03T00:00:21.083031+00:00,22,77340.01,77350.01,UP,0
2026-09-03T00:00:00+00:00,5,?,DOWN,2026-09-03T00:00:46.954771+00:00,47,77340.01,77350.01,UP,0
2026-09-03T00:00:00+00:00,5,K4,DOWN,2026-09-03T00:00:21.083031+00:00,22,77340.01,77350.01,UP,0
2026-09-03T00:00:00+00:00,5,K8,DOWN,2026-09-03T00:00:21.083031+00:00,22,77340.01,77350.01,UP,0
2026-09-03T00:00:00+00:00,5,K5,DOWN,2026-09-03T00:00:21.083031+00:00,22,77340.01,77350.01,UP,0
2026-09-03T00:00:00+00:00,15,K14,DOWN,2026-09-03T00:00:21.083031+00:00,22,77340.01,77171.51,DOWN,1
2026-09-03T00:00:00+00:00,15,?,DOWN,2026-09-03T00:00:46.954771+00:00,47,77340.01,77171.51,DOWN,1
2026-09-03T00:00:00+00:00,15,K9,DOWN,2026-09-03T00:00:21.083031+00:00,22,77340.01,77171.51,DOWN,1
2026-09-03T00:00:00+00:00,15,K4,DOWN,2026-09-03T00:00:21.083031+00:00,22,77340.01,77171.51,DOWN,1
2026-09-03T00:05:00+00:00,5,K2,DOWN,2026-09-03T00:05:21.080197+00:00,22,77350.01,77200.0,DOWN,1
2026-09-03T00:05:00+00:00,5,K7,DOWN,2026-09-03T00:05:21.080197+00:00,22,77350.01,77200.0,DOWN,1
2026-09-03T00:05:00+00:00,5,K14,DOWN,2026-09-03T00:05:21.080197+00:00,22,77350.01,77200.0,DOWN,1
2026-09-03T00:05:00+00:00,5,K4,DOWN,2026-09-03T00:05:21.080197+00:00,22,77350.01,77200.0,DOWN,1
2026-09-03T00:05:00+00:00,5,K5,DOWN,2026-09-03T00:05:21.080197+00:00,22,77350.01,77200.0,DOWN,1
2026-09-03T00:05:00+00:00,5,K13,UP,2026-09-03T00:05:21.080197+00:00,22,77350.01,77200.0,DOWN,0
2026-09-03T00:10:00+00:00,5,K14,DOWN,2026-09-03T00:10:21.049814+00:00,22,77200.0,77171.51,DOWN,1
2026-09-03T00:10:00+00:00,5,K11,UP,2026-09-03T00:11:44.218846+00:00,105,77200.0,77171.51,DOWN,0
2026-09-03T00:10:00+00:00,5,K9,UP,2026-09-03T00:10:21.049814+00:00,22,77200.0,77171.51,DOWN,0
2026-09-03T00:10:00+00:00,5,K4,UP,2026-09-03T00:10:21.049814+00:00,22,77200.0,77171.51,DOWN,0
2026-09-03T00:15:00+00:00,5,?,DOWN,2026-09-03T00:17:53.036839+00:00,174,77171.5,77134.67,DOWN,1
2026-09-03T00:15:00+00:00,5,K10,DOWN,2026-09-03T00:16:01.867703+00:00,62,77171.5,77134.67,DOWN,1
2026-09-03T00:15:00+00:00,5,K11,DOWN,2026-09-03T00:16:43.569481+00:00,104,77171.5,77134.67,DOWN,1
2026-09-03T00:15:00+00:00,15,?,DOWN,2026-09-03T00:17:53.036839+00:00,174,77171.5,77035.87,DOWN,1
2026-09-03T00:15:00+00:00,15,K9,UP,2026-09-03T00:15:21.049952+00:00,22,77171.5,77035.87,DOWN,0
2026-09-03T00:15:00+00:00,15,K4,UP,2026-09-03T00:15:21.049952+00:00,22,77171.5,77035.87,DOWN,0
2026-09-03T00:20:00+00:00,5,?,UP,2026-09-03T00:20:27.479447+00:00,28,77134.67,77118.96,DOWN,0
2026-09-03T00:20:00+00:00,5,K10,DOWN,2026-09-03T00:21:01.469388+00:00,62,77134.67,77118.96,DOWN,1
2026-09-03T00:20:00+00:00,5,K11,DOWN,2026-09-03T00:21:42.417186+00:00,103,77134.67,77118.96,DOWN,1
2026-09-03T00:25:00+00:00,5,?,UP,2026-09-03T00:25:58.099635+00:00,59,77118.95,77035.87,DOWN,0
2026-09-03T00:25:00+00:00,5,K10,DOWN,2026-09-03T00:26:01.246219+00:00,62,77118.95,77035.87,DOWN,1
2026-09-03T00:30:00+00:00,5,K2,UP,2026-09-03T00:30:21.055570+00:00,22,77035.88,77016.89,DOWN,0
2026-09-03T00:30:00+00:00,5,K14,UP,2026-09-03T00:30:21.055570+00:00,22,77035.88,77016.89,DOWN,0
2026-09-03T00:30:00+00:00,5,?,DOWN,2026-09-03T00:31:07.986771+00:00,68,77035.88,77016.89,DOWN,1
2026-09-03T00:30:00+00:00,5,K9,UP,2026-09-03T00:30:21.055570+00:00,22,77035.88,77016.89,DOWN,0
2026-09-03T00:30:00+00:00,5,K4,UP,2026-09-03T00:30:21.055570+00:00,22,77035.88,77016.89,DOWN,0
2026-09-03T00:30:00+00:00,5,K8,UP,2026-09-03T00:30:21.055570+00:00,22,77035.88,77016.89,DOWN,0
2026-09-03T00:30:00+00:00,5,K5,UP,2026-09-03T00:30:21.055570+00:00,22,77035.88,77016.89,DOWN,0
2026-09-03T00:30:00+00:00,15,K2,UP,2026-09-03T00:30:21.055570+00:00,22,77035.88,77109.48,UP,1
2026-09-03T00:30:00+00:00,15,K14,UP,2026-09-03T00:30:21.055570+00:00,22,77035.88,77109.48,UP,1
2026-09-03T00:30:00+00:00,15,?,DOWN,2026-09-03T00:31:07.986771+00:00,68,77035.88,77109.48,UP,0
2026-09-03T00:30:00+00:00,15,K8,UP,2026-09-03T00:30:21.055570+00:00,22,77035.88,77109.48,UP,1
2026-09-03T00:30:00+00:00,15,K5,UP,2026-09-03T00:30:21.055570+00:00,22,77035.88,77109.48,UP,1
2026-09-03T00:35:00+00:00,5,K2,UP,2026-09-03T00:35:21.078274+00:00,22,77016.9,77089.18,UP,1
2026-09-03T00:35:00+00:00,5,?,DOWN,2026-09-03T00:38:16.487745+00:00,197,77016.9,77089.18,UP,0
2026-09-03T00:35:00+00:00,5,K8,UP,2026-09-03T00:35:21.078274+00:00,22,77016.9,77089.18,UP,1
2026-09-03T00:35:00+00:00,5,K5,UP,2026-09-03T00:35:21.078274+00:00,22,77016.9,77089.18,UP,1
2026-09-03T00:40:00+00:00,5,K10,UP,2026-09-03T00:41:01.250909+00:00,62,77089.18,77109.48,UP,1
2026-09-03T00:45:00+00:00,5,K14,DOWN,2026-09-03T00:45:21.050018+00:00,22,77109.48,77088.01,DOWN,1
2026-09-03T00:45:00+00:00,15,K14,DOWN,2026-09-03T00:45:21.050018+00:00,22,77109.48,77068.01,DOWN,1
2026-09-03T00:45:00+00:00,15,?,DOWN,2026-09-03T00:58:02.895065+00:00,783,77109.48,77068.01,DOWN,1
2026-09-03T00:55:00+00:00,5,?,DOWN,2026-09-03T00:58:02.895065+00:00,183,77090.0,77068.01,DOWN,1
2026-09-03T01:00:00+00:00,5,?,DOWN,2026-09-03T01:00:50.884792+00:00,51,77068.0,77113.87,UP,0
2026-09-03T01:00:00+00:00,5,K11,DOWN,2026-09-03T01:01:43.002070+00:00,104,77068.0,77113.87,UP,0
2026-09-03T01:00:00+00:00,15,?,DOWN,2026-09-03T01:00:50.884792+00:00,51,77068.0,77417.64,UP,0
2026-09-03T01:00:00+00:00,15,K5,UP,2026-09-03T01:00:21.055343+00:00,22,77068.0,77417.64,UP,1
2026-09-03T01:05:00+00:00,5,K14,DOWN,2026-09-03T01:05:21.076610+00:00,22,77113.87,77270.01,UP,0
2026-09-03T01:05:00+00:00,5,K10,UP,2026-09-03T01:06:02.005318+00:00,63,77113.87,77270.01,UP,1
2026-09-03T01:05:00+00:00,5,K11,UP,2026-09-03T01:06:43.671513+00:00,104,77113.87,77270.01,UP,1
2026-09-03T01:05:00+00:00,5,K16,DOWN,2026-09-03T01:06:22.778538+00:00,83,77113.87,77270.01,UP,0
2026-09-03T01:10:00+00:00,5,K14,DOWN,2026-09-03T01:10:21.049154+00:00,22,77270.01,77417.64,UP,0
2026-09-03T01:10:00+00:00,5,?,DOWN,2026-09-03T01:10:55.646683+00:00,56,77270.01,77417.64,UP,0
2026-09-03T01:10:00+00:00,5,K9,DOWN,2026-09-03T01:10:21.049154+00:00,22,77270.01,77417.64,UP,0
2026-09-03T01:10:00+00:00,5,K4,DOWN,2026-09-03T01:10:21.049154+00:00,22,77270.01,77417.64,UP,0
2026-09-03T01:10:00+00:00,5,K16,DOWN,2026-09-03T01:10:21.049154+00:00,22,77270.01,77417.64,UP,0
2026-09-03T01:15:00+00:00,5,K2,DOWN,2026-09-03T01:15:21.050453+00:00,22,77417.63,77302.4,DOWN,1
2026-09-03T01:15:00+00:00,5,K7,DOWN,2026-09-03T01:15:21.050453+00:00,22,77417.63,77302.4,DOWN,1
2026-09-03T01:15:00+00:00,5,K14,DOWN,2026-09-03T01:15:21.050453+00:00,22,77417.63,77302.4,DOWN,1
2026-09-03T01:15:00+00:00,5,K1,DOWN,2026-09-03T01:15:21.050453+00:00,22,77417.63,77302.4,DOWN,1
2026-09-03T01:15:00+00:00,5,K10,DOWN,2026-09-03T01:16:02.564342+00:00,63,77417.63,77302.4,DOWN,1
2026-09-03T01:15:00+00:00,5,K9,DOWN,2026-09-03T01:15:21.050453+00:00,22,77417.63,77302.4,DOWN,1
2026-09-03T01:15:00+00:00,5,K4,DOWN,2026-09-03T01:15:21.050453+00:00,22,77417.63,77302.4,DOWN,1
2026-09-03T01:15:00+00:00,5,K3,DOWN,2026-09-03T01:15:21.050453+00:00,22,77417.63,77302.4,DOWN,1
2026-09-03T01:15:00+00:00,5,K8,DOWN,2026-09-03T01:15:21.050453+00:00,22,77417.63,77302.4,DOWN,1
2026-09-03T01:15:00+00:00,5,K5,DOWN,2026-09-03T01:15:21.050453+00:00,22,77417.63,77302.4,DOWN,1
2026-09-03T01:15:00+00:00,15,K14,DOWN,2026-09-03T01:15:21.050453+00:00,22,77417.63,77438.0,UP,0
2026-09-03T01:15:00+00:00,15,?,UP,2026-09-03T01:25:46.528157+00:00,647,77417.63,77438.0,UP,1
2026-09-03T01:15:00+00:00,15,K11,DOWN,2026-09-03T01:20:01.007727+00:00,302,77417.63,77438.0,UP,0
2026-09-03T01:15:00+00:00,15,K9,DOWN,2026-09-03T01:15:21.050453+00:00,22,77417.63,77438.0,UP,0
2026-09-03T01:15:00+00:00,15,K4,DOWN,2026-09-03T01:15:21.050453+00:00,22,77417.63,77438.0,UP,0
2026-09-03T01:15:00+00:00,15,K5,DOWN,2026-09-03T01:15:21.050453+00:00,22,77417.63,77438.0,UP,0
2026-09-03T01:15:00+00:00,15,K13,DOWN,2026-09-03T01:15:21.050453+00:00,22,77417.63,77438.0,UP,0
2026-09-03T01:20:00+00:00,5,K14,DOWN,2026-09-03T01:20:21.412266+00:00,22,77302.4,77384.9,UP,0
2026-09-03T01:20:00+00:00,5,K9,UP,2026-09-03T01:20:21.412266+00:00,22,77302.4,77384.9,UP,1
2026-09-03T01:20:00+00:00,5,K4,UP,2026-09-03T01:20:21.412266+00:00,22,77302.4,77384.9,UP,1
2026-09-03T01:25:00+00:00,5,K2,DOWN,2026-09-03T01:25:21.048952+00:00,22,77384.9,77438.0,UP,0
2026-09-03T01:25:00+00:00,5,K14,DOWN,2026-09-03T01:25:21.048952+00:00,22,77384.9,77438.0,UP,0
2026-09-03T01:25:00+00:00,5,?,UP,2026-09-03T01:25:46.528157+00:00,47,77384.9,77438.0,UP,1
2026-09-03T01:25:00+00:00,5,K9,DOWN,2026-09-03T01:25:21.048952+00:00,22,77384.9,77438.0,UP,0
2026-09-03T01:25:00+00:00,5,K4,DOWN,2026-09-03T01:25:21.048952+00:00,22,77384.9,77438.0,UP,0
2026-09-03T01:25:00+00:00,5,K5,DOWN,2026-09-03T01:25:21.048952+00:00,22,77384.9,77438.0,UP,0
2026-09-03T01:30:00+00:00,5,K2,DOWN,2026-09-03T01:30:21.079108+00:00,22,77438.0,77516.85,UP,0
2026-09-03T01:30:00+00:00,5,?,DOWN,2026-09-03T01:30:15.040636+00:00,16,77438.0,77516.85,UP,0
2026-09-03T01:30:00+00:00,5,K8,DOWN,2026-09-03T01:30:21.079108+00:00,22,77438.0,77516.85,UP,0
2026-09-03T01:30:00+00:00,5,K5,DOWN,2026-09-03T01:30:21.079108+00:00,22,77438.0,77516.85,UP,0
2026-09-03T01:30:00+00:00,15,?,DOWN,2026-09-03T01:30:15.040636+00:00,16,77438.0,77350.47,DOWN,1
2026-09-03T01:30:00+00:00,15,K8,DOWN,2026-09-03T01:30:21.079108+00:00,22,77438.0,77350.47,DOWN,1
2026-09-03T01:30:00+00:00,15,K5,DOWN,2026-09-03T01:30:21.079108+00:00,22,77438.0,77350.47,DOWN,1
2026-09-03T01:35:00+00:00,5,K2,DOWN,2026-09-03T01:35:21.078581+00:00,22,77516.86,77447.25,DOWN,1
2026-09-03T01:35:00+00:00,5,K7,DOWN,2026-09-03T01:35:21.078581+00:00,22,77516.86,77447.25,DOWN,1
2026-09-03T01:35:00+00:00,5,?,DOWN,2026-09-03T01:37:18.244166+00:00,139,77516.86,77447.25,DOWN,1
2026-09-03T01:35:00+00:00,5,K10,DOWN,2026-09-03T01:36:02.015472+00:00,63,77516.86,77447.25,DOWN,1
2026-09-03T01:35:00+00:00,5,K11,DOWN,2026-09-03T01:36:43.698828+00:00,104,77516.86,77447.25,DOWN,1
2026-09-03T01:35:00+00:00,5,K4,DOWN,2026-09-03T01:35:21.078581+00:00,22,77516.86,77447.25,DOWN,1
2026-09-03T01:35:00+00:00,5,K8,DOWN,2026-09-03T01:35:21.078581+00:00,22,77516.86,77447.25,DOWN,1
2026-09-03T01:35:00+00:00,5,K5,DOWN,2026-09-03T01:35:21.078581+00:00,22,77516.86,77447.25,DOWN,1
2026-09-03T01:40:00+00:00,5,K5,DOWN,2026-09-03T01:40:21.049973+00:00,22,77447.25,77350.47,DOWN,1
2026-09-03T01:45:00+00:00,5,K9,UP,2026-09-03T01:45:21.048790+00:00,22,77350.47,77328.78,DOWN,0
2026-09-03T01:45:00+00:00,5,K4,UP,2026-09-03T01:45:21.048790+00:00,22,77350.47,77328.78,DOWN,0
2026-09-03T01:55:00+00:00,5,K10,UP,2026-09-03T01:56:01.252928+00:00,62,77392.96,77356.7,DOWN,0
2026-09-03T02:00:00+00:00,5,K14,DOWN,2026-09-03T02:00:21.054660+00:00,22,77356.69,77288.21,DOWN,1
2026-09-03T02:00:00+00:00,5,K15,DOWN,2026-09-03T02:00:21.054660+00:00,22,77356.69,77288.21,DOWN,1
2026-09-03T02:00:00+00:00,15,K14,DOWN,2026-09-03T02:00:21.054660+00:00,22,77356.69,77488.0,UP,0
2026-09-03T02:00:00+00:00,15,?,UP,2026-09-03T02:08:44.032249+00:00,525,77356.69,77488.0,UP,1
2026-09-03T02:00:00+00:00,15,K15,DOWN,2026-09-03T02:00:21.054660+00:00,22,77356.69,77488.0,UP,0
2026-09-03T02:05:00+00:00,5,?,UP,2026-09-03T02:08:44.032249+00:00,225,77288.22,77271.47,DOWN,0
2026-09-03T02:05:00+00:00,5,K15,UP,2026-09-03T02:05:21.076201+00:00,22,77288.22,77271.47,DOWN,0
2026-09-03T02:10:00+00:00,5,K10,UP,2026-09-03T02:11:01.250363+00:00,62,77271.46,77488.0,UP,1
2026-09-03T02:10:00+00:00,5,K11,UP,2026-09-03T02:11:42.277968+00:00,103,77271.46,77488.0,UP,1
2026-09-03T02:15:00+00:00,5,K10,DOWN,2026-09-03T02:16:02.985736+00:00,63,77487.99,77442.44,DOWN,1
2026-09-03T02:15:00+00:00,5,K9,DOWN,2026-09-03T02:15:21.049358+00:00,22,77487.99,77442.44,DOWN,1
2026-09-03T02:15:00+00:00,5,K4,DOWN,2026-09-03T02:15:21.049358+00:00,22,77487.99,77442.44,DOWN,1
2026-09-03T02:15:00+00:00,5,K5,DOWN,2026-09-03T02:15:21.049358+00:00,22,77487.99,77442.44,DOWN,1
2026-09-03T02:15:00+00:00,15,K2,DOWN,2026-09-03T02:15:21.049358+00:00,22,77487.99,77598.67,UP,0
2026-09-03T02:15:00+00:00,15,?,DOWN,2026-09-03T02:24:05.579336+00:00,546,77487.99,77598.67,UP,0
2026-09-03T02:15:00+00:00,15,K5,DOWN,2026-09-03T02:15:21.049358+00:00,22,77487.99,77598.67,UP,0
2026-09-03T02:20:00+00:00,5,?,DOWN,2026-09-03T02:24:05.579336+00:00,246,77442.44,77522.23,UP,0
2026-09-03T02:20:00+00:00,5,K5,DOWN,2026-09-03T02:20:21.083477+00:00,22,77442.44,77522.23,UP,0
2026-09-03T02:25:00+00:00,5,K14,DOWN,2026-09-03T02:25:21.048092+00:00,22,77522.01,77598.67,UP,0
2026-09-03T02:25:00+00:00,5,?,UP,2026-09-03T02:25:28.724125+00:00,29,77522.01,77598.67,UP,1
2026-09-03T02:25:00+00:00,5,K8,DOWN,2026-09-03T02:25:21.048092+00:00,22,77522.01,77598.67,UP,0
2026-09-03T02:25:00+00:00,5,K5,DOWN,2026-09-03T02:25:21.048092+00:00,22,77522.01,77598.67,UP,0
2026-09-03T02:30:00+00:00,5,K2,DOWN,2026-09-03T02:30:21.056250+00:00,22,77598.66,77883.76,UP,0
2026-09-03T02:30:00+00:00,5,K14,DOWN,2026-09-03T02:30:21.056250+00:00,22,77598.66,77883.76,UP,0
2026-09-03T02:30:00+00:00,5,?,DOWN,2026-09-03T02:30:56.638518+00:00,57,77598.66,77883.76,UP,0
2026-09-03T02:30:00+00:00,5,K10,UP,2026-09-03T02:31:02.780463+00:00,63,77598.66,77883.76,UP,1
2026-09-03T02:30:00+00:00,5,K11,UP,2026-09-03T02:31:45.067750+00:00,106,77598.66,77883.76,UP,1
2026-09-03T02:30:00+00:00,5,K8,DOWN,2026-09-03T02:30:21.056250+00:00,22,77598.66,77883.76,UP,0
2026-09-03T02:30:00+00:00,5,K5,DOWN,2026-09-03T02:30:21.056250+00:00,22,77598.66,77883.76,UP,0
2026-09-03T02:30:00+00:00,15,K2,DOWN,2026-09-03T02:30:21.056250+00:00,22,77598.66,77772.25,UP,0
2026-09-03T02:30:00+00:00,15,K7,DOWN,2026-09-03T02:30:21.056250+00:00,22,77598.66,77772.25,UP,0
2026-09-03T02:30:00+00:00,15,K14,DOWN,2026-09-03T02:30:21.056250+00:00,22,77598.66,77772.25,UP,0
2026-09-03T02:30:00+00:00,15,?,DOWN,2026-09-03T02:30:56.638518+00:00,57,77598.66,77772.25,UP,0
2026-09-03T02:30:00+00:00,15,K11,UP,2026-09-03T02:35:01.006978+00:00,302,77598.66,77772.25,UP,1
2026-09-03T02:30:00+00:00,15,K4,DOWN,2026-09-03T02:30:21.056250+00:00,22,77598.66,77772.25,UP,0
2026-09-03T02:30:00+00:00,15,K8,DOWN,2026-09-03T02:30:21.056250+00:00,22,77598.66,77772.25,UP,0
2026-09-03T02:30:00+00:00,15,K5,DOWN,2026-09-03T02:30:21.056250+00:00,22,77598.66,77772.25,UP,0
2026-09-03T02:35:00+00:00,5,K2,DOWN,2026-09-03T02:35:21.400200+00:00,22,77883.76,77738.77,DOWN,1
2026-09-03T02:35:00+00:00,5,K7,DOWN,2026-09-03T02:35:21.400200+00:00,22,77883.76,77738.77,DOWN,1
2026-09-03T02:35:00+00:00,5,K14,DOWN,2026-09-03T02:35:21.400200+00:00,22,77883.76,77738.77,DOWN,1
2026-09-03T02:35:00+00:00,5,K1,DOWN,2026-09-03T02:35:21.400200+00:00,22,77883.76,77738.77,DOWN,1
2026-09-03T02:35:00+00:00,5,K6,DOWN,2026-09-03T02:35:21.400200+00:00,22,77883.76,77738.77,DOWN,1
2026-09-03T02:35:00+00:00,5,?,DOWN,2026-09-03T02:35:42.665685+00:00,43,77883.76,77738.77,DOWN,1
2026-09-03T02:35:00+00:00,5,K11,DOWN,2026-09-03T02:36:44.128678+00:00,105,77883.76,77738.77,DOWN,1
2026-09-03T02:35:00+00:00,5,K9,DOWN,2026-09-03T02:35:21.400200+00:00,22,77883.76,77738.77,DOWN,1
2026-09-03T02:35:00+00:00,5,K4,DOWN,2026-09-03T02:35:21.400200+00:00,22,77883.76,77738.77,DOWN,1
2026-09-03T02:35:00+00:00,5,K3,DOWN,2026-09-03T02:35:21.400200+00:00,22,77883.76,77738.77,DOWN,1
2026-09-03T02:35:00+00:00,5,K15,DOWN,2026-09-03T02:36:23.585585+00:00,84,77883.76,77738.77,DOWN,1
2026-09-03T02:35:00+00:00,5,K8,DOWN,2026-09-03T02:35:21.400200+00:00,22,77883.76,77738.77,DOWN,1
2026-09-03T02:35:00+00:00,5,K5,DOWN,2026-09-03T02:35:21.400200+00:00,22,77883.76,77738.77,DOWN,1
2026-09-03T02:35:00+00:00,5,K12,DOWN,2026-09-03T02:35:21.400200+00:00,22,77883.76,77738.77,DOWN,1
2026-09-03T02:40:00+00:00,5,K2,DOWN,2026-09-03T02:40:21.055569+00:00,22,77738.77,77772.25,UP,0
2026-09-03T02:40:00+00:00,5,K14,DOWN,2026-09-03T02:40:21.055569+00:00,22,77738.77,77772.25,UP,0
2026-09-03T02:40:00+00:00,5,K10,UP,2026-09-03T02:41:02.676659+00:00,63,77738.77,77772.25,UP,1
2026-09-03T02:40:00+00:00,5,K11,UP,2026-09-03T02:41:45.674597+00:00,106,77738.77,77772.25,UP,1
2026-09-03T02:40:00+00:00,5,K9,UP,2026-09-03T02:40:21.055569+00:00,22,77738.77,77772.25,UP,1
2026-09-03T02:40:00+00:00,5,K4,UP,2026-09-03T02:40:21.055569+00:00,22,77738.77,77772.25,UP,1
2026-09-03T02:40:00+00:00,5,K15,DOWN,2026-09-03T02:40:21.055569+00:00,22,77738.77,77772.25,UP,0
2026-09-03T02:40:00+00:00,5,K5,DOWN,2026-09-03T02:40:21.055569+00:00,22,77738.77,77772.25,UP,0
2026-09-03T02:45:00+00:00,5,K2,DOWN,2026-09-03T02:45:01.009797+00:00,2,77772.25,77832.02,UP,0
2026-09-03T02:45:00+00:00,5,K14,DOWN,2026-09-03T02:45:01.009797+00:00,2,77772.25,77832.02,UP,0
2026-09-03T02:45:00+00:00,5,K15,DOWN,2026-09-03T02:45:01.009797+00:00,2,77772.25,77832.02,UP,0
2026-09-03T02:45:00+00:00,5,K5,DOWN,2026-09-03T02:45:01.009797+00:00,2,77772.25,77832.02,UP,0
2026-09-03T02:45:00+00:00,15,K2,DOWN,2026-09-03T02:45:01.009797+00:00,2,77772.25,77816.01,UP,0
2026-09-03T02:45:00+00:00,15,K7,DOWN,2026-09-03T02:45:01.009797+00:00,2,77772.25,77816.01,UP,0
2026-09-03T02:45:00+00:00,15,K14,DOWN,2026-09-03T02:45:01.009797+00:00,2,77772.25,77816.01,UP,0
2026-09-03T02:45:00+00:00,15,K1,DOWN,2026-09-03T02:45:01.009797+00:00,2,77772.25,77816.01,UP,0
2026-09-03T02:45:00+00:00,15,K9,DOWN,2026-09-03T02:45:01.009797+00:00,2,77772.25,77816.01,UP,0
2026-09-03T02:45:00+00:00,15,K4,DOWN,2026-09-03T02:45:01.009797+00:00,2,77772.25,77816.01,UP,0
2026-09-03T02:45:00+00:00,15,K3,DOWN,2026-09-03T02:45:01.009797+00:00,2,77772.25,77816.01,UP,0
2026-09-03T02:45:00+00:00,15,K15,DOWN,2026-09-03T02:45:01.009797+00:00,2,77772.25,77816.01,UP,0
2026-09-03T02:45:00+00:00,15,K5,DOWN,2026-09-03T02:45:01.009797+00:00,2,77772.25,77816.01,UP,0
2026-09-03T02:50:00+00:00,5,K2,DOWN,2026-09-03T02:50:01.005719+00:00,2,77832.01,77860.32,UP,0
2026-09-03T02:50:00+00:00,5,K5,DOWN,2026-09-03T02:50:01.005719+00:00,2,77832.01,77860.32,UP,0
2026-09-03T02:55:00+00:00,5,K2,DOWN,2026-09-03T02:55:21.048775+00:00,22,77860.32,77816.01,DOWN,1
2026-09-03T02:55:00+00:00,5,K11,DOWN,2026-09-03T02:57:03.235111+00:00,124,77860.32,77816.01,DOWN,1
2026-09-03T02:55:00+00:00,5,K8,DOWN,2026-09-03T02:55:21.048775+00:00,22,77860.32,77816.01,DOWN,1
2026-09-03T02:55:00+00:00,5,K5,DOWN,2026-09-03T02:55:21.048775+00:00,22,77860.32,77816.01,DOWN,1
2026-09-03T03:00:00+00:00,5,?,UP,2026-09-03T03:02:41.846913+00:00,162,77816.02,77714.01,DOWN,0
2026-09-03T03:00:00+00:00,5,K10,DOWN,2026-09-03T03:01:02.676737+00:00,63,77816.02,77714.01,DOWN,1
2026-09-03T03:00:00+00:00,5,K11,DOWN,2026-09-03T03:01:46.105926+00:00,107,77816.02,77714.01,DOWN,1
2026-09-03T03:00:00+00:00,5,K5,DOWN,2026-09-03T03:00:21.058711+00:00,22,77816.02,77714.01,DOWN,1
2026-09-03T03:00:00+00:00,15,K2,DOWN,2026-09-03T03:00:21.058711+00:00,22,77816.02,77834.0,UP,0
2026-09-03T03:00:00+00:00,15,K7,DOWN,2026-09-03T03:00:21.058711+00:00,22,77816.02,77834.0,UP,0
2026-09-03T03:00:00+00:00,15,?,UP,2026-09-03T03:02:41.846913+00:00,162,77816.02,77834.0,UP,1
2026-09-03T03:00:00+00:00,15,K11,DOWN,2026-09-03T03:05:01.005895+00:00,302,77816.02,77834.0,UP,0
2026-09-03T03:00:00+00:00,15,K4,DOWN,2026-09-03T03:00:21.058711+00:00,22,77816.02,77834.0,UP,0
2026-09-03T03:00:00+00:00,15,K8,DOWN,2026-09-03T03:00:21.058711+00:00,22,77816.02,77834.0,UP,0
2026-09-03T03:00:00+00:00,15,K5,DOWN,2026-09-03T03:00:21.058711+00:00,22,77816.02,77834.0,UP,0
2026-09-03T03:05:00+00:00,5,K14,UP,2026-09-03T03:05:21.400193+00:00,22,77714.0,77718.0,UP,1
2026-09-03T03:05:00+00:00,5,K9,UP,2026-09-03T03:05:21.400193+00:00,22,77714.0,77718.0,UP,1
2026-09-03T03:05:00+00:00,5,K4,UP,2026-09-03T03:05:21.400193+00:00,22,77714.0,77718.0,UP,1
2026-09-03T03:10:00+00:00,5,K14,UP,2026-09-03T03:10:21.049082+00:00,22,77718.0,77834.0,UP,1
2026-09-03T03:10:00+00:00,5,?,DOWN,2026-09-03T03:13:58.512949+00:00,239,77718.0,77834.0,UP,0
2026-09-03T03:15:00+00:00,5,?,DOWN,2026-09-03T03:15:59.437906+00:00,60,77834.01,77879.41,UP,0
2026-09-03T03:15:00+00:00,5,K10,DOWN,2026-09-03T03:16:02.617317+00:00,63,77834.01,77879.41,UP,0
2026-09-03T03:15:00+00:00,5,K11,DOWN,2026-09-03T03:16:44.959183+00:00,105,77834.01,77879.41,UP,0
2026-09-03T03:15:00+00:00,5,K9,DOWN,2026-09-03T03:15:21.051151+00:00,22,77834.01,77879.41,UP,0
2026-09-03T03:15:00+00:00,5,K4,DOWN,2026-09-03T03:15:21.051151+00:00,22,77834.01,77879.41,UP,0
2026-09-03T03:15:00+00:00,5,K8,DOWN,2026-09-03T03:15:21.051151+00:00,22,77834.01,77879.41,UP,0
2026-09-03T03:15:00+00:00,5,K5,DOWN,2026-09-03T03:15:21.051151+00:00,22,77834.01,77879.41,UP,0
2026-09-03T03:15:00+00:00,15,K2,DOWN,2026-09-03T03:15:21.051151+00:00,22,77834.01,77750.0,DOWN,1
2026-09-03T03:15:00+00:00,15,?,DOWN,2026-09-03T03:15:59.437906+00:00,60,77834.01,77750.0,DOWN,1
2026-09-03T03:15:00+00:00,15,K8,DOWN,2026-09-03T03:15:21.051151+00:00,22,77834.01,77750.0,DOWN,1
2026-09-03T03:15:00+00:00,15,K5,DOWN,2026-09-03T03:15:21.051151+00:00,22,77834.01,77750.0,DOWN,1
2026-09-03T03:20:00+00:00,5,?,UP,2026-09-03T03:20:40.377472+00:00,41,77879.42,77764.25,DOWN,0
2026-09-03T03:20:00+00:00,5,K10,DOWN,2026-09-03T03:21:03.022999+00:00,64,77879.42,77764.25,DOWN,1
2026-09-03T03:20:00+00:00,5,K11,DOWN,2026-09-03T03:21:44.824409+00:00,105,77879.42,77764.25,DOWN,1
2026-09-03T03:20:00+00:00,5,K8,DOWN,2026-09-03T03:20:01.007055+00:00,2,77879.42,77764.25,DOWN,1
2026-09-03T03:20:00+00:00,5,K5,DOWN,2026-09-03T03:20:01.007055+00:00,2,77879.42,77764.25,DOWN,1
2026-09-03T03:25:00+00:00,5,K9,UP,2026-09-03T03:25:21.049498+00:00,22,77764.25,77750.0,DOWN,0
2026-09-03T03:25:00+00:00,5,K4,UP,2026-09-03T03:25:21.049498+00:00,22,77764.25,77750.0,DOWN,0
2026-09-03T03:30:00+00:00,5,?,UP,2026-09-03T03:31:27.062070+00:00,88,77750.01,77704.72,DOWN,0
2026-09-03T03:30:00+00:00,5,K15,UP,2026-09-03T03:30:21.056039+00:00,22,77750.01,77704.72,DOWN,0
2026-09-03T03:30:00+00:00,15,?,UP,2026-09-03T03:31:27.062070+00:00,88,77750.01,77670.53,DOWN,0
2026-09-03T03:30:00+00:00,15,K15,UP,2026-09-03T03:30:21.056039+00:00,22,77750.01,77670.53,DOWN,0
2026-09-03T03:30:00+00:00,15,K5,DOWN,2026-09-03T03:30:21.056039+00:00,22,77750.01,77670.53,DOWN,1
2026-09-03T03:35:00+00:00,5,K14,UP,2026-09-03T03:35:21.076959+00:00,22,77704.73,77668.87,DOWN,0
2026-09-03T03:40:00+00:00,5,?,DOWN,2026-09-03T03:44:31.412231+00:00,272,77668.88,77670.53,UP,0
2026-09-03T03:45:00+00:00,15,?,UP,2026-09-03T03:50:51.803452+00:00,352,77670.54,77708.0,UP,1
2026-09-03T03:50:00+00:00,5,?,UP,2026-09-03T03:50:51.803452+00:00,52,77681.99,77741.98,UP,1
2026-09-03T04:00:00+00:00,5,?,UP,2026-09-03T04:04:50.792792+00:00,291,77708.01,77746.34,UP,1
2026-09-03T04:00:00+00:00,15,?,UP,2026-09-03T04:04:50.792792+00:00,291,77708.01,77644.27,DOWN,0
2026-09-03T04:05:00+00:00,5,K14,UP,2026-09-03T04:05:21.075262+00:00,22,77746.33,77768.99,UP,1
2026-09-03T04:05:00+00:00,5,?,UP,2026-09-03T04:09:35.276100+00:00,276,77746.33,77768.99,UP,1
2026-09-03T04:10:00+00:00,5,K14,UP,2026-09-03T04:10:21.048432+00:00,22,77768.99,77644.27,DOWN,0
2026-09-03T04:10:00+00:00,5,?,DOWN,2026-09-03T04:10:37.037723+00:00,38,77768.99,77644.27,DOWN,1
2026-09-03T04:10:00+00:00,5,K10,UP,2026-09-03T04:11:01.931412+00:00,62,77768.99,77644.27,DOWN,0
2026-09-03T04:15:00+00:00,5,K2,UP,2026-09-03T04:15:21.049361+00:00,22,77644.26,77592.29,DOWN,0
2026-09-03T04:15:00+00:00,5,?,UP,2026-09-03T04:15:30.572450+00:00,31,77644.26,77592.29,DOWN,0
2026-09-03T04:15:00+00:00,5,K10,DOWN,2026-09-03T04:16:02.015878+00:00,63,77644.26,77592.29,DOWN,1
2026-09-03T04:15:00+00:00,5,K9,UP,2026-09-03T04:15:21.049361+00:00,22,77644.26,77592.29,DOWN,0
2026-09-03T04:15:00+00:00,5,K4,UP,2026-09-03T04:15:21.049361+00:00,22,77644.26,77592.29,DOWN,0
2026-09-03T04:15:00+00:00,5,K8,UP,2026-09-03T04:15:21.049361+00:00,22,77644.26,77592.29,DOWN,0
2026-09-03T04:15:00+00:00,5,K5,UP,2026-09-03T04:15:21.049361+00:00,22,77644.26,77592.29,DOWN,0
2026-09-03T04:15:00+00:00,15,?,UP,2026-09-03T04:15:30.572450+00:00,31,77644.26,77576.15,DOWN,0
2026-09-03T04:20:00+00:00,5,K2,UP,2026-09-03T04:20:21.078291+00:00,22,77592.29,77631.58,UP,1
2026-09-03T04:20:00+00:00,5,K7,UP,2026-09-03T04:20:21.078291+00:00,22,77592.29,77631.58,UP,1
2026-09-03T04:20:00+00:00,5,K4,UP,2026-09-03T04:20:21.078291+00:00,22,77592.29,77631.58,UP,1
2026-09-03T04:20:00+00:00,5,K5,UP,2026-09-03T04:20:21.078291+00:00,22,77592.29,77631.58,UP,1
2026-09-03T04:30:00+00:00,5,K2,UP,2026-09-03T04:30:21.054977+00:00,22,77576.15,77602.21,UP,1
2026-09-03T04:30:00+00:00,5,?,DOWN,2026-09-03T04:30:27.432876+00:00,28,77576.15,77602.21,UP,0
2026-09-03T04:30:00+00:00,5,K10,UP,2026-09-03T04:31:01.978773+00:00,62,77576.15,77602.21,UP,1
2026-09-03T04:30:00+00:00,5,K8,UP,2026-09-03T04:30:21.054977+00:00,22,77576.15,77602.21,UP,1
2026-09-03T04:30:00+00:00,5,K5,UP,2026-09-03T04:30:21.054977+00:00,22,77576.15,77602.21,UP,1
2026-09-03T04:30:00+00:00,15,?,DOWN,2026-09-03T04:30:27.432876+00:00,28,77576.15,77557.55,DOWN,1
2026-09-03T04:35:00+00:00,5,K14,DOWN,2026-09-03T04:35:21.077863+00:00,22,77602.22,77600.1,DOWN,1
2026-09-03T04:35:00+00:00,5,K5,UP,2026-09-03T04:35:21.077863+00:00,22,77602.22,77600.1,DOWN,0
2026-09-03T04:40:00+00:00,5,?,DOWN,2026-09-03T04:44:02.822880+00:00,243,77600.11,77557.55,DOWN,1
2026-09-03T04:40:00+00:00,5,K5,UP,2026-09-03T04:40:21.049266+00:00,22,77600.11,77557.55,DOWN,0
2026-09-03T04:45:00+00:00,5,K2,UP,2026-09-03T04:45:21.049353+00:00,22,77557.56,77637.67,UP,1
2026-09-03T04:45:00+00:00,5,?,UP,2026-09-03T04:45:10.896961+00:00,11,77557.56,77637.67,UP,1
2026-09-03T04:45:00+00:00,5,K10,UP,2026-09-03T04:46:02.119015+00:00,63,77557.56,77637.67,UP,1
2026-09-03T04:45:00+00:00,5,K11,UP,2026-09-03T04:46:44.452881+00:00,105,77557.56,77637.67,UP,1
2026-09-03T04:45:00+00:00,5,K8,UP,2026-09-03T04:45:21.049353+00:00,22,77557.56,77637.67,UP,1
2026-09-03T04:45:00+00:00,5,K5,UP,2026-09-03T04:45:21.049353+00:00,22,77557.56,77637.67,UP,1
2026-09-03T04:45:00+00:00,15,?,UP,2026-09-03T04:45:10.896961+00:00,11,77557.56,77776.0,UP,1
2026-09-03T04:45:00+00:00,15,K10,UP,2026-09-03T04:48:05.941205+00:00,186,77557.56,77776.0,UP,1
2026-09-03T04:50:00+00:00,5,?,DOWN,2026-09-03T04:51:53.423409+00:00,114,77637.67,77787.31,UP,0
2026-09-03T04:50:00+00:00,5,K11,UP,2026-09-03T04:52:01.882709+00:00,122,77637.67,77787.31,UP,1
2026-09-03T04:55:00+00:00,5,K10,DOWN,2026-09-03T04:56:01.905038+00:00,62,77787.31,77776.0,DOWN,1
2026-09-03T04:55:00+00:00,5,K9,DOWN,2026-09-03T04:55:21.049248+00:00,22,77787.31,77776.0,DOWN,1
2026-09-03T04:55:00+00:00,5,K4,DOWN,2026-09-03T04:55:21.049248+00:00,22,77787.31,77776.0,DOWN,1
2026-09-03T05:00:00+00:00,5,?,DOWN,2026-09-03T05:00:44.761353+00:00,45,77775.99,77754.01,DOWN,1
2026-09-03T05:00:00+00:00,5,K10,UP,2026-09-03T05:01:02.851126+00:00,63,77775.99,77754.01,DOWN,0
2026-09-03T05:00:00+00:00,15,?,DOWN,2026-09-03T05:00:44.761353+00:00,45,77775.99,77636.35,DOWN,1
2026-09-03T05:00:00+00:00,15,K9,DOWN,2026-09-03T05:00:01.006403+00:00,2,77775.99,77636.35,DOWN,1
2026-09-03T05:00:00+00:00,15,K4,DOWN,2026-09-03T05:00:01.006403+00:00,2,77775.99,77636.35,DOWN,1
2026-09-03T05:00:00+00:00,15,K5,DOWN,2026-09-03T05:00:01.006403+00:00,2,77775.99,77636.35,DOWN,1
2026-09-03T05:05:00+00:00,5,K14,DOWN,2026-09-03T05:05:21.076392+00:00,22,77754.0,77693.95,DOWN,1
2026-09-03T05:10:00+00:00,5,K14,DOWN,2026-09-03T05:10:21.048847+00:00,22,77693.96,77636.35,DOWN,1
2026-09-03T05:10:00+00:00,5,?,UP,2026-09-03T05:12:56.974240+00:00,177,77693.96,77636.35,DOWN,0
2026-09-03T05:10:00+00:00,5,K10,UP,2026-09-03T05:11:02.190280+00:00,63,77693.96,77636.35,DOWN,0
2026-09-03T05:15:00+00:00,5,?,UP,2026-09-03T05:17:47.116034+00:00,168,77636.34,77495.32,DOWN,0
2026-09-03T05:15:00+00:00,15,?,UP,2026-09-03T05:17:47.116034+00:00,168,77636.34,77200.01,DOWN,0
2026-09-03T05:15:00+00:00,15,K10,DOWN,2026-09-03T05:18:02.062137+00:00,183,77636.34,77200.01,DOWN,1
2026-09-03T05:15:00+00:00,15,K11,DOWN,2026-09-03T05:20:01.004872+00:00,302,77636.34,77200.01,DOWN,1
2026-09-03T05:20:00+00:00,5,K2,UP,2026-09-03T05:20:21.411907+00:00,22,77495.33,77276.57,DOWN,0
2026-09-03T05:20:00+00:00,5,K7,UP,2026-09-03T05:20:21.411907+00:00,22,77495.33,77276.57,DOWN,0
2026-09-03T05:20:00+00:00,5,K14,UP,2026-09-03T05:20:21.411907+00:00,22,77495.33,77276.57,DOWN,0
2026-09-03T05:20:00+00:00,5,K1,UP,2026-09-03T05:20:21.411907+00:00,22,77495.33,77276.57,DOWN,0
2026-09-03T05:20:00+00:00,5,?,UP,2026-09-03T05:20:19.303289+00:00,20,77495.33,77276.57,DOWN,0
2026-09-03T05:20:00+00:00,5,K10,DOWN,2026-09-03T05:21:02.639073+00:00,63,77495.33,77276.57,DOWN,1
2026-09-03T05:20:00+00:00,5,K11,DOWN,2026-09-03T05:21:44.514999+00:00,105,77495.33,77276.57,DOWN,1
2026-09-03T05:20:00+00:00,5,K9,UP,2026-09-03T05:20:21.411907+00:00,22,77495.33,77276.57,DOWN,0
2026-09-03T05:20:00+00:00,5,K4,UP,2026-09-03T05:20:21.411907+00:00,22,77495.33,77276.57,DOWN,0
2026-09-03T05:20:00+00:00,5,K3,UP,2026-09-03T05:20:21.411907+00:00,22,77495.33,77276.57,DOWN,0
2026-09-03T05:20:00+00:00,5,K8,UP,2026-09-03T05:20:21.411907+00:00,22,77495.33,77276.57,DOWN,0
2026-09-03T05:20:00+00:00,5,K5,UP,2026-09-03T05:20:21.411907+00:00,22,77495.33,77276.57,DOWN,0
2026-09-03T05:20:00+00:00,5,K13,UP,2026-09-03T05:20:21.411907+00:00,22,77495.33,77276.57,DOWN,0
2026-09-03T05:25:00+00:00,5,K2,UP,2026-09-03T05:25:21.053259+00:00,22,77276.57,77200.01,DOWN,0
2026-09-03T05:25:00+00:00,5,K7,UP,2026-09-03T05:25:21.053259+00:00,22,77276.57,77200.01,DOWN,0
2026-09-03T05:25:00+00:00,5,K14,UP,2026-09-03T05:25:21.053259+00:00,22,77276.57,77200.01,DOWN,0
2026-09-03T05:25:00+00:00,5,K1,UP,2026-09-03T05:25:21.053259+00:00,22,77276.57,77200.01,DOWN,0
2026-09-03T05:25:00+00:00,5,?,UP,2026-09-03T05:27:57.113156+00:00,178,77276.57,77200.01,DOWN,0
2026-09-03T05:25:00+00:00,5,K11,DOWN,2026-09-03T05:27:03.264162+00:00,124,77276.57,77200.01,DOWN,1
2026-09-03T05:25:00+00:00,5,K9,UP,2026-09-03T05:25:21.053259+00:00,22,77276.57,77200.01,DOWN,0
2026-09-03T05:25:00+00:00,5,K4,UP,2026-09-03T05:25:21.053259+00:00,22,77276.57,77200.01,DOWN,0
2026-09-03T05:25:00+00:00,5,K3,UP,2026-09-03T05:25:21.053259+00:00,22,77276.57,77200.01,DOWN,0
2026-09-03T05:25:00+00:00,5,K15,UP,2026-09-03T05:25:21.053259+00:00,22,77276.57,77200.01,DOWN,0
2026-09-03T05:25:00+00:00,5,K5,UP,2026-09-03T05:25:21.053259+00:00,22,77276.57,77200.01,DOWN,0
2026-09-03T05:30:00+00:00,5,K2,UP,2026-09-03T05:30:21.059440+00:00,22,77200.01,77343.8,UP,1
2026-09-03T05:30:00+00:00,5,K7,UP,2026-09-03T05:30:21.059440+00:00,22,77200.01,77343.8,UP,1
2026-09-03T05:30:00+00:00,5,K1,UP,2026-09-03T05:30:21.059440+00:00,22,77200.01,77343.8,UP,1
2026-09-03T05:30:00+00:00,5,K10,UP,2026-09-03T05:31:02.663039+00:00,63,77200.01,77343.8,UP,1
2026-09-03T05:30:00+00:00,5,K11,UP,2026-09-03T05:32:05.703611+00:00,126,77200.01,77343.8,UP,1
2026-09-03T05:30:00+00:00,5,K4,UP,2026-09-03T05:30:21.059440+00:00,22,77200.01,77343.8,UP,1
2026-09-03T05:30:00+00:00,5,K15,UP,2026-09-03T05:30:21.059440+00:00,22,77200.01,77343.8,UP,1
2026-09-03T05:30:00+00:00,5,K5,UP,2026-09-03T05:30:21.059440+00:00,22,77200.01,77343.8,UP,1
2026-09-03T05:30:00+00:00,5,K12,UP,2026-09-03T05:30:21.059440+00:00,22,77200.01,77343.8,UP,1
2026-09-03T05:30:00+00:00,15,K10,UP,2026-09-03T05:33:06.268726+00:00,187,77200.01,77486.74,UP,1
2026-09-03T05:30:00+00:00,15,K11,UP,2026-09-03T05:35:01.007771+00:00,302,77200.01,77486.74,UP,1
2026-09-03T05:30:00+00:00,15,K9,UP,2026-09-03T05:30:21.059440+00:00,22,77200.01,77486.74,UP,1
2026-09-03T05:30:00+00:00,15,K4,UP,2026-09-03T05:30:21.059440+00:00,22,77200.01,77486.74,UP,1
2026-09-03T05:30:00+00:00,15,K15,UP,2026-09-03T05:30:21.059440+00:00,22,77200.01,77486.74,UP,1
2026-09-03T05:30:00+00:00,15,K13,UP,2026-09-03T05:30:21.059440+00:00,22,77200.01,77486.74,UP,1
2026-09-03T05:35:00+00:00,5,K2,UP,2026-09-03T05:35:21.483857+00:00,22,77343.8,77440.33,UP,1
2026-09-03T05:35:00+00:00,5,K11,UP,2026-09-03T05:37:05.413893+00:00,126,77343.8,77440.33,UP,1
2026-09-03T05:35:00+00:00,5,K9,DOWN,2026-09-03T05:35:21.483857+00:00,22,77343.8,77440.33,UP,0
2026-09-03T05:35:00+00:00,5,K4,DOWN,2026-09-03T05:35:21.483857+00:00,22,77343.8,77440.33,UP,0
2026-09-03T05:35:00+00:00,5,K15,UP,2026-09-03T05:35:21.483857+00:00,22,77343.8,77440.33,UP,1
2026-09-03T05:40:00+00:00,5,K9,DOWN,2026-09-03T05:40:21.049687+00:00,22,77440.33,77486.74,UP,0
2026-09-03T05:40:00+00:00,5,K4,DOWN,2026-09-03T05:40:21.049687+00:00,22,77440.33,77486.74,UP,0
2026-09-03T05:40:00+00:00,5,K15,DOWN,2026-09-03T05:40:21.049687+00:00,22,77440.33,77486.74,UP,0
2026-09-03T05:45:00+00:00,5,K14,DOWN,2026-09-03T05:45:21.051259+00:00,22,77486.73,77509.58,UP,0
2026-09-03T05:45:00+00:00,5,?,UP,2026-09-03T05:47:00.864362+00:00,121,77486.73,77509.58,UP,1
2026-09-03T05:45:00+00:00,5,K10,DOWN,2026-09-03T05:46:02.703518+00:00,63,77486.73,77509.58,UP,0
2026-09-03T05:45:00+00:00,5,K11,DOWN,2026-09-03T05:46:45.337672+00:00,106,77486.73,77509.58,UP,0
2026-09-03T05:45:00+00:00,5,K15,DOWN,2026-09-03T05:45:21.051259+00:00,22,77486.73,77509.58,UP,0
2026-09-03T05:45:00+00:00,15,K14,DOWN,2026-09-03T05:45:21.051259+00:00,22,77486.73,77809.91,UP,0
2026-09-03T05:45:00+00:00,15,?,UP,2026-09-03T05:47:00.864362+00:00,121,77486.73,77809.91,UP,1
2026-09-03T05:45:00+00:00,15,K9,DOWN,2026-09-03T05:45:21.051259+00:00,22,77486.73,77809.91,UP,0
2026-09-03T05:45:00+00:00,15,K4,DOWN,2026-09-03T05:45:21.051259+00:00,22,77486.73,77809.91,UP,0
2026-09-03T05:45:00+00:00,15,K15,DOWN,2026-09-03T05:45:21.051259+00:00,22,77486.73,77809.91,UP,0
2026-09-03T05:50:00+00:00,5,?,DOWN,2026-09-03T05:51:15.678496+00:00,76,77509.57,77681.43,UP,0
2026-09-03T05:50:00+00:00,5,K11,UP,2026-09-03T05:51:43.137466+00:00,104,77509.57,77681.43,UP,1
2026-09-03T05:50:00+00:00,5,K15,DOWN,2026-09-03T05:50:21.084017+00:00,22,77509.57,77681.43,UP,0
2026-09-03T05:55:00+00:00,5,K14,DOWN,2026-09-03T05:55:21.049867+00:00,22,77681.43,77809.91,UP,0
2026-09-03T05:55:00+00:00,5,K10,UP,2026-09-03T05:56:02.297037+00:00,63,77681.43,77809.91,UP,1
2026-09-03T05:55:00+00:00,5,K11,UP,2026-09-03T05:56:44.124210+00:00,105,77681.43,77809.91,UP,1
2026-09-03T05:55:00+00:00,5,K9,DOWN,2026-09-03T05:55:21.049867+00:00,22,77681.43,77809.91,UP,0
2026-09-03T05:55:00+00:00,5,K4,DOWN,2026-09-03T05:55:21.049867+00:00,22,77681.43,77809.91,UP,0
2026-09-03T05:55:00+00:00,5,K5,DOWN,2026-09-03T05:55:21.049867+00:00,22,77681.43,77809.91,UP,0
2026-09-03T06:00:00+00:00,5,K14,DOWN,2026-09-03T06:00:21.059051+00:00,22,77809.91,77736.9,DOWN,1
2026-09-03T06:00:00+00:00,5,?,DOWN,2026-09-03T06:00:04.845253+00:00,5,77809.91,77736.9,DOWN,1
2026-09-03T06:00:00+00:00,5,K10,DOWN,2026-09-03T06:01:02.804021+00:00,63,77809.91,77736.9,DOWN,1
2026-09-03T06:00:00+00:00,5,K11,DOWN,2026-09-03T06:02:05.800073+00:00,126,77809.91,77736.9,DOWN,1
2026-09-03T06:00:00+00:00,5,K9,DOWN,2026-09-03T06:00:21.059051+00:00,22,77809.91,77736.9,DOWN,1
2026-09-03T06:00:00+00:00,5,K4,DOWN,2026-09-03T06:00:21.059051+00:00,22,77809.91,77736.9,DOWN,1
2026-09-03T06:00:00+00:00,5,K8,DOWN,2026-09-03T06:00:21.059051+00:00,22,77809.91,77736.9,DOWN,1
2026-09-03T06:00:00+00:00,5,K5,DOWN,2026-09-03T06:00:21.059051+00:00,22,77809.91,77736.9,DOWN,1
2026-09-03T06:00:00+00:00,15,K14,DOWN,2026-09-03T06:00:21.059051+00:00,22,77809.91,77709.85,DOWN,1
2026-09-03T06:00:00+00:00,15,?,DOWN,2026-09-03T06:00:04.845253+00:00,5,77809.91,77709.85,DOWN,1
2026-09-03T06:00:00+00:00,15,K9,DOWN,2026-09-03T06:00:21.059051+00:00,22,77809.91,77709.85,DOWN,1
2026-09-03T06:00:00+00:00,15,K4,DOWN,2026-09-03T06:00:21.059051+00:00,22,77809.91,77709.85,DOWN,1
2026-09-03T06:00:00+00:00,15,K8,DOWN,2026-09-03T06:00:21.059051+00:00,22,77809.91,77709.85,DOWN,1
2026-09-03T06:00:00+00:00,15,K5,DOWN,2026-09-03T06:00:21.059051+00:00,22,77809.91,77709.85,DOWN,1
2026-09-03T06:05:00+00:00,5,K14,DOWN,2026-09-03T06:05:21.078969+00:00,22,77736.9,77727.09,DOWN,1
2026-09-03T06:05:00+00:00,5,?,DOWN,2026-09-03T06:06:18.250678+00:00,79,77736.9,77727.09,DOWN,1
2026-09-03T06:05:00+00:00,5,K16,DOWN,2026-09-03T06:05:21.078969+00:00,22,77736.9,77727.09,DOWN,1
2026-09-03T06:05:00+00:00,5,K5,DOWN,2026-09-03T06:05:21.078969+00:00,22,77736.9,77727.09,DOWN,1
2026-09-03T06:10:00+00:00,5,K16,DOWN,2026-09-03T06:10:21.050225+00:00,22,77727.09,77709.85,DOWN,1
2026-09-03T06:10:00+00:00,5,K5,DOWN,2026-09-03T06:10:21.050225+00:00,22,77727.09,77709.85,DOWN,1
2026-09-03T06:15:00+00:00,5,?,DOWN,2026-09-03T06:19:32.366016+00:00,273,77709.85,77774.82,UP,0
2026-09-03T06:15:00+00:00,5,K5,DOWN,2026-09-03T06:15:21.056659+00:00,22,77709.85,77774.82,UP,0
2026-09-03T06:15:00+00:00,15,?,DOWN,2026-09-03T06:19:32.366016+00:00,273,77709.85,77748.46,UP,0
2026-09-03T06:20:00+00:00,5,K5,DOWN,2026-09-03T06:20:21.076615+00:00,22,77774.83,77748.0,DOWN,1
2026-09-03T06:25:00+00:00,5,?,DOWN,2026-09-03T06:28:32.347433+00:00,213,77748.0,77748.46,UP,0
2026-09-03T06:25:00+00:00,5,K5,DOWN,2026-09-03T06:25:21.048141+00:00,22,77748.0,77748.46,UP,0
2026-09-03T06:30:00+00:00,5,?,DOWN,2026-09-03T06:30:14.448745+00:00,15,77748.46,77799.99,UP,0
2026-09-03T06:30:00+00:00,5,K5,DOWN,2026-09-03T06:30:21.055959+00:00,22,77748.46,77799.99,UP,0
2026-09-03T06:30:00+00:00,15,?,DOWN,2026-09-03T06:30:14.448745+00:00,15,77748.46,77828.67,UP,0
2026-09-03T06:30:00+00:00,15,K5,DOWN,2026-09-03T06:30:21.055959+00:00,22,77748.46,77828.67,UP,0
2026-09-03T06:35:00+00:00,5,K8,DOWN,2026-09-03T06:35:21.091132+00:00,22,77799.98,77774.47,DOWN,1
2026-09-03T06:35:00+00:00,5,K5,DOWN,2026-09-03T06:35:21.091132+00:00,22,77799.98,77774.47,DOWN,1
2026-09-03T06:40:00+00:00,5,K5,DOWN,2026-09-03T06:40:21.049299+00:00,22,77774.47,77828.67,UP,0
2026-09-03T06:45:00+00:00,5,?,DOWN,2026-09-03T06:48:42.847775+00:00,223,77828.66,77833.99,UP,0
2026-09-03T06:45:00+00:00,5,K10,DOWN,2026-09-03T06:46:03.204036+00:00,64,77828.66,77833.99,UP,0
2026-09-03T06:45:00+00:00,5,K8,DOWN,2026-09-03T06:45:21.049100+00:00,22,77828.66,77833.99,UP,0
2026-09-03T06:45:00+00:00,5,K5,DOWN,2026-09-03T06:45:21.049100+00:00,22,77828.66,77833.99,UP,0
2026-09-03T06:45:00+00:00,15,?,DOWN,2026-09-03T06:48:42.847775+00:00,223,77828.66,77835.19,UP,0
2026-09-03T06:45:00+00:00,15,K8,DOWN,2026-09-03T06:45:21.049100+00:00,22,77828.66,77835.19,UP,0
2026-09-03T06:45:00+00:00,15,K5,DOWN,2026-09-03T06:45:21.049100+00:00,22,77828.66,77835.19,UP,0
2026-09-03T06:50:00+00:00,5,K14,DOWN,2026-09-03T06:50:21.083312+00:00,22,77834.0,77782.37,DOWN,1
2026-09-03T06:50:00+00:00,5,K10,DOWN,2026-09-03T06:51:02.610166+00:00,63,77834.0,77782.37,DOWN,1
2026-09-03T06:50:00+00:00,5,K8,DOWN,2026-09-03T06:50:21.083312+00:00,22,77834.0,77782.37,DOWN,1
2026-09-03T06:50:00+00:00,5,K5,DOWN,2026-09-03T06:50:21.083312+00:00,22,77834.0,77782.37,DOWN,1
2026-09-03T06:55:00+00:00,5,K14,DOWN,2026-09-03T06:55:21.120308+00:00,22,77782.36,77835.19,UP,0
2026-09-03T06:55:00+00:00,5,K8,DOWN,2026-09-03T06:55:21.120308+00:00,22,77782.36,77835.19,UP,0
2026-09-03T06:55:00+00:00,5,K5,DOWN,2026-09-03T06:55:21.120308+00:00,22,77782.36,77835.19,UP,0
2026-09-03T07:00:00+00:00,5,K14,DOWN,2026-09-03T07:00:21.065636+00:00,22,77835.2,78140.02,UP,0
2026-09-03T07:00:00+00:00,5,?,DOWN,2026-09-03T07:00:54.430820+00:00,55,77835.2,78140.02,UP,0
2026-09-03T07:00:00+00:00,5,K8,DOWN,2026-09-03T07:00:21.065636+00:00,22,77835.2,78140.02,UP,0
2026-09-03T07:00:00+00:00,5,K5,DOWN,2026-09-03T07:00:21.065636+00:00,22,77835.2,78140.02,UP,0
2026-09-03T07:00:00+00:00,15,K14,DOWN,2026-09-03T07:00:21.065636+00:00,22,77835.2,78061.84,UP,0
2026-09-03T07:00:00+00:00,15,?,DOWN,2026-09-03T07:00:54.430820+00:00,55,77835.2,78061.84,UP,0
2026-09-03T07:00:00+00:00,15,K11,UP,2026-09-03T07:05:01.006174+00:00,302,77835.2,78061.84,UP,1
2026-09-03T07:00:00+00:00,15,K8,DOWN,2026-09-03T07:00:21.065636+00:00,22,77835.2,78061.84,UP,0
2026-09-03T07:00:00+00:00,15,K5,DOWN,2026-09-03T07:00:21.065636+00:00,22,77835.2,78061.84,UP,0
2026-09-03T07:05:00+00:00,5,K2,DOWN,2026-09-03T07:05:21.422746+00:00,22,78140.02,78006.02,DOWN,1
2026-09-03T07:05:00+00:00,5,K7,DOWN,2026-09-03T07:05:21.422746+00:00,22,78140.02,78006.02,DOWN,1
2026-09-03T07:05:00+00:00,5,K14,DOWN,2026-09-03T07:05:21.422746+00:00,22,78140.02,78006.02,DOWN,1
2026-09-03T07:05:00+00:00,5,K1,DOWN,2026-09-03T07:05:21.422746+00:00,22,78140.02,78006.02,DOWN,1
2026-09-03T07:05:00+00:00,5,K6,DOWN,2026-09-03T07:05:21.422746+00:00,22,78140.02,78006.02,DOWN,1
2026-09-03T07:05:00+00:00,5,?,UP,2026-09-03T07:05:20.286813+00:00,21,78140.02,78006.02,DOWN,0
2026-09-03T07:05:00+00:00,5,K10,UP,2026-09-03T07:06:02.720450+00:00,63,78140.02,78006.02,DOWN,0
2026-09-03T07:05:00+00:00,5,K9,DOWN,2026-09-03T07:05:21.422746+00:00,22,78140.02,78006.02,DOWN,1
2026-09-03T07:05:00+00:00,5,K4,DOWN,2026-09-03T07:05:21.422746+00:00,22,78140.02,78006.02,DOWN,1
2026-09-03T07:05:00+00:00,5,K3,DOWN,2026-09-03T07:05:21.422746+00:00,22,78140.02,78006.02,DOWN,1
2026-09-03T07:05:00+00:00,5,K15,DOWN,2026-09-03T07:05:21.422746+00:00,22,78140.02,78006.02,DOWN,1
2026-09-03T07:05:00+00:00,5,K8,DOWN,2026-09-03T07:05:21.422746+00:00,22,78140.02,78006.02,DOWN,1
2026-09-03T07:05:00+00:00,5,K5,DOWN,2026-09-03T07:05:21.422746+00:00,22,78140.02,78006.02,DOWN,1
2026-09-03T07:05:00+00:00,5,K12,DOWN,2026-09-03T07:05:21.422746+00:00,22,78140.02,78006.02,DOWN,1
2026-09-03T07:10:00+00:00,5,K14,DOWN,2026-09-03T07:10:21.056079+00:00,22,78006.02,78061.84,UP,0
2026-09-03T07:10:00+00:00,5,K11,UP,2026-09-03T07:12:04.606043+00:00,125,78006.02,78061.84,UP,1
2026-09-03T07:10:00+00:00,5,K9,UP,2026-09-03T07:10:21.056079+00:00,22,78006.02,78061.84,UP,1
2026-09-03T07:10:00+00:00,5,K4,UP,2026-09-03T07:10:21.056079+00:00,22,78006.02,78061.84,UP,1
2026-09-03T07:10:00+00:00,5,K15,DOWN,2026-09-03T07:10:21.056079+00:00,22,78006.02,78061.84,UP,0
2026-09-03T07:10:00+00:00,5,K5,DOWN,2026-09-03T07:10:21.056079+00:00,22,78006.02,78061.84,UP,0
2026-09-03T07:15:00+00:00,5,K2,DOWN,2026-09-03T07:15:21.054478+00:00,22,78061.83,77968.5,DOWN,1
2026-09-03T07:15:00+00:00,5,K14,DOWN,2026-09-03T07:15:21.054478+00:00,22,78061.83,77968.5,DOWN,1
2026-09-03T07:15:00+00:00,5,K10,DOWN,2026-09-03T07:16:02.897158+00:00,63,78061.83,77968.5,DOWN,1
2026-09-03T07:15:00+00:00,5,K11,DOWN,2026-09-03T07:16:45.301507+00:00,106,78061.83,77968.5,DOWN,1
2026-09-03T07:15:00+00:00,5,K15,DOWN,2026-09-03T07:15:21.054478+00:00,22,78061.83,77968.5,DOWN,1
2026-09-03T07:15:00+00:00,5,K5,DOWN,2026-09-03T07:15:21.054478+00:00,22,78061.83,77968.5,DOWN,1
2026-09-03T07:15:00+00:00,15,K2,DOWN,2026-09-03T07:15:21.054478+00:00,22,78061.83,77954.01,DOWN,1
2026-09-03T07:15:00+00:00,15,K7,DOWN,2026-09-03T07:15:21.054478+00:00,22,78061.83,77954.01,DOWN,1
2026-09-03T07:15:00+00:00,15,K14,DOWN,2026-09-03T07:15:21.054478+00:00,22,78061.83,77954.01,DOWN,1
2026-09-03T07:15:00+00:00,15,K1,DOWN,2026-09-03T07:15:21.054478+00:00,22,78061.83,77954.01,DOWN,1
2026-09-03T07:15:00+00:00,15,K10,DOWN,2026-09-03T07:18:06.262259+00:00,187,78061.83,77954.01,DOWN,1
2026-09-03T07:15:00+00:00,15,K11,DOWN,2026-09-03T07:20:01.006898+00:00,302,78061.83,77954.01,DOWN,1
2026-09-03T07:15:00+00:00,15,K9,DOWN,2026-09-03T07:15:21.054478+00:00,22,78061.83,77954.01,DOWN,1
2026-09-03T07:15:00+00:00,15,K4,DOWN,2026-09-03T07:15:21.054478+00:00,22,78061.83,77954.01,DOWN,1
2026-09-03T07:15:00+00:00,15,K3,DOWN,2026-09-03T07:15:21.054478+00:00,22,78061.83,77954.01,DOWN,1
2026-09-03T07:15:00+00:00,15,K15,DOWN,2026-09-03T07:15:21.054478+00:00,22,78061.83,77954.01,DOWN,1
2026-09-03T07:15:00+00:00,15,K5,DOWN,2026-09-03T07:15:21.054478+00:00,22,78061.83,77954.01,DOWN,1
2026-09-03T07:20:00+00:00,5,K9,UP,2026-09-03T07:20:21.449374+00:00,22,77968.49,77959.04,DOWN,0
2026-09-03T07:20:00+00:00,5,K4,UP,2026-09-03T07:20:21.449374+00:00,22,77968.49,77959.04,DOWN,0
2026-09-03T07:25:00+00:00,5,K10,DOWN,2026-09-03T07:26:01.318697+00:00,62,77959.04,77954.01,DOWN,1
2026-09-03T07:25:00+00:00,5,K11,DOWN,2026-09-03T07:26:42.396509+00:00,103,77959.04,77954.01,DOWN,1
2026-09-03T07:30:00+00:00,5,?,DOWN,2026-09-03T07:33:56.607881+00:00,237,77954.02,77921.03,DOWN,1
2026-09-03T07:30:00+00:00,5,K10,DOWN,2026-09-03T07:31:01.291513+00:00,62,77954.02,77921.03,DOWN,1
2026-09-03T07:30:00+00:00,5,K11,DOWN,2026-09-03T07:31:42.306504+00:00,103,77954.02,77921.03,DOWN,1
2026-09-03T07:30:00+00:00,15,?,DOWN,2026-09-03T07:33:56.607881+00:00,237,77954.02,77900.0,DOWN,1
2026-09-03T07:40:00+00:00,5,?,DOWN,2026-09-03T07:43:48.664643+00:00,229,77978.0,77900.0,DOWN,1
2026-09-03T07:40:00+00:00,5,K11,UP,2026-09-03T07:41:41.615899+00:00,102,77978.0,77900.0,DOWN,0
2026-09-03T07:45:00+00:00,5,?,UP,2026-09-03T07:47:12.318034+00:00,133,77900.01,77746.81,DOWN,0
2026-09-03T07:45:00+00:00,15,?,UP,2026-09-03T07:47:12.318034+00:00,133,77900.01,77663.15,DOWN,0
2026-09-03T07:45:00+00:00,15,K10,DOWN,2026-09-03T07:48:02.074046+00:00,183,77900.01,77663.15,DOWN,1
2026-09-03T07:45:00+00:00,15,K11,DOWN,2026-09-03T07:50:01.005078+00:00,302,77900.01,77663.15,DOWN,1
2026-09-03T07:50:00+00:00,5,K10,DOWN,2026-09-03T07:51:02.839000+00:00,63,77746.82,77680.57,DOWN,1
2026-09-03T07:50:00+00:00,5,K11,DOWN,2026-09-03T07:52:05.267480+00:00,126,77746.82,77680.57,DOWN,1
2026-09-03T07:50:00+00:00,5,K9,UP,2026-09-03T07:50:21.433669+00:00,22,77746.82,77680.57,DOWN,0
2026-09-03T07:50:00+00:00,5,K4,UP,2026-09-03T07:50:21.433669+00:00,22,77746.82,77680.57,DOWN,0
2026-09-03T07:50:00+00:00,5,K8,UP,2026-09-03T07:50:21.433669+00:00,22,77746.82,77680.57,DOWN,0
2026-09-03T07:50:00+00:00,5,K5,UP,2026-09-03T07:50:21.433669+00:00,22,77746.82,77680.57,DOWN,0
2026-09-03T07:55:00+00:00,5,K2,UP,2026-09-03T07:55:21.050283+00:00,22,77680.57,77663.15,DOWN,0
2026-09-03T07:55:00+00:00,5,?,DOWN,2026-09-03T07:57:43.805981+00:00,164,77680.57,77663.15,DOWN,1
2026-09-03T07:55:00+00:00,5,K10,DOWN,2026-09-03T07:56:02.070658+00:00,63,77680.57,77663.15,DOWN,1
2026-09-03T07:55:00+00:00,5,K11,DOWN,2026-09-03T07:56:43.795296+00:00,104,77680.57,77663.15,DOWN,1
2026-09-03T07:55:00+00:00,5,K8,UP,2026-09-03T07:55:21.050283+00:00,22,77680.57,77663.15,DOWN,0
2026-09-03T07:55:00+00:00,5,K5,UP,2026-09-03T07:55:21.050283+00:00,22,77680.57,77663.15,DOWN,0
2026-09-03T08:00:00+00:00,5,K2,UP,2026-09-03T08:00:21.051242+00:00,22,77663.14,77854.19,UP,1
2026-09-03T08:00:00+00:00,5,?,DOWN,2026-09-03T08:04:12.107294+00:00,253,77663.14,77854.19,UP,0
2026-09-03T08:00:00+00:00,5,K10,UP,2026-09-03T08:01:02.696603+00:00,63,77663.14,77854.19,UP,1
2026-09-03T08:00:00+00:00,5,K11,UP,2026-09-03T08:01:45.953645+00:00,106,77663.14,77854.19,UP,1
2026-09-03T08:00:00+00:00,5,K5,UP,2026-09-03T08:00:21.051242+00:00,22,77663.14,77854.19,UP,1
2026-09-03T08:00:00+00:00,15,?,DOWN,2026-09-03T08:04:12.107294+00:00,253,77663.14,77928.0,UP,0
2026-09-03T08:00:00+00:00,15,K10,UP,2026-09-03T08:03:07.007490+00:00,188,77663.14,77928.0,UP,1
2026-09-03T08:00:00+00:00,15,K11,UP,2026-09-03T08:05:01.006452+00:00,302,77663.14,77928.0,UP,1
2026-09-03T08:00:00+00:00,15,K9,UP,2026-09-03T08:00:21.051242+00:00,22,77663.14,77928.0,UP,1
2026-09-03T08:00:00+00:00,15,K4,UP,2026-09-03T08:00:21.051242+00:00,22,77663.14,77928.0,UP,1
2026-09-03T08:05:00+00:00,5,?,DOWN,2026-09-03T08:05:41.685394+00:00,42,77854.2,77930.58,UP,0
2026-09-03T08:05:00+00:00,5,K10,UP,2026-09-03T08:06:02.904868+00:00,63,77854.2,77930.58,UP,1
2026-09-03T08:05:00+00:00,5,K11,UP,2026-09-03T08:06:44.608553+00:00,105,77854.2,77930.58,UP,1
2026-09-03T08:05:00+00:00,5,K9,DOWN,2026-09-03T08:05:21.438117+00:00,22,77854.2,77930.58,UP,0
2026-09-03T08:05:00+00:00,5,K4,DOWN,2026-09-03T08:05:21.438117+00:00,22,77854.2,77930.58,UP,0
2026-09-03T08:05:00+00:00,5,K15,DOWN,2026-09-03T08:05:21.438117+00:00,22,77854.2,77930.58,UP,0
2026-09-03T08:10:00+00:00,5,K14,DOWN,2026-09-03T08:10:21.050195+00:00,22,77930.58,77928.0,DOWN,1
2026-09-03T08:10:00+00:00,5,?,UP,2026-09-03T08:13:00.053895+00:00,181,77930.58,77928.0,DOWN,0
2026-09-03T08:10:00+00:00,5,K11,UP,2026-09-03T08:11:43.178171+00:00,104,77930.58,77928.0,DOWN,0
2026-09-03T08:10:00+00:00,5,K15,DOWN,2026-09-03T08:10:21.050195+00:00,22,77930.58,77928.0,DOWN,1
2026-09-03T08:15:00+00:00,5,K10,DOWN,2026-09-03T08:16:01.986697+00:00,62,77928.0,77935.84,UP,0
2026-09-03T08:15:00+00:00,15,?,DOWN,2026-09-03T08:28:13.984061+00:00,794,77928.0,77979.13,UP,0
2026-09-03T08:15:00+00:00,15,K9,DOWN,2026-09-03T08:15:21.051210+00:00,22,77928.0,77979.13,UP,0
2026-09-03T08:15:00+00:00,15,K4,DOWN,2026-09-03T08:15:21.051210+00:00,22,77928.0,77979.13,UP,0
2026-09-03T08:20:00+00:00,5,K11,DOWN,2026-09-03T08:22:03.176256+00:00,124,77935.84,77873.99,DOWN,1
2026-09-03T08:20:00+00:00,5,K16,DOWN,2026-09-03T08:20:21.077211+00:00,22,77935.84,77873.99,DOWN,1
2026-09-03T08:25:00+00:00,5,?,DOWN,2026-09-03T08:28:13.984061+00:00,194,77874.0,77979.13,UP,0
2026-09-03T08:30:00+00:00,5,?,UP,2026-09-03T08:30:24.926882+00:00,25,77979.14,77947.61,DOWN,0
2026-09-03T08:30:00+00:00,5,K9,DOWN,2026-09-03T08:30:21.050866+00:00,22,77979.14,77947.61,DOWN,1
2026-09-03T08:30:00+00:00,5,K4,DOWN,2026-09-03T08:30:21.050866+00:00,22,77979.14,77947.61,DOWN,1
2026-09-03T08:30:00+00:00,15,?,UP,2026-09-03T08:30:24.926882+00:00,25,77979.14,77882.78,DOWN,0
2026-09-03T08:30:00+00:00,15,K5,DOWN,2026-09-03T08:30:21.050866+00:00,22,77979.14,77882.78,DOWN,1
2026-09-03T08:40:00+00:00,5,?,UP,2026-09-03T08:40:40.892913+00:00,41,77929.65,77882.78,DOWN,0
2026-09-03T08:45:00+00:00,5,?,UP,2026-09-03T08:48:22.603104+00:00,203,77882.77,77806.22,DOWN,0
2026-09-03T08:45:00+00:00,15,?,UP,2026-09-03T08:48:22.603104+00:00,203,77882.77,77843.34,DOWN,0
2026-09-03T08:50:00+00:00,5,K14,UP,2026-09-03T08:50:21.084750+00:00,22,77806.22,77828.9,UP,1
2026-09-03T08:55:00+00:00,5,K14,UP,2026-09-03T08:55:21.048954+00:00,22,77828.91,77843.34,UP,1
2026-09-03T09:00:00+00:00,15,?,DOWN,2026-09-03T09:06:13.782985+00:00,374,77843.34,77874.35,UP,0
2026-09-03T09:05:00+00:00,5,?,DOWN,2026-09-03T09:06:13.782985+00:00,74,77829.55,77890.03,UP,0
2026-09-03T09:10:00+00:00,5,K14,DOWN,2026-09-03T09:10:21.048469+00:00,22,77890.02,77874.35,DOWN,1
2026-09-03T09:10:00+00:00,5,?,DOWN,2026-09-03T09:12:34.213195+00:00,155,77890.02,77874.35,DOWN,1
2026-09-03T09:10:00+00:00,5,K11,UP,2026-09-03T09:12:03.707083+00:00,124,77890.02,77874.35,DOWN,0
2026-09-03T09:15:00+00:00,5,K14,DOWN,2026-09-03T09:15:21.049485+00:00,22,77874.36,77841.47,DOWN,1
2026-09-03T09:15:00+00:00,15,K14,DOWN,2026-09-03T09:15:21.049485+00:00,22,77874.36,77742.67,DOWN,1
2026-09-03T09:15:00+00:00,15,?,DOWN,2026-09-03T09:20:54.770541+00:00,355,77874.36,77742.67,DOWN,1
2026-09-03T09:20:00+00:00,5,K14,DOWN,2026-09-03T09:20:21.076025+00:00,22,77841.47,77831.27,DOWN,1
2026-09-03T09:20:00+00:00,5,?,DOWN,2026-09-03T09:20:54.770541+00:00,55,77841.47,77831.27,DOWN,1
2026-09-03T09:30:00+00:00,5,?,DOWN,2026-09-03T09:30:50.743152+00:00,51,77742.66,77748.2,UP,0
2026-09-03T09:30:00+00:00,5,K9,UP,2026-09-03T09:30:21.048654+00:00,22,77742.66,77748.2,UP,1
2026-09-03T09:30:00+00:00,5,K4,UP,2026-09-03T09:30:21.048654+00:00,22,77742.66,77748.2,UP,1
2026-09-03T09:30:00+00:00,15,?,DOWN,2026-09-03T09:30:50.743152+00:00,51,77742.66,77724.36,DOWN,1
2026-09-03T09:35:00+00:00,5,?,UP,2026-09-03T09:39:30.214070+00:00,271,77748.2,77723.42,DOWN,0
2026-09-03T09:40:00+00:00,5,K2,UP,2026-09-03T09:40:21.048479+00:00,22,77723.42,77724.36,UP,1
2026-09-03T09:40:00+00:00,5,?,UP,2026-09-03T09:40:30.414191+00:00,31,77723.42,77724.36,UP,1
2026-09-03T09:40:00+00:00,5,K5,UP,2026-09-03T09:40:21.048479+00:00,22,77723.42,77724.36,UP,1
2026-09-03T09:45:00+00:00,5,K2,UP,2026-09-03T09:45:21.050974+00:00,22,77724.36,77641.37,DOWN,0
2026-09-03T09:45:00+00:00,5,K10,UP,2026-09-03T09:46:01.998694+00:00,62,77724.36,77641.37,DOWN,0
2026-09-03T09:45:00+00:00,5,K5,UP,2026-09-03T09:45:21.050974+00:00,22,77724.36,77641.37,DOWN,0
2026-09-03T09:45:00+00:00,15,?,DOWN,2026-09-03T09:57:18.858521+00:00,739,77724.36,77615.24,DOWN,1
2026-09-03T09:50:00+00:00,5,K2,UP,2026-09-03T09:50:21.077779+00:00,22,77637.25,77649.99,UP,1
2026-09-03T09:50:00+00:00,5,K7,UP,2026-09-03T09:50:21.077779+00:00,22,77637.25,77649.99,UP,1
2026-09-03T09:50:00+00:00,5,K1,UP,2026-09-03T09:50:21.077779+00:00,22,77637.25,77649.99,UP,1
2026-09-03T09:50:00+00:00,5,K9,UP,2026-09-03T09:50:21.077779+00:00,22,77637.25,77649.99,UP,1
2026-09-03T09:50:00+00:00,5,K4,UP,2026-09-03T09:50:21.077779+00:00,22,77637.25,77649.99,UP,1
2026-09-03T09:50:00+00:00,5,K3,UP,2026-09-03T09:50:21.077779+00:00,22,77637.25,77649.99,UP,1
2026-09-03T09:50:00+00:00,5,K8,UP,2026-09-03T09:50:21.077779+00:00,22,77637.25,77649.99,UP,1
2026-09-03T09:50:00+00:00,5,K5,UP,2026-09-03T09:50:21.077779+00:00,22,77637.25,77649.99,UP,1
2026-09-03T09:55:00+00:00,5,K2,UP,2026-09-03T09:55:21.053099+00:00,22,77650.0,77615.24,DOWN,0
2026-09-03T09:55:00+00:00,5,?,DOWN,2026-09-03T09:57:18.858521+00:00,139,77650.0,77615.24,DOWN,1
2026-09-03T09:55:00+00:00,5,K8,UP,2026-09-03T09:55:21.053099+00:00,22,77650.0,77615.24,DOWN,0
2026-09-03T09:55:00+00:00,5,K5,UP,2026-09-03T09:55:21.053099+00:00,22,77650.0,77615.24,DOWN,0
2026-09-03T10:00:00+00:00,5,K2,UP,2026-09-03T10:00:21.051978+00:00,22,77615.25,77651.49,UP,1
2026-09-03T10:00:00+00:00,5,?,UP,2026-09-03T10:01:24.668186+00:00,85,77615.25,77651.49,UP,1
2026-09-03T10:00:00+00:00,5,K8,UP,2026-09-03T10:00:21.051978+00:00,22,77615.25,77651.49,UP,1
2026-09-03T10:00:00+00:00,5,K5,UP,2026-09-03T10:00:21.051978+00:00,22,77615.25,77651.49,UP,1
2026-09-03T10:00:00+00:00,15,?,UP,2026-09-03T10:01:24.668186+00:00,85,77615.25,77562.89,DOWN,0
2026-09-03T10:05:00+00:00,5,K5,UP,2026-09-03T10:05:21.098117+00:00,22,77651.49,77658.81,UP,1
2026-09-03T10:10:00+00:00,5,K5,UP,2026-09-03T10:10:21.048811+00:00,22,77658.8,77562.89,DOWN,0
2026-09-03T10:15:00+00:00,5,K2,UP,2026-09-03T10:15:21.049284+00:00,22,77562.9,77621.84,UP,1
2026-09-03T10:15:00+00:00,5,K9,UP,2026-09-03T10:15:21.049284+00:00,22,77562.9,77621.84,UP,1
2026-09-03T10:15:00+00:00,5,K4,UP,2026-09-03T10:15:21.049284+00:00,22,77562.9,77621.84,UP,1
2026-09-03T10:15:00+00:00,5,K8,UP,2026-09-03T10:15:21.049284+00:00,22,77562.9,77621.84,UP,1
2026-09-03T10:15:00+00:00,5,K5,UP,2026-09-03T10:15:21.049284+00:00,22,77562.9,77621.84,UP,1
2026-09-03T10:15:00+00:00,15,?,DOWN,2026-09-03T10:26:43.936804+00:00,704,77562.9,77630.96,UP,0
2026-09-03T10:20:00+00:00,5,K10,UP,2026-09-03T10:21:01.355710+00:00,62,77621.84,77650.01,UP,1
2026-09-03T10:20:00+00:00,5,K11,UP,2026-09-03T10:21:42.533985+00:00,103,77621.84,77650.01,UP,1
2026-09-03T10:25:00+00:00,5,?,DOWN,2026-09-03T10:26:43.936804+00:00,104,77650.0,77630.96,DOWN,1
2026-09-03T10:30:00+00:00,5,?,UP,2026-09-03T10:34:57.057319+00:00,298,77630.97,77506.61,DOWN,0
2026-09-03T10:30:00+00:00,15,?,UP,2026-09-03T10:34:57.057319+00:00,298,77630.97,77508.66,DOWN,0
2026-09-03T10:30:00+00:00,15,K11,DOWN,2026-09-03T10:35:01.005003+00:00,302,77630.97,77508.66,DOWN,1
2026-09-03T10:35:00+00:00,5,K2,UP,2026-09-03T10:35:01.005003+00:00,2,77506.61,77547.03,UP,1
2026-09-03T10:35:00+00:00,5,?,DOWN,2026-09-03T10:39:13.422877+00:00,254,77506.61,77547.03,UP,0
2026-09-03T10:35:00+00:00,5,K9,UP,2026-09-03T10:35:01.005003+00:00,2,77506.61,77547.03,UP,1
2026-09-03T10:35:00+00:00,5,K4,UP,2026-09-03T10:35:01.005003+00:00,2,77506.61,77547.03,UP,1
2026-09-03T10:35:00+00:00,5,K8,UP,2026-09-03T10:35:01.005003+00:00,2,77506.61,77547.03,UP,1
2026-09-03T10:35:00+00:00,5,K5,UP,2026-09-03T10:35:01.005003+00:00,2,77506.61,77547.03,UP,1
2026-09-03T10:40:00+00:00,5,?,UP,2026-09-03T10:41:34.950063+00:00,95,77547.03,77508.66,DOWN,0
2026-09-03T10:40:00+00:00,5,K15,UP,2026-09-03T10:40:21.050811+00:00,22,77547.03,77508.66,DOWN,0
2026-09-03T10:40:00+00:00,5,K8,UP,2026-09-03T10:40:21.050811+00:00,22,77547.03,77508.66,DOWN,0
2026-09-03T10:40:00+00:00,5,K5,UP,2026-09-03T10:40:21.050811+00:00,22,77547.03,77508.66,DOWN,0
2026-09-03T10:45:00+00:00,5,K2,UP,2026-09-03T10:45:21.060463+00:00,22,77508.65,77578.67,UP,1
2026-09-03T10:45:00+00:00,5,K15,UP,2026-09-03T10:45:21.060463+00:00,22,77508.65,77578.67,UP,1
2026-09-03T10:45:00+00:00,5,K8,UP,2026-09-03T10:45:21.060463+00:00,22,77508.65,77578.67,UP,1
2026-09-03T10:45:00+00:00,5,K5,UP,2026-09-03T10:45:21.060463+00:00,22,77508.65,77578.67,UP,1
2026-09-03T10:45:00+00:00,15,K2,UP,2026-09-03T10:45:21.060463+00:00,22,77508.65,77735.88,UP,1
2026-09-03T10:45:00+00:00,15,?,DOWN,2026-09-03T10:52:51.002006+00:00,472,77508.65,77735.88,UP,0
2026-09-03T10:45:00+00:00,15,K15,UP,2026-09-03T10:45:21.060463+00:00,22,77508.65,77735.88,UP,1
2026-09-03T10:45:00+00:00,15,K5,UP,2026-09-03T10:45:21.060463+00:00,22,77508.65,77735.88,UP,1
2026-09-03T10:50:00+00:00,5,?,DOWN,2026-09-03T10:52:51.002006+00:00,172,77578.67,77715.01,UP,0
2026-09-03T10:55:00+00:00,5,K10,UP,2026-09-03T10:56:02.055737+00:00,63,77715.01,77735.88,UP,1
2026-09-03T10:55:00+00:00,5,K9,DOWN,2026-09-03T10:55:21.048633+00:00,22,77715.01,77735.88,UP,0
2026-09-03T10:55:00+00:00,5,K4,DOWN,2026-09-03T10:55:21.048633+00:00,22,77715.01,77735.88,UP,0
2026-09-03T11:00:00+00:00,5,?,UP,2026-09-03T11:03:32.874918+00:00,213,77735.88,77752.0,UP,1
2026-09-03T11:00:00+00:00,5,K15,DOWN,2026-09-03T11:00:21.051029+00:00,22,77735.88,77752.0,UP,0
2026-09-03T11:00:00+00:00,15,?,UP,2026-09-03T11:03:32.874918+00:00,213,77735.88,77822.89,UP,1
2026-09-03T11:00:00+00:00,15,K9,DOWN,2026-09-03T11:00:21.051029+00:00,22,77735.88,77822.89,UP,0
2026-09-03T11:00:00+00:00,15,K4,DOWN,2026-09-03T11:00:21.051029+00:00,22,77735.88,77822.89,UP,0
2026-09-03T11:00:00+00:00,15,K15,DOWN,2026-09-03T11:00:21.051029+00:00,22,77735.88,77822.89,UP,0
2026-09-03T11:05:00+00:00,5,?,UP,2026-09-03T11:07:24.491001+00:00,145,77752.0,77812.92,UP,1
2026-09-03T11:05:00+00:00,5,K15,DOWN,2026-09-03T11:05:21.077150+00:00,22,77752.0,77812.92,UP,0
2026-09-03T11:10:00+00:00,5,K2,DOWN,2026-09-03T11:10:21.048773+00:00,22,77812.92,77822.89,UP,0
2026-09-03T11:10:00+00:00,5,K10,DOWN,2026-09-03T11:11:02.134179+00:00,63,77812.92,77822.89,UP,0
2026-09-03T11:10:00+00:00,5,K8,DOWN,2026-09-03T11:10:21.048773+00:00,22,77812.92,77822.89,UP,0
2026-09-03T11:10:00+00:00,5,K5,DOWN,2026-09-03T11:10:21.048773+00:00,22,77812.92,77822.89,UP,0
2026-09-03T11:15:00+00:00,5,K2,DOWN,2026-09-03T11:15:21.052011+00:00,22,77822.89,77925.48,UP,0
2026-09-03T11:15:00+00:00,5,?,DOWN,2026-09-03T11:18:27.425009+00:00,208,77822.89,77925.48,UP,0
2026-09-03T11:15:00+00:00,5,K10,UP,2026-09-03T11:16:01.922618+00:00,62,77822.89,77925.48,UP,1
2026-09-03T11:15:00+00:00,5,K11,UP,2026-09-03T11:16:44.500478+00:00,105,77822.89,77925.48,UP,1
2026-09-03T11:15:00+00:00,5,K8,DOWN,2026-09-03T11:15:21.052011+00:00,22,77822.89,77925.48,UP,0
2026-09-03T11:15:00+00:00,5,K5,DOWN,2026-09-03T11:15:21.052011+00:00,22,77822.89,77925.48,UP,0
2026-09-03T11:15:00+00:00,15,?,DOWN,2026-09-03T11:18:27.425009+00:00,208,77822.89,77927.21,UP,0
2026-09-03T11:15:00+00:00,15,K11,UP,2026-09-03T11:20:01.006834+00:00,302,77822.89,77927.21,UP,1
2026-09-03T11:20:00+00:00,5,K2,DOWN,2026-09-03T11:20:21.414282+00:00,22,77925.49,77907.06,DOWN,1
2026-09-03T11:20:00+00:00,5,K7,DOWN,2026-09-03T11:20:21.414282+00:00,22,77925.49,77907.06,DOWN,1
2026-09-03T11:20:00+00:00,5,K14,DOWN,2026-09-03T11:20:21.414282+00:00,22,77925.49,77907.06,DOWN,1
2026-09-03T11:20:00+00:00,5,K1,DOWN,2026-09-03T11:20:21.414282+00:00,22,77925.49,77907.06,DOWN,1
2026-09-03T11:20:00+00:00,5,K11,DOWN,2026-09-03T11:21:44.062512+00:00,105,77925.49,77907.06,DOWN,1
2026-09-03T11:20:00+00:00,5,K9,DOWN,2026-09-03T11:20:21.414282+00:00,22,77925.49,77907.06,DOWN,1
2026-09-03T11:20:00+00:00,5,K4,DOWN,2026-09-03T11:20:21.414282+00:00,22,77925.49,77907.06,DOWN,1
2026-09-03T11:20:00+00:00,5,K3,DOWN,2026-09-03T11:20:21.414282+00:00,22,77925.49,77907.06,DOWN,1
2026-09-03T11:20:00+00:00,5,K8,DOWN,2026-09-03T11:20:21.414282+00:00,22,77925.49,77907.06,DOWN,1
2026-09-03T11:20:00+00:00,5,K5,DOWN,2026-09-03T11:20:21.414282+00:00,22,77925.49,77907.06,DOWN,1
2026-09-03T11:25:00+00:00,5,K2,DOWN,2026-09-03T11:25:21.052244+00:00,22,77907.06,77927.21,UP,0
2026-09-03T11:25:00+00:00,5,K14,DOWN,2026-09-03T11:25:21.052244+00:00,22,77907.06,77927.21,UP,0
2026-09-03T11:25:00+00:00,5,K8,DOWN,2026-09-03T11:25:21.052244+00:00,22,77907.06,77927.21,UP,0
2026-09-03T11:25:00+00:00,5,K5,DOWN,2026-09-03T11:25:21.052244+00:00,22,77907.06,77927.21,UP,0
2026-09-03T11:30:00+00:00,5,K2,DOWN,2026-09-03T11:30:21.050807+00:00,22,77927.21,77936.99,UP,0
2026-09-03T11:30:00+00:00,5,K14,DOWN,2026-09-03T11:30:21.050807+00:00,22,77927.21,77936.99,UP,0
2026-09-03T11:30:00+00:00,5,?,UP,2026-09-03T11:31:17.732133+00:00,78,77927.21,77936.99,UP,1
2026-09-03T11:30:00+00:00,5,K8,DOWN,2026-09-03T11:30:21.050807+00:00,22,77927.21,77936.99,UP,0
2026-09-03T11:30:00+00:00,5,K5,DOWN,2026-09-03T11:30:21.050807+00:00,22,77927.21,77936.99,UP,0
2026-09-03T11:30:00+00:00,15,K14,DOWN,2026-09-03T11:30:21.050807+00:00,22,77927.21,77929.91,UP,0
2026-09-03T11:30:00+00:00,15,?,UP,2026-09-03T11:31:17.732133+00:00,78,77927.21,77929.91,UP,1
2026-09-03T11:35:00+00:00,5,K2,DOWN,2026-09-03T11:35:21.115578+00:00,22,77936.98,77947.32,UP,0
2026-09-03T11:35:00+00:00,5,K10,DOWN,2026-09-03T11:36:02.403899+00:00,63,77936.98,77947.32,UP,0
2026-09-03T11:35:00+00:00,5,K8,DOWN,2026-09-03T11:35:21.115578+00:00,22,77936.98,77947.32,UP,0
2026-09-03T11:35:00+00:00,5,K5,DOWN,2026-09-03T11:35:21.115578+00:00,22,77936.98,77947.32,UP,0
2026-09-03T11:40:00+00:00,5,K2,DOWN,2026-09-03T11:40:21.049839+00:00,22,77947.33,77929.91,DOWN,1
2026-09-03T11:40:00+00:00,5,K8,DOWN,2026-09-03T11:40:21.049839+00:00,22,77947.33,77929.91,DOWN,1
2026-09-03T11:40:00+00:00,5,K5,DOWN,2026-09-03T11:40:21.049839+00:00,22,77947.33,77929.91,DOWN,1
2026-09-03T11:45:00+00:00,5,?,DOWN,2026-09-03T11:46:24.829268+00:00,85,77929.91,77895.15,DOWN,1
2026-09-03T11:45:00+00:00,5,K10,UP,2026-09-03T11:46:02.072974+00:00,63,77929.91,77895.15,DOWN,0
2026-09-03T11:45:00+00:00,5,K11,UP,2026-09-03T11:46:43.801016+00:00,104,77929.91,77895.15,DOWN,0
2026-09-03T11:45:00+00:00,5,K5,DOWN,2026-09-03T11:45:21.051339+00:00,22,77929.91,77895.15,DOWN,1
2026-09-03T11:45:00+00:00,15,?,DOWN,2026-09-03T11:46:24.829268+00:00,85,77929.91,77948.39,UP,0
2026-09-03T11:55:00+00:00,5,?,DOWN,2026-09-03T11:55:15.544693+00:00,16,77901.97,77948.39,UP,0
2026-09-03T11:55:00+00:00,5,K10,UP,2026-09-03T11:56:02.280087+00:00,63,77901.97,77948.39,UP,1
2026-09-03T11:55:00+00:00,5,K5,DOWN,2026-09-03T11:55:21.048127+00:00,22,77901.97,77948.39,UP,0
2026-09-03T12:00:00+00:00,5,?,UP,2026-09-03T12:00:43.487455+00:00,44,77948.39,77940.0,DOWN,0
2026-09-03T12:00:00+00:00,5,K5,DOWN,2026-09-03T12:00:21.049828+00:00,22,77948.39,77940.0,DOWN,1
2026-09-03T12:00:00+00:00,15,?,UP,2026-09-03T12:00:43.487455+00:00,44,77948.39,78085.0,UP,1
2026-09-03T12:05:00+00:00,5,?,DOWN,2026-09-03T12:09:47.143847+00:00,288,77939.99,77958.0,UP,0
2026-09-03T12:05:00+00:00,5,K5,DOWN,2026-09-03T12:05:21.079286+00:00,22,77939.99,77958.0,UP,0
2026-09-03T12:10:00+00:00,5,?,DOWN,2026-09-03T12:10:47.443880+00:00,48,77957.99,78085.0,UP,0
2026-09-03T12:10:00+00:00,5,K10,UP,2026-09-03T12:11:02.059085+00:00,63,77957.99,78085.0,UP,1
2026-09-03T12:10:00+00:00,5,K11,UP,2026-09-03T12:11:43.956875+00:00,104,77957.99,78085.0,UP,1
2026-09-03T12:10:00+00:00,5,K8,DOWN,2026-09-03T12:10:21.050243+00:00,22,77957.99,78085.0,UP,0
2026-09-03T12:10:00+00:00,5,K5,DOWN,2026-09-03T12:10:21.050243+00:00,22,77957.99,78085.0,UP,0
2026-09-03T12:15:00+00:00,5,K2,DOWN,2026-09-03T12:15:21.052627+00:00,22,78085.01,78002.67,DOWN,1
2026-09-03T12:15:00+00:00,5,K14,DOWN,2026-09-03T12:15:21.052627+00:00,22,78085.01,78002.67,DOWN,1
2026-09-03T12:15:00+00:00,5,K1,DOWN,2026-09-03T12:15:21.052627+00:00,22,78085.01,78002.67,DOWN,1
2026-09-03T12:15:00+00:00,5,?,DOWN,2026-09-03T12:15:28.018184+00:00,29,78085.01,78002.67,DOWN,1
2026-09-03T12:15:00+00:00,5,K10,UP,2026-09-03T12:16:03.273830+00:00,64,78085.01,78002.67,DOWN,0
2026-09-03T12:15:00+00:00,5,K9,DOWN,2026-09-03T12:15:21.052627+00:00,22,78085.01,78002.67,DOWN,1
2026-09-03T12:15:00+00:00,5,K4,DOWN,2026-09-03T12:15:21.052627+00:00,22,78085.01,78002.67,DOWN,1
2026-09-03T12:15:00+00:00,5,K8,DOWN,2026-09-03T12:15:21.052627+00:00,22,78085.01,78002.67,DOWN,1
2026-09-03T12:15:00+00:00,5,K5,DOWN,2026-09-03T12:15:21.052627+00:00,22,78085.01,78002.67,DOWN,1
2026-09-03T12:15:00+00:00,5,K12,DOWN,2026-09-03T12:15:21.052627+00:00,22,78085.01,78002.67,DOWN,1
2026-09-03T12:15:00+00:00,15,K2,DOWN,2026-09-03T12:15:21.052627+00:00,22,78085.01,77970.09,DOWN,1
2026-09-03T12:15:00+00:00,15,K14,DOWN,2026-09-03T12:15:21.052627+00:00,22,78085.01,77970.09,DOWN,1
2026-09-03T12:15:00+00:00,15,?,DOWN,2026-09-03T12:15:28.018184+00:00,29,78085.01,77970.09,DOWN,1
2026-09-03T12:15:00+00:00,15,K10,DOWN,2026-09-03T12:18:06.169198+00:00,187,78085.01,77970.09,DOWN,1
2026-09-03T12:15:00+00:00,15,K8,DOWN,2026-09-03T12:15:21.052627+00:00,22,78085.01,77970.09,DOWN,1
2026-09-03T12:15:00+00:00,15,K5,DOWN,2026-09-03T12:15:21.052627+00:00,22,78085.01,77970.09,DOWN,1
2026-09-03T12:20:00+00:00,5,K14,DOWN,2026-09-03T12:20:21.102050+00:00,22,78002.67,77989.24,DOWN,1
2026-09-03T12:20:00+00:00,5,K10,DOWN,2026-09-03T12:21:03.130339+00:00,64,78002.67,77989.24,DOWN,1
2026-09-03T12:20:00+00:00,5,K9,UP,2026-09-03T12:20:21.102050+00:00,22,78002.67,77989.24,DOWN,0
2026-09-03T12:20:00+00:00,5,K4,UP,2026-09-03T12:20:21.102050+00:00,22,78002.67,77989.24,DOWN,0
2026-09-03T12:25:00+00:00,5,K14,DOWN,2026-09-03T12:25:21.050753+00:00,22,77989.23,77970.09,DOWN,1
2026-09-03T12:30:00+00:00,5,?,DOWN,2026-09-03T12:30:01.733832+00:00,2,77970.09,78292.0,UP,0
2026-09-03T12:30:00+00:00,5,K10,UP,2026-09-03T12:31:01.260453+00:00,62,77970.09,78292.0,UP,1
2026-09-03T12:30:00+00:00,5,K11,UP,2026-09-03T12:31:42.294288+00:00,103,77970.09,78292.0,UP,1
2026-09-03T12:30:00+00:00,15,?,DOWN,2026-09-03T12:30:01.733832+00:00,2,77970.09,78308.0,UP,0
2026-09-03T12:30:00+00:00,15,K10,UP,2026-09-03T12:33:04.360783+00:00,185,77970.09,78308.0,UP,1
2026-09-03T12:30:00+00:00,15,K11,UP,2026-09-03T12:35:01.006141+00:00,302,77970.09,78308.0,UP,1
2026-09-03T12:35:00+00:00,5,K2,DOWN,2026-09-03T12:35:21.421332+00:00,22,78292.0,78353.99,UP,0
2026-09-03T12:35:00+00:00,5,K7,DOWN,2026-09-03T12:35:21.421332+00:00,22,78292.0,78353.99,UP,0
2026-09-03T12:35:00+00:00,5,K1,DOWN,2026-09-03T12:35:21.421332+00:00,22,78292.0,78353.99,UP,0
2026-09-03T12:35:00+00:00,5,K6,DOWN,2026-09-03T12:35:21.421332+00:00,22,78292.0,78353.99,UP,0
2026-09-03T12:35:00+00:00,5,K10,DOWN,2026-09-03T12:36:02.688532+00:00,63,78292.0,78353.99,UP,0
2026-09-03T12:35:00+00:00,5,K11,DOWN,2026-09-03T12:36:44.411744+00:00,105,78292.0,78353.99,UP,0
2026-09-03T12:35:00+00:00,5,K9,DOWN,2026-09-03T12:35:21.421332+00:00,22,78292.0,78353.99,UP,0
2026-09-03T12:35:00+00:00,5,K4,DOWN,2026-09-03T12:35:21.421332+00:00,22,78292.0,78353.99,UP,0
2026-09-03T12:35:00+00:00,5,K3,DOWN,2026-09-03T12:35:21.421332+00:00,22,78292.0,78353.99,UP,0
2026-09-03T12:35:00+00:00,5,K12,DOWN,2026-09-03T12:35:21.421332+00:00,22,78292.0,78353.99,UP,0
2026-09-03T12:40:00+00:00,5,K2,DOWN,2026-09-03T12:40:21.054640+00:00,22,78354.0,78308.0,DOWN,1
2026-09-03T12:40:00+00:00,5,K7,DOWN,2026-09-03T12:40:21.054640+00:00,22,78354.0,78308.0,DOWN,1
2026-09-03T12:40:00+00:00,5,K1,DOWN,2026-09-03T12:40:21.054640+00:00,22,78354.0,78308.0,DOWN,1
2026-09-03T12:40:00+00:00,5,K11,DOWN,2026-09-03T12:41:43.714727+00:00,104,78354.0,78308.0,DOWN,1
2026-09-03T12:40:00+00:00,5,K4,DOWN,2026-09-03T12:40:21.054640+00:00,22,78354.0,78308.0,DOWN,1
2026-09-03T12:40:00+00:00,5,K15,DOWN,2026-09-03T12:40:21.054640+00:00,22,78354.0,78308.0,DOWN,1
2026-09-03T12:40:00+00:00,5,K5,DOWN,2026-09-03T12:40:21.054640+00:00,22,78354.0,78308.0,DOWN,1
2026-09-03T12:40:00+00:00,5,K12,DOWN,2026-09-03T12:40:21.054640+00:00,22,78354.0,78308.0,DOWN,1
2026-09-03T12:45:00+00:00,5,K2,DOWN,2026-09-03T12:45:21.070487+00:00,22,78307.99,78360.66,UP,0
2026-09-03T12:45:00+00:00,5,K7,DOWN,2026-09-03T12:45:21.070487+00:00,22,78307.99,78360.66,UP,0
2026-09-03T12:45:00+00:00,5,K1,DOWN,2026-09-03T12:45:21.070487+00:00,22,78307.99,78360.66,UP,0
2026-09-03T12:45:00+00:00,5,K10,DOWN,2026-09-03T12:46:03.190159+00:00,64,78307.99,78360.66,UP,0
2026-09-03T12:45:00+00:00,5,K4,DOWN,2026-09-03T12:45:21.070487+00:00,22,78307.99,78360.66,UP,0
2026-09-03T12:45:00+00:00,5,K5,DOWN,2026-09-03T12:45:21.070487+00:00,22,78307.99,78360.66,UP,0
2026-09-03T12:45:00+00:00,5,K12,DOWN,2026-09-03T12:45:21.070487+00:00,22,78307.99,78360.66,UP,0
2026-09-03T12:45:00+00:00,15,K2,DOWN,2026-09-03T12:45:21.070487+00:00,22,78307.99,78652.38,UP,0
2026-09-03T12:45:00+00:00,15,K7,DOWN,2026-09-03T12:45:21.070487+00:00,22,78307.99,78652.38,UP,0
2026-09-03T12:45:00+00:00,15,K1,DOWN,2026-09-03T12:45:21.070487+00:00,22,78307.99,78652.38,UP,0
2026-09-03T12:45:00+00:00,15,?,DOWN,2026-09-03T12:53:15.913782+00:00,496,78307.99,78652.38,UP,0
2026-09-03T12:45:00+00:00,15,K9,DOWN,2026-09-03T12:45:21.070487+00:00,22,78307.99,78652.38,UP,0
2026-09-03T12:45:00+00:00,15,K4,DOWN,2026-09-03T12:45:21.070487+00:00,22,78307.99,78652.38,UP,0
2026-09-03T12:45:00+00:00,15,K3,DOWN,2026-09-03T12:45:21.070487+00:00,22,78307.99,78652.38,UP,0
2026-09-03T12:45:00+00:00,15,K5,DOWN,2026-09-03T12:45:21.070487+00:00,22,78307.99,78652.38,UP,0
2026-09-03T12:50:00+00:00,5,K2,DOWN,2026-09-03T12:50:21.078975+00:00,22,78360.66,78551.0,UP,0
2026-09-03T12:50:00+00:00,5,K7,DOWN,2026-09-03T12:50:21.078975+00:00,22,78360.66,78551.0,UP,0
2026-09-03T12:50:00+00:00,5,K1,DOWN,2026-09-03T12:50:21.078975+00:00,22,78360.66,78551.0,UP,0
2026-09-03T12:50:00+00:00,5,?,DOWN,2026-09-03T12:53:15.913782+00:00,196,78360.66,78551.0,UP,0
2026-09-03T12:50:00+00:00,5,K4,DOWN,2026-09-03T12:50:21.078975+00:00,22,78360.66,78551.0,UP,0
2026-09-03T12:50:00+00:00,5,K5,DOWN,2026-09-03T12:50:21.078975+00:00,22,78360.66,78551.0,UP,0
2026-09-03T12:50:00+00:00,5,K12,DOWN,2026-09-03T12:50:21.078975+00:00,22,78360.66,78551.0,UP,0
2026-09-03T12:55:00+00:00,5,K2,DOWN,2026-09-03T12:55:21.051839+00:00,22,78551.0,78652.38,UP,0
2026-09-03T12:55:00+00:00,5,K7,DOWN,2026-09-03T12:55:21.051839+00:00,22,78551.0,78652.38,UP,0
2026-09-03T12:55:00+00:00,5,K14,DOWN,2026-09-03T12:55:21.051839+00:00,22,78551.0,78652.38,UP,0
2026-09-03T12:55:00+00:00,5,K1,DOWN,2026-09-03T12:55:21.051839+00:00,22,78551.0,78652.38,UP,0
2026-09-03T12:55:00+00:00,5,K6,DOWN,2026-09-03T12:55:21.051839+00:00,22,78551.0,78652.38,UP,0
2026-09-03T12:55:00+00:00,5,?,DOWN,2026-09-03T12:55:36.804885+00:00,37,78551.0,78652.38,UP,0
2026-09-03T12:55:00+00:00,5,K10,UP,2026-09-03T12:56:01.937373+00:00,62,78551.0,78652.38,UP,1
2026-09-03T12:55:00+00:00,5,K11,UP,2026-09-03T12:56:43.726324+00:00,104,78551.0,78652.38,UP,1
2026-09-03T12:55:00+00:00,5,K9,DOWN,2026-09-03T12:55:21.051839+00:00,22,78551.0,78652.38,UP,0
2026-09-03T12:55:00+00:00,5,K4,DOWN,2026-09-03T12:55:21.051839+00:00,22,78551.0,78652.38,UP,0
2026-09-03T12:55:00+00:00,5,K3,DOWN,2026-09-03T12:55:21.051839+00:00,22,78551.0,78652.38,UP,0
2026-09-03T12:55:00+00:00,5,K8,DOWN,2026-09-03T12:55:21.051839+00:00,22,78551.0,78652.38,UP,0
2026-09-03T12:55:00+00:00,5,K5,DOWN,2026-09-03T12:55:21.051839+00:00,22,78551.0,78652.38,UP,0
2026-09-03T12:55:00+00:00,5,K12,DOWN,2026-09-03T12:55:21.051839+00:00,22,78551.0,78652.38,UP,0
2026-09-03T13:00:00+00:00,5,K2,DOWN,2026-09-03T13:00:21.077593+00:00,22,78652.37,78608.01,DOWN,1
2026-09-03T13:00:00+00:00,5,K7,DOWN,2026-09-03T13:00:21.077593+00:00,22,78652.37,78608.01,DOWN,1
2026-09-03T13:00:00+00:00,5,K14,DOWN,2026-09-03T13:00:21.077593+00:00,22,78652.37,78608.01,DOWN,1
2026-09-03T13:00:00+00:00,5,K1,DOWN,2026-09-03T13:00:21.077593+00:00,22,78652.37,78608.01,DOWN,1
2026-09-03T13:00:00+00:00,5,K6,DOWN,2026-09-03T13:00:21.077593+00:00,22,78652.37,78608.01,DOWN,1
2026-09-03T13:00:00+00:00,5,K10,DOWN,2026-09-03T13:01:03.443444+00:00,64,78652.37,78608.01,DOWN,1
2026-09-03T13:00:00+00:00,5,K9,DOWN,2026-09-03T13:00:21.077593+00:00,22,78652.37,78608.01,DOWN,1
2026-09-03T13:00:00+00:00,5,K4,DOWN,2026-09-03T13:00:21.077593+00:00,22,78652.37,78608.01,DOWN,1
2026-09-03T13:00:00+00:00,5,K3,DOWN,2026-09-03T13:00:21.077593+00:00,22,78652.37,78608.01,DOWN,1
2026-09-03T13:00:00+00:00,5,K15,DOWN,2026-09-03T13:00:21.077593+00:00,22,78652.37,78608.01,DOWN,1
2026-09-03T13:00:00+00:00,5,K5,DOWN,2026-09-03T13:00:21.077593+00:00,22,78652.37,78608.01,DOWN,1
2026-09-03T13:00:00+00:00,5,K12,DOWN,2026-09-03T13:00:21.077593+00:00,22,78652.37,78608.01,DOWN,1
2026-09-03T13:00:00+00:00,15,K2,DOWN,2026-09-03T13:00:21.077593+00:00,22,78652.37,78548.6,DOWN,1
2026-09-03T13:00:00+00:00,15,K7,DOWN,2026-09-03T13:00:21.077593+00:00,22,78652.37,78548.6,DOWN,1
2026-09-03T13:00:00+00:00,15,K14,DOWN,2026-09-03T13:00:21.077593+00:00,22,78652.37,78548.6,DOWN,1
2026-09-03T13:00:00+00:00,15,K1,DOWN,2026-09-03T13:00:21.077593+00:00,22,78652.37,78548.6,DOWN,1
2026-09-03T13:00:00+00:00,15,K6,DOWN,2026-09-03T13:00:21.077593+00:00,22,78652.37,78548.6,DOWN,1
2026-09-03T13:00:00+00:00,15,K9,DOWN,2026-09-03T13:00:21.077593+00:00,22,78652.37,78548.6,DOWN,1
2026-09-03T13:00:00+00:00,15,K4,DOWN,2026-09-03T13:00:21.077593+00:00,22,78652.37,78548.6,DOWN,1
2026-09-03T13:00:00+00:00,15,K3,DOWN,2026-09-03T13:00:21.077593+00:00,22,78652.37,78548.6,DOWN,1
2026-09-03T13:00:00+00:00,15,K15,DOWN,2026-09-03T13:00:21.077593+00:00,22,78652.37,78548.6,DOWN,1
2026-09-03T13:00:00+00:00,15,K8,DOWN,2026-09-03T13:00:21.077593+00:00,22,78652.37,78548.6,DOWN,1
2026-09-03T13:00:00+00:00,15,K5,DOWN,2026-09-03T13:00:21.077593+00:00,22,78652.37,78548.6,DOWN,1
2026-09-03T13:00:00+00:00,15,K12,DOWN,2026-09-03T13:00:21.077593+00:00,22,78652.37,78548.6,DOWN,1
2026-09-03T13:05:00+00:00,5,K2,DOWN,2026-09-03T13:05:21.083065+00:00,22,78608.01,78532.81,DOWN,1
2026-09-03T13:05:00+00:00,5,K14,DOWN,2026-09-03T13:05:21.083065+00:00,22,78608.01,78532.81,DOWN,1
2026-09-03T13:05:00+00:00,5,K11,DOWN,2026-09-03T13:07:03.396988+00:00,124,78608.01,78532.81,DOWN,1
2026-09-03T13:05:00+00:00,5,K5,DOWN,2026-09-03T13:05:21.083065+00:00,22,78608.01,78532.81,DOWN,1
2026-09-03T13:05:00+00:00,5,K12,DOWN,2026-09-03T13:05:21.083065+00:00,22,78608.01,78532.81,DOWN,1
2026-09-03T13:10:00+00:00,5,K11,UP,2026-09-03T13:12:03.194333+00:00,124,78532.8,78548.6,UP,1
2026-09-03T13:10:00+00:00,5,K12,DOWN,2026-09-03T13:10:21.050383+00:00,22,78532.8,78548.6,UP,0
2026-09-03T13:15:00+00:00,5,K12,DOWN,2026-09-03T13:15:21.053449+00:00,22,78548.61,78489.39,DOWN,1
2026-09-03T13:15:00+00:00,15,K2,DOWN,2026-09-03T13:15:21.053449+00:00,22,78548.61,78494.83,DOWN,1
2026-09-03T13:15:00+00:00,15,K7,DOWN,2026-09-03T13:15:21.053449+00:00,22,78548.61,78494.83,DOWN,1
2026-09-03T13:15:00+00:00,15,?,UP,2026-09-03T13:26:34.207211+00:00,695,78548.61,78494.83,DOWN,0
2026-09-03T13:15:00+00:00,15,K4,DOWN,2026-09-03T13:15:21.053449+00:00,22,78548.61,78494.83,DOWN,1
2026-09-03T13:15:00+00:00,15,K5,DOWN,2026-09-03T13:15:21.053449+00:00,22,78548.61,78494.83,DOWN,1
2026-09-03T13:20:00+00:00,5,K14,UP,2026-09-03T13:20:21.076222+00:00,22,78489.38,78589.95,UP,1
2026-09-03T13:25:00+00:00,5,K14,UP,2026-09-03T13:25:21.050398+00:00,22,78589.95,78494.83,DOWN,0
2026-09-03T13:25:00+00:00,5,K1,DOWN,2026-09-03T13:25:21.050398+00:00,22,78589.95,78494.83,DOWN,1
2026-09-03T13:25:00+00:00,5,?,UP,2026-09-03T13:26:34.207211+00:00,95,78589.95,78494.83,DOWN,0
2026-09-03T13:25:00+00:00,5,K11,DOWN,2026-09-03T13:26:45.077354+00:00,106,78589.95,78494.83,DOWN,1
2026-09-03T13:25:00+00:00,5,K9,DOWN,2026-09-03T13:25:21.050398+00:00,22,78589.95,78494.83,DOWN,1
2026-09-03T13:25:00+00:00,5,K4,DOWN,2026-09-03T13:25:21.050398+00:00,22,78589.95,78494.83,DOWN,1
2026-09-03T13:25:00+00:00,5,K12,DOWN,2026-09-03T13:25:21.050398+00:00,22,78589.95,78494.83,DOWN,1
2026-09-03T13:30:00+00:00,5,K14,UP,2026-09-03T13:30:21.052741+00:00,22,78494.84,78619.92,UP,1
2026-09-03T13:30:00+00:00,5,?,UP,2026-09-03T13:31:00.141139+00:00,61,78494.84,78619.92,UP,1
2026-09-03T13:30:00+00:00,5,K11,UP,2026-09-03T13:31:47.515222+00:00,108,78494.84,78619.92,UP,1
2026-09-03T13:30:00+00:00,5,K9,UP,2026-09-03T13:30:21.052741+00:00,22,78494.84,78619.92,UP,1
2026-09-03T13:30:00+00:00,5,K4,UP,2026-09-03T13:30:21.052741+00:00,22,78494.84,78619.92,UP,1
2026-09-03T13:30:00+00:00,15,K2,DOWN,2026-09-03T13:30:21.052741+00:00,22,78494.84,78896.01,UP,0
2026-09-03T13:30:00+00:00,15,K14,UP,2026-09-03T13:30:21.052741+00:00,22,78494.84,78896.01,UP,1
2026-09-03T13:30:00+00:00,15,?,UP,2026-09-03T13:31:00.141139+00:00,61,78494.84,78896.01,UP,1
2026-09-03T13:30:00+00:00,15,K10,UP,2026-09-03T13:33:08.536143+00:00,189,78494.84,78896.01,UP,1
2026-09-03T13:30:00+00:00,15,K11,UP,2026-09-03T13:35:01.006620+00:00,302,78494.84,78896.01,UP,1
2026-09-03T13:35:00+00:00,5,?,DOWN,2026-09-03T13:38:07.330559+00:00,188,78619.93,78848.33,UP,0
2026-09-03T13:35:00+00:00,5,K11,DOWN,2026-09-03T13:36:44.449807+00:00,105,78619.93,78848.33,UP,0
2026-09-03T13:35:00+00:00,5,K9,DOWN,2026-09-03T13:35:21.433398+00:00,22,78619.93,78848.33,UP,0
2026-09-03T13:35:00+00:00,5,K4,DOWN,2026-09-03T13:35:21.433398+00:00,22,78619.93,78848.33,UP,0
2026-09-03T13:35:00+00:00,5,K5,DOWN,2026-09-03T13:35:21.433398+00:00,22,78619.93,78848.33,UP,0
2026-09-03T13:40:00+00:00,5,K2,DOWN,2026-09-03T13:40:21.050849+00:00,22,78848.33,78896.01,UP,0
2026-09-03T13:40:00+00:00,5,K1,DOWN,2026-09-03T13:40:21.050849+00:00,22,78848.33,78896.01,UP,0
2026-09-03T13:40:00+00:00,5,?,DOWN,2026-09-03T13:40:07.604936+00:00,8,78848.33,78896.01,UP,0
2026-09-03T13:40:00+00:00,5,K10,DOWN,2026-09-03T13:41:01.950213+00:00,62,78848.33,78896.01,UP,0
2026-09-03T13:40:00+00:00,5,K9,DOWN,2026-09-03T13:40:21.050849+00:00,22,78848.33,78896.01,UP,0
2026-09-03T13:40:00+00:00,5,K4,DOWN,2026-09-03T13:40:21.050849+00:00,22,78848.33,78896.01,UP,0
2026-09-03T13:40:00+00:00,5,K8,DOWN,2026-09-03T13:40:21.050849+00:00,22,78848.33,78896.01,UP,0
2026-09-03T13:40:00+00:00,5,K5,DOWN,2026-09-03T13:40:21.050849+00:00,22,78848.33,78896.01,UP,0
2026-09-03T13:40:00+00:00,5,K12,DOWN,2026-09-03T13:40:21.050849+00:00,22,78848.33,78896.01,UP,0
2026-09-03T13:45:00+00:00,5,K2,DOWN,2026-09-03T13:45:01.014634+00:00,2,78896.01,78830.31,DOWN,1
2026-09-03T13:45:00+00:00,5,K16,DOWN,2026-09-03T13:45:01.014634+00:00,2,78896.01,78830.31,DOWN,1
2026-09-03T13:45:00+00:00,5,K8,DOWN,2026-09-03T13:45:01.014634+00:00,2,78896.01,78830.31,DOWN,1
2026-09-03T13:45:00+00:00,5,K5,DOWN,2026-09-03T13:45:01.014634+00:00,2,78896.01,78830.31,DOWN,1
2026-09-03T13:45:00+00:00,5,K12,DOWN,2026-09-03T13:45:01.014634+00:00,2,78896.01,78830.31,DOWN,1
2026-09-03T13:45:00+00:00,15,K2,DOWN,2026-09-03T13:45:01.014634+00:00,2,78896.01,78840.52,DOWN,1
2026-09-03T13:45:00+00:00,15,K7,DOWN,2026-09-03T13:45:01.014634+00:00,2,78896.01,78840.52,DOWN,1
2026-09-03T13:45:00+00:00,15,K1,DOWN,2026-09-03T13:45:01.014634+00:00,2,78896.01,78840.52,DOWN,1
2026-09-03T13:45:00+00:00,15,K6,DOWN,2026-09-03T13:45:01.014634+00:00,2,78896.01,78840.52,DOWN,1
2026-09-03T13:45:00+00:00,15,K9,DOWN,2026-09-03T13:45:01.014634+00:00,2,78896.01,78840.52,DOWN,1
2026-09-03T13:45:00+00:00,15,K4,DOWN,2026-09-03T13:45:01.014634+00:00,2,78896.01,78840.52,DOWN,1
2026-09-03T13:45:00+00:00,15,K3,DOWN,2026-09-03T13:45:01.014634+00:00,2,78896.01,78840.52,DOWN,1
2026-09-03T13:45:00+00:00,15,K16,DOWN,2026-09-03T13:45:01.014634+00:00,2,78896.01,78840.52,DOWN,1
2026-09-03T13:45:00+00:00,15,K8,DOWN,2026-09-03T13:45:01.014634+00:00,2,78896.01,78840.52,DOWN,1
2026-09-03T13:45:00+00:00,15,K5,DOWN,2026-09-03T13:45:01.014634+00:00,2,78896.01,78840.52,DOWN,1
2026-09-03T13:45:00+00:00,15,K12,DOWN,2026-09-03T13:45:01.014634+00:00,2,78896.01,78840.52,DOWN,1
2026-09-03T13:50:00+00:00,5,K10,UP,2026-09-03T13:51:02.168676+00:00,63,78830.31,78781.77,DOWN,0
2026-09-03T13:50:00+00:00,5,K11,UP,2026-09-03T13:51:43.976972+00:00,104,78830.31,78781.77,DOWN,0
2026-09-03T13:50:00+00:00,5,K16,DOWN,2026-09-03T13:50:21.077987+00:00,22,78830.31,78781.77,DOWN,1
2026-09-03T13:50:00+00:00,5,K5,DOWN,2026-09-03T13:50:21.077987+00:00,22,78830.31,78781.77,DOWN,1
2026-09-03T13:50:00+00:00,5,K12,DOWN,2026-09-03T13:50:21.077987+00:00,22,78830.31,78781.77,DOWN,1
2026-09-03T13:55:00+00:00,5,K16,UP,2026-09-03T13:55:21.051109+00:00,22,78781.77,78840.52,UP,1
2026-09-03T14:00:00+00:00,5,?,DOWN,2026-09-03T14:00:21.270283+00:00,22,78840.52,78900.72,UP,0
2026-09-03T14:00:00+00:00,5,K10,DOWN,2026-09-03T14:01:04.646302+00:00,65,78840.52,78900.72,UP,0
2026-09-03T14:00:00+00:00,5,K11,DOWN,2026-09-03T14:01:48.875393+00:00,109,78840.52,78900.72,UP,0
2026-09-03T14:00:00+00:00,5,K16,UP,2026-09-03T14:00:21.052524+00:00,22,78840.52,78900.72,UP,1
2026-09-03T14:00:00+00:00,5,K5,DOWN,2026-09-03T14:00:21.052524+00:00,22,78840.52,78900.72,UP,0
2026-09-03T14:00:00+00:00,15,K2,DOWN,2026-09-03T14:00:21.052524+00:00,22,78840.52,78990.0,UP,0
2026-09-03T14:00:00+00:00,15,?,DOWN,2026-09-03T14:00:21.270283+00:00,22,78840.52,78990.0,UP,0
2026-09-03T14:00:00+00:00,15,K16,UP,2026-09-03T14:00:21.052524+00:00,22,78840.52,78990.0,UP,1
2026-09-03T14:00:00+00:00,15,K5,DOWN,2026-09-03T14:00:21.052524+00:00,22,78840.52,78990.0,UP,0
2026-09-03T14:00:00+00:00,15,K12,DOWN,2026-09-03T14:00:21.052524+00:00,22,78840.52,78990.0,UP,0
2026-09-03T14:05:00+00:00,5,K16,DOWN,2026-09-03T14:05:21.079504+00:00,22,78901.93,78879.75,DOWN,1
2026-09-03T14:05:00+00:00,5,K8,DOWN,2026-09-03T14:05:21.079504+00:00,22,78901.93,78879.75,DOWN,1
2026-09-03T14:05:00+00:00,5,K5,DOWN,2026-09-03T14:05:21.079504+00:00,22,78901.93,78879.75,DOWN,1
2026-09-03T14:05:00+00:00,5,K12,DOWN,2026-09-03T14:05:21.079504+00:00,22,78901.93,78879.75,DOWN,1
2026-09-03T14:10:00+00:00,5,?,DOWN,2026-09-03T14:14:51.516886+00:00,292,78879.75,78990.0,UP,0
2026-09-03T14:10:00+00:00,5,K11,UP,2026-09-03T14:12:03.646205+00:00,124,78879.75,78990.0,UP,1
2026-09-03T14:10:00+00:00,5,K5,DOWN,2026-09-03T14:10:21.051915+00:00,22,78879.75,78990.0,UP,0
2026-09-03T14:15:00+00:00,5,K2,DOWN,2026-09-03T14:15:21.051698+00:00,22,78990.0,79016.58,UP,0
2026-09-03T14:15:00+00:00,5,K1,DOWN,2026-09-03T14:15:21.051698+00:00,22,78990.0,79016.58,UP,0
2026-09-03T14:15:00+00:00,5,?,DOWN,2026-09-03T14:15:51.587582+00:00,52,78990.0,79016.58,UP,0
2026-09-03T14:15:00+00:00,5,K11,UP,2026-09-03T14:17:04.845433+00:00,125,78990.0,79016.58,UP,1
2026-09-03T14:15:00+00:00,5,K9,DOWN,2026-09-03T14:15:21.051698+00:00,22,78990.0,79016.58,UP,0
2026-09-03T14:15:00+00:00,5,K4,DOWN,2026-09-03T14:15:21.051698+00:00,22,78990.0,79016.58,UP,0
2026-09-03T14:15:00+00:00,5,K8,DOWN,2026-09-03T14:15:21.051698+00:00,22,78990.0,79016.58,UP,0
2026-09-03T14:15:00+00:00,5,K5,DOWN,2026-09-03T14:15:21.051698+00:00,22,78990.0,79016.58,UP,0
2026-09-03T14:15:00+00:00,5,K12,DOWN,2026-09-03T14:15:21.051698+00:00,22,78990.0,79016.58,UP,0
2026-09-03T14:15:00+00:00,15,K2,DOWN,2026-09-03T14:15:21.051698+00:00,22,78990.0,79664.01,UP,0
2026-09-03T14:15:00+00:00,15,K1,DOWN,2026-09-03T14:15:21.051698+00:00,22,78990.0,79664.01,UP,0
2026-09-03T14:15:00+00:00,15,?,DOWN,2026-09-03T14:15:51.587582+00:00,52,78990.0,79664.01,UP,0
2026-09-03T14:15:00+00:00,15,K10,UP,2026-09-03T14:18:05.390752+00:00,186,78990.0,79664.01,UP,1
2026-09-03T14:15:00+00:00,15,K9,DOWN,2026-09-03T14:15:21.051698+00:00,22,78990.0,79664.01,UP,0
2026-09-03T14:15:00+00:00,15,K4,DOWN,2026-09-03T14:15:21.051698+00:00,22,78990.0,79664.01,UP,0
2026-09-03T14:15:00+00:00,15,K8,DOWN,2026-09-03T14:15:21.051698+00:00,22,78990.0,79664.01,UP,0
2026-09-03T14:15:00+00:00,15,K5,DOWN,2026-09-03T14:15:21.051698+00:00,22,78990.0,79664.01,UP,0
2026-09-03T14:15:00+00:00,15,K12,DOWN,2026-09-03T14:15:21.051698+00:00,22,78990.0,79664.01,UP,0
2026-09-03T14:20:00+00:00,5,K2,DOWN,2026-09-03T14:20:21.082034+00:00,22,79016.59,79376.0,UP,0
2026-09-03T14:20:00+00:00,5,K14,DOWN,2026-09-03T14:20:21.082034+00:00,22,79016.59,79376.0,UP,0
2026-09-03T14:20:00+00:00,5,?,DOWN,2026-09-03T14:23:28.289678+00:00,209,79016.59,79376.0,UP,0
2026-09-03T14:20:00+00:00,5,K10,UP,2026-09-03T14:21:02.072065+00:00,63,79016.59,79376.0,UP,1
2026-09-03T14:20:00+00:00,5,K11,UP,2026-09-03T14:21:44.313403+00:00,105,79016.59,79376.0,UP,1
2026-09-03T14:20:00+00:00,5,K16,DOWN,2026-09-03T14:21:23.095690+00:00,84,79016.59,79376.0,UP,0
2026-09-03T14:20:00+00:00,5,K5,DOWN,2026-09-03T14:20:21.082034+00:00,22,79016.59,79376.0,UP,0
2026-09-03T14:20:00+00:00,5,K12,DOWN,2026-09-03T14:20:21.082034+00:00,22,79016.59,79376.0,UP,0
2026-09-03T14:25:00+00:00,5,K2,DOWN,2026-09-03T14:25:21.051555+00:00,22,79376.0,79664.01,UP,0
2026-09-03T14:25:00+00:00,5,K7,DOWN,2026-09-03T14:25:21.051555+00:00,22,79376.0,79664.01,UP,0
2026-09-03T14:25:00+00:00,5,K14,DOWN,2026-09-03T14:25:21.051555+00:00,22,79376.0,79664.01,UP,0
2026-09-03T14:25:00+00:00,5,K1,DOWN,2026-09-03T14:25:21.051555+00:00,22,79376.0,79664.01,UP,0
2026-09-03T14:25:00+00:00,5,K6,DOWN,2026-09-03T14:25:21.051555+00:00,22,79376.0,79664.01,UP,0
2026-09-03T14:25:00+00:00,5,?,DOWN,2026-09-03T14:25:48.240987+00:00,49,79376.0,79664.01,UP,0
2026-09-03T14:25:00+00:00,5,K10,UP,2026-09-03T14:26:02.013384+00:00,63,79376.0,79664.01,UP,1
2026-09-03T14:25:00+00:00,5,K11,UP,2026-09-03T14:26:43.783399+00:00,104,79376.0,79664.01,UP,1
2026-09-03T14:25:00+00:00,5,K9,DOWN,2026-09-03T14:25:21.051555+00:00,22,79376.0,79664.01,UP,0
2026-09-03T14:25:00+00:00,5,K4,DOWN,2026-09-03T14:25:21.051555+00:00,22,79376.0,79664.01,UP,0
2026-09-03T14:25:00+00:00,5,K3,DOWN,2026-09-03T14:25:21.051555+00:00,22,79376.0,79664.01,UP,0
2026-09-03T14:25:00+00:00,5,K16,DOWN,2026-09-03T14:25:21.051555+00:00,22,79376.0,79664.01,UP,0
2026-09-03T14:25:00+00:00,5,K8,DOWN,2026-09-03T14:25:21.051555+00:00,22,79376.0,79664.01,UP,0
2026-09-03T14:25:00+00:00,5,K5,DOWN,2026-09-03T14:25:21.051555+00:00,22,79376.0,79664.01,UP,0
2026-09-03T14:25:00+00:00,5,K12,DOWN,2026-09-03T14:25:21.051555+00:00,22,79376.0,79664.01,UP,0
2026-09-03T14:30:00+00:00,5,K2,DOWN,2026-09-03T14:30:01.013413+00:00,2,79664.0,79760.05,UP,0
2026-09-03T14:30:00+00:00,5,K7,DOWN,2026-09-03T14:30:01.013413+00:00,2,79664.0,79760.05,UP,0
2026-09-03T14:30:00+00:00,5,K14,DOWN,2026-09-03T14:30:01.013413+00:00,2,79664.0,79760.05,UP,0
2026-09-03T14:30:00+00:00,5,K1,DOWN,2026-09-03T14:30:01.013413+00:00,2,79664.0,79760.05,UP,0
2026-09-03T14:30:00+00:00,5,K6,DOWN,2026-09-03T14:30:01.013413+00:00,2,79664.0,79760.05,UP,0
2026-09-03T14:30:00+00:00,5,?,DOWN,2026-09-03T14:30:50.679915+00:00,51,79664.0,79760.05,UP,0
2026-09-03T14:30:00+00:00,5,K10,UP,2026-09-03T14:31:04.165131+00:00,65,79664.0,79760.05,UP,1
2026-09-03T14:30:00+00:00,5,K11,UP,2026-09-03T14:31:47.553680+00:00,108,79664.0,79760.05,UP,1
2026-09-03T14:30:00+00:00,5,K9,DOWN,2026-09-03T14:30:01.013413+00:00,2,79664.0,79760.05,UP,0
2026-09-03T14:30:00+00:00,5,K4,DOWN,2026-09-03T14:30:01.013413+00:00,2,79664.0,79760.05,UP,0
2026-09-03T14:30:00+00:00,5,K3,DOWN,2026-09-03T14:30:01.013413+00:00,2,79664.0,79760.05,UP,0
2026-09-03T14:30:00+00:00,5,K16,DOWN,2026-09-03T14:30:01.013413+00:00,2,79664.0,79760.05,UP,0
2026-09-03T14:30:00+00:00,5,K8,DOWN,2026-09-03T14:30:01.013413+00:00,2,79664.0,79760.05,UP,0
2026-09-03T14:30:00+00:00,5,K5,DOWN,2026-09-03T14:30:01.013413+00:00,2,79664.0,79760.05,UP,0
2026-09-03T14:30:00+00:00,5,K12,DOWN,2026-09-03T14:30:01.013413+00:00,2,79664.0,79760.05,UP,0
2026-09-03T14:30:00+00:00,15,K2,DOWN,2026-09-03T14:30:01.013413+00:00,2,79664.0,79764.72,UP,0
2026-09-03T14:30:00+00:00,15,K7,DOWN,2026-09-03T14:30:01.013413+00:00,2,79664.0,79764.72,UP,0
2026-09-03T14:30:00+00:00,15,K14,DOWN,2026-09-03T14:30:01.013413+00:00,2,79664.0,79764.72,UP,0
2026-09-03T14:30:00+00:00,15,K1,DOWN,2026-09-03T14:30:01.013413+00:00,2,79664.0,79764.72,UP,0
2026-09-03T14:30:00+00:00,15,K6,DOWN,2026-09-03T14:30:01.013413+00:00,2,79664.0,79764.72,UP,0
2026-09-03T14:30:00+00:00,15,?,DOWN,2026-09-03T14:30:50.679915+00:00,51,79664.0,79764.72,UP,0
2026-09-03T14:30:00+00:00,15,K10,UP,2026-09-03T14:33:08.622720+00:00,189,79664.0,79764.72,UP,1
2026-09-03T14:30:00+00:00,15,K11,UP,2026-09-03T14:35:01.010083+00:00,302,79664.0,79764.72,UP,1
2026-09-03T14:30:00+00:00,15,K9,DOWN,2026-09-03T14:30:01.013413+00:00,2,79664.0,79764.72,UP,0
2026-09-03T14:30:00+00:00,15,K4,DOWN,2026-09-03T14:30:01.013413+00:00,2,79664.0,79764.72,UP,0
2026-09-03T14:30:00+00:00,15,K3,DOWN,2026-09-03T14:30:01.013413+00:00,2,79664.0,79764.72,UP,0
2026-09-03T14:30:00+00:00,15,K16,DOWN,2026-09-03T14:30:01.013413+00:00,2,79664.0,79764.72,UP,0
2026-09-03T14:30:00+00:00,15,K8,DOWN,2026-09-03T14:30:01.013413+00:00,2,79664.0,79764.72,UP,0
2026-09-03T14:30:00+00:00,15,K5,DOWN,2026-09-03T14:30:01.013413+00:00,2,79664.0,79764.72,UP,0
2026-09-03T14:30:00+00:00,15,K12,DOWN,2026-09-03T14:30:01.013413+00:00,2,79664.0,79764.72,UP,0
2026-09-03T14:35:00+00:00,5,K2,DOWN,2026-09-03T14:35:21.428279+00:00,22,79760.06,79665.27,DOWN,1
2026-09-03T14:35:00+00:00,5,K7,DOWN,2026-09-03T14:35:21.428279+00:00,22,79760.06,79665.27,DOWN,1
2026-09-03T14:35:00+00:00,5,K14,DOWN,2026-09-03T14:35:21.428279+00:00,22,79760.06,79665.27,DOWN,1
2026-09-03T14:35:00+00:00,5,K1,DOWN,2026-09-03T14:35:21.428279+00:00,22,79760.06,79665.27,DOWN,1
2026-09-03T14:35:00+00:00,5,K6,DOWN,2026-09-03T14:35:21.428279+00:00,22,79760.06,79665.27,DOWN,1
2026-09-03T14:35:00+00:00,5,K9,DOWN,2026-09-03T14:35:21.428279+00:00,22,79760.06,79665.27,DOWN,1
2026-09-03T14:35:00+00:00,5,K4,DOWN,2026-09-03T14:35:21.428279+00:00,22,79760.06,79665.27,DOWN,1
2026-09-03T14:35:00+00:00,5,K3,DOWN,2026-09-03T14:35:21.428279+00:00,22,79760.06,79665.27,DOWN,1
2026-09-03T14:35:00+00:00,5,K16,DOWN,2026-09-03T14:36:23.653547+00:00,84,79760.06,79665.27,DOWN,1
2026-09-03T14:35:00+00:00,5,K8,DOWN,2026-09-03T14:35:21.428279+00:00,22,79760.06,79665.27,DOWN,1
2026-09-03T14:35:00+00:00,5,K5,DOWN,2026-09-03T14:35:21.428279+00:00,22,79760.06,79665.27,DOWN,1
2026-09-03T14:35:00+00:00,5,K12,DOWN,2026-09-03T14:35:21.428279+00:00,22,79760.06,79665.27,DOWN,1
2026-09-03T14:40:00+00:00,5,K2,DOWN,2026-09-03T14:40:21.066212+00:00,22,79665.27,79764.72,UP,0
2026-09-03T14:40:00+00:00,5,K10,DOWN,2026-09-03T14:41:02.746783+00:00,63,79665.27,79764.72,UP,0
2026-09-03T14:40:00+00:00,5,K9,UP,2026-09-03T14:40:21.066212+00:00,22,79665.27,79764.72,UP,1
2026-09-03T14:40:00+00:00,5,K4,UP,2026-09-03T14:40:21.066212+00:00,22,79665.27,79764.72,UP,1
2026-09-03T14:40:00+00:00,5,K5,DOWN,2026-09-03T14:40:21.066212+00:00,22,79665.27,79764.72,UP,0
2026-09-03T14:40:00+00:00,5,K12,DOWN,2026-09-03T14:40:21.066212+00:00,22,79665.27,79764.72,UP,0
2026-09-03T14:45:00+00:00,5,K2,DOWN,2026-09-03T14:45:21.058287+00:00,22,79764.71,80360.0,UP,0
2026-09-03T14:45:00+00:00,5,K1,DOWN,2026-09-03T14:45:21.058287+00:00,22,79764.71,80360.0,UP,0
2026-09-03T14:45:00+00:00,5,?,DOWN,2026-09-03T14:48:10.524102+00:00,191,79764.71,80360.0,UP,0
2026-09-03T14:45:00+00:00,5,K10,UP,2026-09-03T14:46:02.859023+00:00,63,79764.71,80360.0,UP,1
2026-09-03T14:45:00+00:00,5,K11,UP,2026-09-03T14:46:45.620997+00:00,106,79764.71,80360.0,UP,1
2026-09-03T14:45:00+00:00,5,K9,DOWN,2026-09-03T14:45:21.058287+00:00,22,79764.71,80360.0,UP,0
2026-09-03T14:45:00+00:00,5,K4,DOWN,2026-09-03T14:45:21.058287+00:00,22,79764.71,80360.0,UP,0
2026-09-03T14:45:00+00:00,5,K16,DOWN,2026-09-03T14:45:21.058287+00:00,22,79764.71,80360.0,UP,0
2026-09-03T14:45:00+00:00,5,K8,DOWN,2026-09-03T14:45:21.058287+00:00,22,79764.71,80360.0,UP,0
2026-09-03T14:45:00+00:00,5,K5,DOWN,2026-09-03T14:45:21.058287+00:00,22,79764.71,80360.0,UP,0
2026-09-03T14:45:00+00:00,5,K12,DOWN,2026-09-03T14:45:21.058287+00:00,22,79764.71,80360.0,UP,0
2026-09-03T14:45:00+00:00,15,K2,DOWN,2026-09-03T14:45:21.058287+00:00,22,79764.71,80549.97,UP,0
2026-09-03T14:45:00+00:00,15,K7,DOWN,2026-09-03T14:45:21.058287+00:00,22,79764.71,80549.97,UP,0
2026-09-03T14:45:00+00:00,15,K1,DOWN,2026-09-03T14:45:21.058287+00:00,22,79764.71,80549.97,UP,0
2026-09-03T14:45:00+00:00,15,?,DOWN,2026-09-03T14:48:10.524102+00:00,191,79764.71,80549.97,UP,0
2026-09-03T14:45:00+00:00,15,K10,UP,2026-09-03T14:48:06.653200+00:00,187,79764.71,80549.97,UP,1
2026-09-03T14:45:00+00:00,15,K11,UP,2026-09-03T14:50:01.010967+00:00,302,79764.71,80549.97,UP,1
2026-09-03T14:45:00+00:00,15,K4,DOWN,2026-09-03T14:45:21.058287+00:00,22,79764.71,80549.97,UP,0
2026-09-03T14:45:00+00:00,15,K16,DOWN,2026-09-03T14:45:21.058287+00:00,22,79764.71,80549.97,UP,0
2026-09-03T14:45:00+00:00,15,K8,DOWN,2026-09-03T14:45:21.058287+00:00,22,79764.71,80549.97,UP,0
2026-09-03T14:45:00+00:00,15,K5,DOWN,2026-09-03T14:45:21.058287+00:00,22,79764.71,80549.97,UP,0
2026-09-03T14:45:00+00:00,15,K12,DOWN,2026-09-03T14:45:21.058287+00:00,22,79764.71,80549.97,UP,0
2026-09-03T14:50:00+00:00,5,K2,DOWN,2026-09-03T14:50:21.530953+00:00,22,80360.0,80255.39,DOWN,1
2026-09-03T14:50:00+00:00,5,K7,DOWN,2026-09-03T14:50:21.530953+00:00,22,80360.0,80255.39,DOWN,1
2026-09-03T14:50:00+00:00,5,K14,DOWN,2026-09-03T14:50:21.530953+00:00,22,80360.0,80255.39,DOWN,1
2026-09-03T14:50:00+00:00,5,K1,DOWN,2026-09-03T14:50:21.530953+00:00,22,80360.0,80255.39,DOWN,1
2026-09-03T14:50:00+00:00,5,K6,DOWN,2026-09-03T14:50:21.530953+00:00,22,80360.0,80255.39,DOWN,1
2026-09-03T14:50:00+00:00,5,K11,DOWN,2026-09-03T14:51:44.381662+00:00,105,80360.0,80255.39,DOWN,1
2026-09-03T14:50:00+00:00,5,K9,DOWN,2026-09-03T14:50:21.530953+00:00,22,80360.0,80255.39,DOWN,1
2026-09-03T14:50:00+00:00,5,K4,DOWN,2026-09-03T14:50:21.530953+00:00,22,80360.0,80255.39,DOWN,1
2026-09-03T14:50:00+00:00,5,K3,DOWN,2026-09-03T14:50:21.530953+00:00,22,80360.0,80255.39,DOWN,1
2026-09-03T14:50:00+00:00,5,K8,DOWN,2026-09-03T14:50:21.530953+00:00,22,80360.0,80255.39,DOWN,1
2026-09-03T14:50:00+00:00,5,K5,DOWN,2026-09-03T14:50:21.530953+00:00,22,80360.0,80255.39,DOWN,1
2026-09-03T14:50:00+00:00,5,K12,DOWN,2026-09-03T14:50:21.530953+00:00,22,80360.0,80255.39,DOWN,1
2026-09-03T14:55:00+00:00,5,K2,DOWN,2026-09-03T14:55:21.056711+00:00,22,80255.39,80549.97,UP,0
2026-09-03T14:55:00+00:00,5,K14,DOWN,2026-09-03T14:55:21.056711+00:00,22,80255.39,80549.97,UP,0
2026-09-03T14:55:00+00:00,5,K9,UP,2026-09-03T14:55:21.056711+00:00,22,80255.39,80549.97,UP,1
2026-09-03T14:55:00+00:00,5,K4,UP,2026-09-03T14:55:21.056711+00:00,22,80255.39,80549.97,UP,1
2026-09-03T14:55:00+00:00,5,K15,DOWN,2026-09-03T14:55:21.056711+00:00,22,80255.39,80549.97,UP,0
2026-09-03T14:55:00+00:00,5,K5,DOWN,2026-09-03T14:55:21.056711+00:00,22,80255.39,80549.97,UP,0
2026-09-03T14:55:00+00:00,5,K12,DOWN,2026-09-03T14:55:21.056711+00:00,22,80255.39,80549.97,UP,0
2026-09-03T15:00:00+00:00,5,K2,DOWN,2026-09-03T15:00:21.073367+00:00,22,80549.97,80812.96,UP,0
2026-09-03T15:00:00+00:00,5,K7,DOWN,2026-09-03T15:00:21.073367+00:00,22,80549.97,80812.96,UP,0
2026-09-03T15:00:00+00:00,5,K14,DOWN,2026-09-03T15:00:21.073367+00:00,22,80549.97,80812.96,UP,0
2026-09-03T15:00:00+00:00,5,K1,DOWN,2026-09-03T15:00:21.073367+00:00,22,80549.97,80812.96,UP,0
2026-09-03T15:00:00+00:00,5,K6,DOWN,2026-09-03T15:00:21.073367+00:00,22,80549.97,80812.96,UP,0
2026-09-03T15:00:00+00:00,5,?,DOWN,2026-09-03T15:00:17.041105+00:00,18,80549.97,80812.96,UP,0
2026-09-03T15:00:00+00:00,5,K11,UP,2026-09-03T15:01:45.441565+00:00,106,80549.97,80812.96,UP,1
2026-09-03T15:00:00+00:00,5,K9,DOWN,2026-09-03T15:00:21.073367+00:00,22,80549.97,80812.96,UP,0
2026-09-03T15:00:00+00:00,5,K4,DOWN,2026-09-03T15:00:21.073367+00:00,22,80549.97,80812.96,UP,0
2026-09-03T15:00:00+00:00,5,K3,DOWN,2026-09-03T15:00:21.073367+00:00,22,80549.97,80812.96,UP,0
2026-09-03T15:00:00+00:00,5,K16,DOWN,2026-09-03T15:00:21.073367+00:00,22,80549.97,80812.96,UP,0
2026-09-03T15:00:00+00:00,5,K8,DOWN,2026-09-03T15:00:21.073367+00:00,22,80549.97,80812.96,UP,0
2026-09-03T15:00:00+00:00,5,K5,DOWN,2026-09-03T15:00:21.073367+00:00,22,80549.97,80812.96,UP,0
2026-09-03T15:00:00+00:00,5,K12,DOWN,2026-09-03T15:00:21.073367+00:00,22,80549.97,80812.96,UP,0
2026-09-03T15:00:00+00:00,15,K2,DOWN,2026-09-03T15:00:21.073367+00:00,22,80549.97,80557.84,UP,0
2026-09-03T15:00:00+00:00,15,K7,DOWN,2026-09-03T15:00:21.073367+00:00,22,80549.97,80557.84,UP,0
2026-09-03T15:00:00+00:00,15,K14,DOWN,2026-09-03T15:00:21.073367+00:00,22,80549.97,80557.84,UP,0
2026-09-03T15:00:00+00:00,15,K1,DOWN,2026-09-03T15:00:21.073367+00:00,22,80549.97,80557.84,UP,0
2026-09-03T15:00:00+00:00,15,K6,DOWN,2026-09-03T15:00:21.073367+00:00,22,80549.97,80557.84,UP,0
2026-09-03T15:00:00+00:00,15,?,DOWN,2026-09-03T15:00:17.041105+00:00,18,80549.97,80557.84,UP,0
2026-09-03T15:00:00+00:00,15,K10,UP,2026-09-03T15:03:06.808707+00:00,187,80549.97,80557.84,UP,1
2026-09-03T15:00:00+00:00,15,K11,UP,2026-09-03T15:05:01.015009+00:00,302,80549.97,80557.84,UP,1
2026-09-03T15:00:00+00:00,15,K9,DOWN,2026-09-03T15:00:21.073367+00:00,22,80549.97,80557.84,UP,0
2026-09-03T15:00:00+00:00,15,K4,DOWN,2026-09-03T15:00:21.073367+00:00,22,80549.97,80557.84,UP,0
2026-09-03T15:00:00+00:00,15,K3,DOWN,2026-09-03T15:00:21.073367+00:00,22,80549.97,80557.84,UP,0
2026-09-03T15:00:00+00:00,15,K16,DOWN,2026-09-03T15:00:21.073367+00:00,22,80549.97,80557.84,UP,0
2026-09-03T15:00:00+00:00,15,K8,DOWN,2026-09-03T15:00:21.073367+00:00,22,80549.97,80557.84,UP,0
2026-09-03T15:00:00+00:00,15,K5,DOWN,2026-09-03T15:00:21.073367+00:00,22,80549.97,80557.84,UP,0
2026-09-03T15:00:00+00:00,15,K12,DOWN,2026-09-03T15:00:21.073367+00:00,22,80549.97,80557.84,UP,0
2026-09-03T15:05:00+00:00,5,K2,DOWN,2026-09-03T15:05:21.700612+00:00,22,80812.96,80586.96,DOWN,1
2026-09-03T15:05:00+00:00,5,K7,DOWN,2026-09-03T15:05:21.700612+00:00,22,80812.96,80586.96,DOWN,1
2026-09-03T15:05:00+00:00,5,K1,DOWN,2026-09-03T15:05:21.700612+00:00,22,80812.96,80586.96,DOWN,1
2026-09-03T15:05:00+00:00,5,K6,DOWN,2026-09-03T15:05:21.700612+00:00,22,80812.96,80586.96,DOWN,1
2026-09-03T15:05:00+00:00,5,?,DOWN,2026-09-03T15:07:09.563197+00:00,130,80812.96,80586.96,DOWN,1
2026-09-03T15:05:00+00:00,5,K10,UP,2026-09-03T15:06:03.147528+00:00,64,80812.96,80586.96,DOWN,0
2026-09-03T15:05:00+00:00,5,K11,DOWN,2026-09-03T15:07:05.400682+00:00,126,80812.96,80586.96,DOWN,1
2026-09-03T15:05:00+00:00,5,K9,DOWN,2026-09-03T15:05:21.700612+00:00,22,80812.96,80586.96,DOWN,1
2026-09-03T15:05:00+00:00,5,K4,DOWN,2026-09-03T15:05:21.700612+00:00,22,80812.96,80586.96,DOWN,1
2026-09-03T15:05:00+00:00,5,K3,DOWN,2026-09-03T15:05:21.700612+00:00,22,80812.96,80586.96,DOWN,1
2026-09-03T15:05:00+00:00,5,K16,DOWN,2026-09-03T15:05:21.700612+00:00,22,80812.96,80586.96,DOWN,1
2026-09-03T15:05:00+00:00,5,K8,DOWN,2026-09-03T15:05:21.700612+00:00,22,80812.96,80586.96,DOWN,1
2026-09-03T15:05:00+00:00,5,K5,DOWN,2026-09-03T15:05:21.700612+00:00,22,80812.96,80586.96,DOWN,1
2026-09-03T15:05:00+00:00,5,K12,DOWN,2026-09-03T15:05:21.700612+00:00,22,80812.96,80586.96,DOWN,1
2026-09-03T15:10:00+00:00,5,K2,DOWN,2026-09-03T15:10:21.053475+00:00,22,80586.96,80557.84,DOWN,1
2026-09-03T15:10:00+00:00,5,K14,DOWN,2026-09-03T15:10:21.053475+00:00,22,80586.96,80557.84,DOWN,1
2026-09-03T15:10:00+00:00,5,K10,DOWN,2026-09-03T15:11:02.906925+00:00,63,80586.96,80557.84,DOWN,1
2026-09-03T15:10:00+00:00,5,K11,DOWN,2026-09-03T15:11:45.525255+00:00,106,80586.96,80557.84,DOWN,1
2026-09-03T15:10:00+00:00,5,K9,UP,2026-09-03T15:10:21.053475+00:00,22,80586.96,80557.84,DOWN,0
2026-09-03T15:10:00+00:00,5,K4,UP,2026-09-03T15:10:21.053475+00:00,22,80586.96,80557.84,DOWN,0
2026-09-03T15:10:00+00:00,5,K15,DOWN,2026-09-03T15:10:21.053475+00:00,22,80586.96,80557.84,DOWN,1
2026-09-03T15:10:00+00:00,5,K5,DOWN,2026-09-03T15:10:21.053475+00:00,22,80586.96,80557.84,DOWN,1
2026-09-03T15:10:00+00:00,5,K12,DOWN,2026-09-03T15:10:21.053475+00:00,22,80586.96,80557.84,DOWN,1
2026-09-03T15:15:00+00:00,5,K10,DOWN,2026-09-03T15:16:04.632505+00:00,65,80557.83,80605.86,UP,0
2026-09-03T15:15:00+00:00,5,K11,DOWN,2026-09-03T15:16:47.122305+00:00,108,80557.83,80605.86,UP,0
2026-09-03T15:15:00+00:00,5,K15,DOWN,2026-09-03T15:15:01.019711+00:00,2,80557.83,80605.86,UP,0
2026-09-03T15:15:00+00:00,5,K5,DOWN,2026-09-03T15:15:01.019711+00:00,2,80557.83,80605.86,UP,0
2026-09-03T15:15:00+00:00,5,K12,DOWN,2026-09-03T15:15:01.019711+00:00,2,80557.83,80605.86,UP,0
2026-09-03T15:15:00+00:00,15,K2,DOWN,2026-09-03T15:15:01.019711+00:00,2,80557.83,80743.75,UP,0
2026-09-03T15:15:00+00:00,15,K7,DOWN,2026-09-03T15:15:01.019711+00:00,2,80557.83,80743.75,UP,0
2026-09-03T15:15:00+00:00,15,K1,DOWN,2026-09-03T15:15:01.019711+00:00,2,80557.83,80743.75,UP,0
2026-09-03T15:15:00+00:00,15,?,DOWN,2026-09-03T15:23:07.066506+00:00,488,80557.83,80743.75,UP,0
2026-09-03T15:15:00+00:00,15,K4,DOWN,2026-09-03T15:15:01.019711+00:00,2,80557.83,80743.75,UP,0
2026-09-03T15:15:00+00:00,15,K15,DOWN,2026-09-03T15:15:01.019711+00:00,2,80557.83,80743.75,UP,0
2026-09-03T15:15:00+00:00,15,K5,DOWN,2026-09-03T15:15:01.019711+00:00,2,80557.83,80743.75,UP,0
2026-09-03T15:15:00+00:00,15,K12,DOWN,2026-09-03T15:15:01.019711+00:00,2,80557.83,80743.75,UP,0
2026-09-03T15:20:00+00:00,5,?,DOWN,2026-09-03T15:23:07.066506+00:00,188,80605.87,80748.0,UP,0
2026-09-03T15:20:00+00:00,5,K16,UP,2026-09-03T15:20:21.108218+00:00,22,80605.87,80748.0,UP,1
2026-09-03T15:20:00+00:00,5,K5,DOWN,2026-09-03T15:20:21.108218+00:00,22,80605.87,80748.0,UP,0
2026-09-03T15:20:00+00:00,5,K12,DOWN,2026-09-03T15:20:21.108218+00:00,22,80605.87,80748.0,UP,0
2026-09-03T15:25:00+00:00,5,K1,DOWN,2026-09-03T15:25:21.056939+00:00,22,80748.01,80743.75,DOWN,1
2026-09-03T15:25:00+00:00,5,K10,DOWN,2026-09-03T15:26:07.262098+00:00,68,80748.01,80743.75,DOWN,1
2026-09-03T15:25:00+00:00,5,K11,DOWN,2026-09-03T15:26:49.203368+00:00,110,80748.01,80743.75,DOWN,1
2026-09-03T15:25:00+00:00,5,K9,DOWN,2026-09-03T15:25:21.056939+00:00,22,80748.01,80743.75,DOWN,1
2026-09-03T15:25:00+00:00,5,K4,DOWN,2026-09-03T15:25:21.056939+00:00,22,80748.01,80743.75,DOWN,1
2026-09-03T15:25:00+00:00,5,K16,DOWN,2026-09-03T15:25:21.056939+00:00,22,80748.01,80743.75,DOWN,1
2026-09-03T15:25:00+00:00,5,K8,DOWN,2026-09-03T15:25:21.056939+00:00,22,80748.01,80743.75,DOWN,1
2026-09-03T15:25:00+00:00,5,K5,DOWN,2026-09-03T15:25:21.056939+00:00,22,80748.01,80743.75,DOWN,1
2026-09-03T15:25:00+00:00,5,K12,DOWN,2026-09-03T15:25:21.056939+00:00,22,80748.01,80743.75,DOWN,1
2026-09-03T15:30:00+00:00,5,K14,DOWN,2026-09-03T15:30:21.054336+00:00,22,80743.76,80866.11,UP,0
2026-09-03T15:30:00+00:00,5,K16,DOWN,2026-09-03T15:30:21.054336+00:00,22,80743.76,80866.11,UP,0
2026-09-03T15:30:00+00:00,5,K8,DOWN,2026-09-03T15:30:21.054336+00:00,22,80743.76,80866.11,UP,0
2026-09-03T15:30:00+00:00,5,K5,DOWN,2026-09-03T15:30:21.054336+00:00,22,80743.76,80866.11,UP,0
2026-09-03T15:30:00+00:00,5,K12,DOWN,2026-09-03T15:30:21.054336+00:00,22,80743.76,80866.11,UP,0
2026-09-03T15:30:00+00:00,15,K2,DOWN,2026-09-03T15:30:21.054336+00:00,22,80743.76,80861.2,UP,0
2026-09-03T15:30:00+00:00,15,K14,DOWN,2026-09-03T15:30:21.054336+00:00,22,80743.76,80861.2,UP,0
2026-09-03T15:30:00+00:00,15,K1,DOWN,2026-09-03T15:30:21.054336+00:00,22,80743.76,80861.2,UP,0
2026-09-03T15:30:00+00:00,15,?,UP,2026-09-03T15:42:28.267508+00:00,749,80743.76,80861.2,UP,1
2026-09-03T15:30:00+00:00,15,K11,UP,2026-09-03T15:35:01.006740+00:00,302,80743.76,80861.2,UP,1
2026-09-03T15:30:00+00:00,15,K9,DOWN,2026-09-03T15:30:21.054336+00:00,22,80743.76,80861.2,UP,0
2026-09-03T15:30:00+00:00,15,K4,DOWN,2026-09-03T15:30:21.054336+00:00,22,80743.76,80861.2,UP,0
2026-09-03T15:30:00+00:00,15,K16,DOWN,2026-09-03T15:30:21.054336+00:00,22,80743.76,80861.2,UP,0
2026-09-03T15:30:00+00:00,15,K8,DOWN,2026-09-03T15:30:21.054336+00:00,22,80743.76,80861.2,UP,0
2026-09-03T15:30:00+00:00,15,K5,DOWN,2026-09-03T15:30:21.054336+00:00,22,80743.76,80861.2,UP,0
2026-09-03T15:30:00+00:00,15,K12,DOWN,2026-09-03T15:30:21.054336+00:00,22,80743.76,80861.2,UP,0
2026-09-03T15:35:00+00:00,5,K14,DOWN,2026-09-03T15:35:21.428194+00:00,22,80866.1,80967.99,UP,0
2026-09-03T15:35:00+00:00,5,K1,DOWN,2026-09-03T15:35:21.428194+00:00,22,80866.1,80967.99,UP,0
2026-09-03T15:35:00+00:00,5,K9,DOWN,2026-09-03T15:35:21.428194+00:00,22,80866.1,80967.99,UP,0
2026-09-03T15:35:00+00:00,5,K4,DOWN,2026-09-03T15:35:21.428194+00:00,22,80866.1,80967.99,UP,0
2026-09-03T15:35:00+00:00,5,K16,DOWN,2026-09-03T15:35:21.428194+00:00,22,80866.1,80967.99,UP,0
2026-09-03T15:35:00+00:00,5,K8,DOWN,2026-09-03T15:35:21.428194+00:00,22,80866.1,80967.99,UP,0
2026-09-03T15:35:00+00:00,5,K5,DOWN,2026-09-03T15:35:21.428194+00:00,22,80866.1,80967.99,UP,0
2026-09-03T15:35:00+00:00,5,K12,DOWN,2026-09-03T15:35:21.428194+00:00,22,80866.1,80967.99,UP,0
2026-09-03T15:40:00+00:00,5,K1,DOWN,2026-09-03T15:40:21.074515+00:00,22,80968.0,80861.2,DOWN,1
2026-09-03T15:40:00+00:00,5,?,UP,2026-09-03T15:42:28.267508+00:00,149,80968.0,80861.2,DOWN,0
2026-09-03T15:40:00+00:00,5,K9,DOWN,2026-09-03T15:40:21.074515+00:00,22,80968.0,80861.2,DOWN,1
2026-09-03T15:40:00+00:00,5,K4,DOWN,2026-09-03T15:40:21.074515+00:00,22,80968.0,80861.2,DOWN,1
2026-09-03T15:40:00+00:00,5,K16,DOWN,2026-09-03T15:40:21.074515+00:00,22,80968.0,80861.2,DOWN,1
2026-09-03T15:40:00+00:00,5,K8,DOWN,2026-09-03T15:40:21.074515+00:00,22,80968.0,80861.2,DOWN,1
2026-09-03T15:40:00+00:00,5,K5,DOWN,2026-09-03T15:40:21.074515+00:00,22,80968.0,80861.2,DOWN,1
2026-09-03T15:40:00+00:00,5,K12,DOWN,2026-09-03T15:40:21.074515+00:00,22,80968.0,80861.2,DOWN,1
2026-09-03T15:45:00+00:00,5,K11,DOWN,2026-09-03T15:46:46.754711+00:00,107,80861.2,80783.55,DOWN,1
2026-09-03T15:45:00+00:00,5,K9,UP,2026-09-03T15:45:21.055245+00:00,22,80861.2,80783.55,DOWN,0
2026-09-03T15:45:00+00:00,5,K4,UP,2026-09-03T15:45:21.055245+00:00,22,80861.2,80783.55,DOWN,0
2026-09-03T15:45:00+00:00,5,K16,DOWN,2026-09-03T15:45:21.055245+00:00,22,80861.2,80783.55,DOWN,1
2026-09-03T15:45:00+00:00,5,K8,DOWN,2026-09-03T15:45:21.055245+00:00,22,80861.2,80783.55,DOWN,1
2026-09-03T15:45:00+00:00,5,K5,DOWN,2026-09-03T15:45:21.055245+00:00,22,80861.2,80783.55,DOWN,1
2026-09-03T15:45:00+00:00,5,K12,DOWN,2026-09-03T15:45:21.055245+00:00,22,80861.2,80783.55,DOWN,1
2026-09-03T15:45:00+00:00,15,K2,DOWN,2026-09-03T15:45:21.055245+00:00,22,80861.2,81348.0,UP,0
2026-09-03T15:45:00+00:00,15,?,DOWN,2026-09-03T15:51:41.421882+00:00,402,80861.2,81348.0,UP,0
2026-09-03T15:45:00+00:00,15,K10,DOWN,2026-09-03T15:48:07.921937+00:00,188,80861.2,81348.0,UP,0
2026-09-03T15:45:00+00:00,15,K16,DOWN,2026-09-03T15:45:21.055245+00:00,22,80861.2,81348.0,UP,0
2026-09-03T15:45:00+00:00,15,K8,DOWN,2026-09-03T15:45:21.055245+00:00,22,80861.2,81348.0,UP,0
2026-09-03T15:45:00+00:00,15,K5,DOWN,2026-09-03T15:45:21.055245+00:00,22,80861.2,81348.0,UP,0
2026-09-03T15:45:00+00:00,15,K12,DOWN,2026-09-03T15:45:21.055245+00:00,22,80861.2,81348.0,UP,0
2026-09-03T15:50:00+00:00,5,K14,UP,2026-09-03T15:50:21.078912+00:00,22,80783.55,81270.64,UP,1
2026-09-03T15:50:00+00:00,5,?,DOWN,2026-09-03T15:51:41.421882+00:00,102,80783.55,81270.64,UP,0
2026-09-03T15:50:00+00:00,5,K10,UP,2026-09-03T15:51:02.900635+00:00,63,80783.55,81270.64,UP,1
2026-09-03T15:50:00+00:00,5,K11,UP,2026-09-03T15:51:45.569303+00:00,106,80783.55,81270.64,UP,1
2026-09-03T15:50:00+00:00,5,K16,UP,2026-09-03T15:50:21.078912+00:00,22,80783.55,81270.64,UP,1
2026-09-03T15:50:00+00:00,5,K8,DOWN,2026-09-03T15:50:21.078912+00:00,22,80783.55,81270.64,UP,0
2026-09-03T15:50:00+00:00,5,K5,DOWN,2026-09-03T15:50:21.078912+00:00,22,80783.55,81270.64,UP,0
2026-09-03T15:50:00+00:00,5,K12,DOWN,2026-09-03T15:50:21.078912+00:00,22,80783.55,81270.64,UP,0
2026-09-03T15:55:00+00:00,5,K1,DOWN,2026-09-03T15:55:21.074806+00:00,22,81270.63,81348.0,UP,0
2026-09-03T15:55:00+00:00,5,K10,DOWN,2026-09-03T15:56:02.309519+00:00,63,81270.63,81348.0,UP,0
2026-09-03T15:55:00+00:00,5,K9,DOWN,2026-09-03T15:55:21.074806+00:00,22,81270.63,81348.0,UP,0
2026-09-03T15:55:00+00:00,5,K4,DOWN,2026-09-03T15:55:21.074806+00:00,22,81270.63,81348.0,UP,0
2026-09-03T15:55:00+00:00,5,K16,DOWN,2026-09-03T15:55:21.074806+00:00,22,81270.63,81348.0,UP,0
2026-09-03T15:55:00+00:00,5,K8,DOWN,2026-09-03T15:55:21.074806+00:00,22,81270.63,81348.0,UP,0
2026-09-03T15:55:00+00:00,5,K5,DOWN,2026-09-03T15:55:21.074806+00:00,22,81270.63,81348.0,UP,0
2026-09-03T15:55:00+00:00,5,K12,DOWN,2026-09-03T15:55:21.074806+00:00,22,81270.63,81348.0,UP,0
2026-09-03T16:00:00+00:00,5,K2,DOWN,2026-09-03T16:00:21.064692+00:00,22,81348.0,80832.88,DOWN,1
2026-09-03T16:00:00+00:00,5,K10,DOWN,2026-09-03T16:01:03.294253+00:00,64,81348.0,80832.88,DOWN,1
2026-09-03T16:00:00+00:00,5,K11,DOWN,2026-09-03T16:01:46.399875+00:00,107,81348.0,80832.88,DOWN,1
2026-09-03T16:00:00+00:00,5,K8,DOWN,2026-09-03T16:00:21.064692+00:00,22,81348.0,80832.88,DOWN,1
2026-09-03T16:00:00+00:00,5,K5,DOWN,2026-09-03T16:00:21.064692+00:00,22,81348.0,80832.88,DOWN,1
2026-09-03T16:00:00+00:00,5,K12,DOWN,2026-09-03T16:00:21.064692+00:00,22,81348.0,80832.88,DOWN,1
2026-09-03T16:00:00+00:00,15,K2,DOWN,2026-09-03T16:00:21.064692+00:00,22,81348.0,80944.5,DOWN,1
2026-09-03T16:00:00+00:00,15,K1,DOWN,2026-09-03T16:00:21.064692+00:00,22,81348.0,80944.5,DOWN,1
2026-09-03T16:00:00+00:00,15,K10,DOWN,2026-09-03T16:03:07.407843+00:00,188,81348.0,80944.5,DOWN,1
2026-09-03T16:00:00+00:00,15,K11,DOWN,2026-09-03T16:05:01.007125+00:00,302,81348.0,80944.5,DOWN,1
2026-09-03T16:00:00+00:00,15,K9,DOWN,2026-09-03T16:00:21.064692+00:00,22,81348.0,80944.5,DOWN,1
2026-09-03T16:00:00+00:00,15,K4,DOWN,2026-09-03T16:00:21.064692+00:00,22,81348.0,80944.5,DOWN,1
2026-09-03T16:00:00+00:00,15,K8,DOWN,2026-09-03T16:00:21.064692+00:00,22,81348.0,80944.5,DOWN,1
2026-09-03T16:00:00+00:00,15,K5,DOWN,2026-09-03T16:00:21.064692+00:00,22,81348.0,80944.5,DOWN,1
2026-09-03T16:00:00+00:00,15,K12,DOWN,2026-09-03T16:00:21.064692+00:00,22,81348.0,80944.5,DOWN,1
2026-09-03T16:05:00+00:00,5,K10,UP,2026-09-03T16:06:03.275097+00:00,64,80832.88,80982.19,UP,1
2026-09-03T16:05:00+00:00,5,K9,UP,2026-09-03T16:05:01.007125+00:00,2,80832.88,80982.19,UP,1
2026-09-03T16:05:00+00:00,5,K4,UP,2026-09-03T16:05:01.007125+00:00,2,80832.88,80982.19,UP,1
2026-09-03T16:10:00+00:00,5,K10,UP,2026-09-03T16:11:02.851946+00:00,63,80982.19,80944.5,DOWN,0
2026-09-03T16:10:00+00:00,5,K9,DOWN,2026-09-03T16:10:21.052340+00:00,22,80982.19,80944.5,DOWN,1
2026-09-03T16:10:00+00:00,5,K4,DOWN,2026-09-03T16:10:21.052340+00:00,22,80982.19,80944.5,DOWN,1
2026-09-03T16:10:00+00:00,5,K16,UP,2026-09-03T16:10:21.052340+00:00,22,80982.19,80944.5,DOWN,0
2026-09-03T16:15:00+00:00,5,K10,DOWN,2026-09-03T16:16:03.654396+00:00,64,80944.5,80709.4,DOWN,1
2026-09-03T16:15:00+00:00,5,K11,DOWN,2026-09-03T16:16:47.043866+00:00,108,80944.5,80709.4,DOWN,1
2026-09-03T16:15:00+00:00,5,K16,UP,2026-09-03T16:15:21.057137+00:00,22,80944.5,80709.4,DOWN,0
2026-09-03T16:15:00+00:00,15,K10,DOWN,2026-09-03T16:18:08.033091+00:00,189,80944.5,80765.96,DOWN,1
2026-09-03T16:15:00+00:00,15,K11,DOWN,2026-09-03T16:20:01.006046+00:00,302,80944.5,80765.96,DOWN,1
2026-09-03T16:15:00+00:00,15,K9,UP,2026-09-03T16:15:21.057137+00:00,22,80944.5,80765.96,DOWN,0
2026-09-03T16:15:00+00:00,15,K4,UP,2026-09-03T16:15:21.057137+00:00,22,80944.5,80765.96,DOWN,0
2026-09-03T16:15:00+00:00,15,K16,UP,2026-09-03T16:15:21.057137+00:00,22,80944.5,80765.96,DOWN,0
2026-09-03T16:15:00+00:00,15,K5,DOWN,2026-09-03T16:15:21.057137+00:00,22,80944.5,80765.96,DOWN,1
2026-09-03T16:15:00+00:00,15,K12,DOWN,2026-09-03T16:15:21.057137+00:00,22,80944.5,80765.96,DOWN,1
2026-09-03T16:20:00+00:00,5,K10,UP,2026-09-03T16:21:02.929984+00:00,63,80709.4,80741.38,UP,1
2026-09-03T16:20:00+00:00,5,K11,UP,2026-09-03T16:21:44.660886+00:00,105,80709.4,80741.38,UP,1
2026-09-03T16:20:00+00:00,5,K9,UP,2026-09-03T16:20:21.423190+00:00,22,80709.4,80741.38,UP,1
2026-09-03T16:20:00+00:00,5,K4,UP,2026-09-03T16:20:21.423190+00:00,22,80709.4,80741.38,UP,1
2026-09-03T16:20:00+00:00,5,K16,UP,2026-09-03T16:20:21.423190+00:00,22,80709.4,80741.38,UP,1
2026-09-03T16:25:00+00:00,5,K10,DOWN,2026-09-03T16:26:01.267448+00:00,62,80741.38,80765.96,UP,0
2026-09-03T16:30:00+00:00,5,K16,UP,2026-09-03T16:30:21.052115+00:00,22,,,,
